HomeTeam,AwayTeam,Date,Year,Month,DayOfWeek,Div,Time,FTHG,FTAG,FTR,HTHG,HTAG,HTR,Attendance,Referee,HS,AS,HST,AST,HHW,AHW,HC,AC,HF,AF,HO,AO,HY,AY,HR,AR,1XBH,1XBD,1XBA,B365H,B365D,B365A,B365>2.5,B365<2.5,B365AHH,B365AHA,B365AH,BFH,BFD,BFA,BFEH,BFED,BFEA,BFDH,BFDD,BFDA,BMGMH,BMGMD,BMGMA,BVH,BVD,BVA,VCH,VCD,VCA,BSH,BSD,BSA,BWH,BWD,BWA,CLH,CLD,CLA,GBH,GBD,GBA,GB>2.5,GB<2.5,GBAHH,GBAHA,GBAH,IWH,IWD,IWA,LBH,LBD,LBA,LBAHH,LBAHA,LBAH,PSH,PSD,PSA,P>2.5,P<2.5,PAHH,PAHA,SOH,SOD,SOA,SBH,SBD,SBA,SJH,SJD,SJA,SYH,SYD,SYA,WHH,WHD,WHA,Bb1X2,BbMxH,BbAvH,BbMxD,BbAvD,BbMxA,BbAvA,BbOU,BbMx>2.5,BbAv>2.5,BbMx<2.5,BbAv<2.5,BbAH,BbAHh,BbMxAHH,BbAvAHH,BbMxAHA,BbAvAHA,MaxH,MaxD,MaxA,AvgH,AvgD,AvgA,Max>2.5,Max<2.5,Avg>2.5,Avg<2.5,MaxAHH,MaxAHA,AvgAHH,AvgAHA,AHh,HomeWin,Season,HomeTeam_mean_FTHG,AwayTeam_mean_FTAG,HomeRecentGF,HomeRecentGA,HomeRecentPts,AwayRecentGF,AwayRecentGA,AwayRecentPts,HomeTeam_Arsenal,HomeTeam_Aston Villa,HomeTeam_Birmingham,HomeTeam_Blackburn,HomeTeam_Blackpool,HomeTeam_Bolton,HomeTeam_Bournemouth,HomeTeam_Bradford,HomeTeam_Brentford,HomeTeam_Brighton,HomeTeam_Burnley,HomeTeam_Cardiff,HomeTeam_Charlton,HomeTeam_Chelsea,HomeTeam_Coventry,HomeTeam_Crystal Palace,HomeTeam_Derby,HomeTeam_Everton,HomeTeam_Fulham,HomeTeam_Huddersfield,HomeTeam_Hull,HomeTeam_Ipswich,HomeTeam_Leeds,HomeTeam_Leicester,HomeTeam_Liverpool,HomeTeam_Luton,HomeTeam_Man City,HomeTeam_Man United,HomeTeam_Middlesbrough,HomeTeam_Newcastle,HomeTeam_Norwich,HomeTeam_Nott'm Forest,HomeTeam_Portsmouth,HomeTeam_QPR,HomeTeam_Reading,HomeTeam_Sheffield United,HomeTeam_Southampton,HomeTeam_Stoke,HomeTeam_Sunderland,HomeTeam_Swansea,HomeTeam_Tottenham,HomeTeam_Watford,HomeTeam_West Brom,HomeTeam_West Ham,HomeTeam_Wigan,HomeTeam_Wolves,AwayTeam_Arsenal,AwayTeam_Aston Villa,AwayTeam_Birmingham,AwayTeam_Blackburn,AwayTeam_Blackpool,AwayTeam_Bolton,AwayTeam_Bournemouth,AwayTeam_Bradford,AwayTeam_Brentford,AwayTeam_Brighton,AwayTeam_Burnley,AwayTeam_Cardiff,AwayTeam_Charlton,AwayTeam_Chelsea,AwayTeam_Coventry,AwayTeam_Crystal Palace,AwayTeam_Derby,AwayTeam_Everton,AwayTeam_Fulham,AwayTeam_Huddersfield,AwayTeam_Hull,AwayTeam_Ipswich,AwayTeam_Leeds,AwayTeam_Leicester,AwayTeam_Liverpool,AwayTeam_Luton,AwayTeam_Man City,AwayTeam_Man United,AwayTeam_Middlesbrough,AwayTeam_Newcastle,AwayTeam_Norwich,AwayTeam_Nott'm Forest,AwayTeam_Portsmouth,AwayTeam_QPR,AwayTeam_Reading,AwayTeam_Sheffield United,AwayTeam_Southampton,AwayTeam_Stoke,AwayTeam_Sunderland,AwayTeam_Swansea,AwayTeam_Tottenham,AwayTeam_Watford,AwayTeam_West Brom,AwayTeam_West Ham,AwayTeam_Wigan,AwayTeam_Wolves,Kickoff,home_team,away_team,date,B365_gt_2_5,B365_lt_2_5,GB_gt_2_5,GB_lt_2_5,P_gt_2_5,P_lt_2_5,BbMx_gt_2_5,BbAv_gt_2_5,BbMx_lt_2_5,BbAv_lt_2_5,Max_gt_2_5,Max_lt_2_5,Avg_gt_2_5,Avg_lt_2_5,HomeTeam_Aston_Villa,HomeTeam_Crystal_Palace,HomeTeam_Man_City,HomeTeam_Man_United,HomeTeam_Nott_m_Forest,HomeTeam_Sheffield_United,HomeTeam_West_Brom,HomeTeam_West_Ham,AwayTeam_Aston_Villa,AwayTeam_Crystal_Palace,AwayTeam_Man_City,AwayTeam_Man_United,AwayTeam_Nott_m_Forest,AwayTeam_Sheffield_United,AwayTeam_West_Brom,AwayTeam_West_Ham
Arsenal,Leeds,2026-10-10 12:30:00,2026,10,5,,,,,,,,,,,,,,,,,,,,,,,,,,,1.4,4.75,8.0,1.38,5.09,8.38,1.88,2.01,2.25,1.98,0.0,1.4,4.75,8.0,1.4,4.75,8.0,1.4,4.75,8.0,1.4,4.75,8.0,1.4,4.75,8.0,,4.75,8.0,,4.75,8.0,1.4,4.75,8.0,1.4,4.75,8.0,1.4,4.75,8.0,1.88,2.01,2.25,1.98,0.0,1.4,4.75,8.0,1.4,5.0,7.0,2.25,1.98,0.0,1.38,5.09,8.38,1.88,2.01,,,1.4,4.75,8.0,1.4,4.75,8.0,1.4,4.75,8.0,1.4,4.75,8.0,1.4,4.6,7.5,,1.44,1.387377049180328,5.3,4.859375,9.4,7.861666666666666,,1.89,1.8169565217391301,2.05,1.9891304347826086,0.0,,2.25,2.09625,1.98,1.7887499999999998,1.44,5.3,9.4,1.387377049180328,4.859375,7.861666666666666,1.89,2.05,1.8169565217391301,1.9891304347826086,2.25,1.98,2.09625,1.7887499999999998,0.0,,,2.145228215767635,1.2986111111111112,2.4,1.0,12.0,1.2,1.0,7.0,,,,,,,,,,,,,,,,,,,,,,,,,,,,,,,,,,,,,,,,,,,,,,,,,,,,,,,,,,,,,,,,,,,,,,,,,,,,,,,,,,,,,,,,,,,,,2026-10-10 12:30:00,arsenal,leeds,2026-10-10,,,,,,,,,,,,,,,,,,,,,,,,,,,,,,
Aston Villa,Brentford,2026-10-10 15:00:00,2026,10,5,,,,,,,,,,,,,,,,,,,,,,,,,,,2.6,3.5,2.6,2.7,3.59,2.61,1.64,2.08,2.0,4.25,0.0,2.6,3.5,2.6,2.6,3.5,2.6,2.6,3.5,2.6,2.6,3.5,2.6,2.6,3.5,2.6,,3.5,2.6,,3.5,2.6,2.6,3.5,2.6,2.6,3.5,2.6,2.6,3.5,2.6,1.64,2.08,2.0,4.25,0.0,2.6,3.5,2.6,2.6,3.5,2.5,2.0,4.25,0.0,2.7,3.59,2.61,1.64,2.08,,,2.6,3.5,2.6,2.6,3.5,2.6,2.6,3.5,2.6,2.6,3.5,2.6,2.6,3.3,2.5,,2.76,2.6168852459016394,3.75,3.5276562500000006,2.7,2.5495454545454543,,1.75,1.6469999999999998,2.25,2.1595,0.0,,2.0,1.7637500000000002,4.25,2.35125,2.76,3.75,2.7,2.6168852459016394,3.5276562500000006,2.5495454545454543,1.75,2.25,1.6469999999999998,2.1595,2.0,4.25,1.7637500000000002,2.35125,0.0,,,1.3668224299065421,1.358695652173913,0.8,1.6,4.0,2.0,1.6,9.0,,,,,,,,,,,,,,,,,,,,,,,,,,,,,,,,,,,,,,,,,,,,,,,,,,,,,,,,,,,,,,,,,,,,,,,,,,,,,,,,,,,,,,,,,,,,,2026-10-10 15:00:00,aston villa,brentford,2026-10-10,,,,,,,,,,,,,,,,,,,,,,,,,,,,,,
Chelsea,Bournemouth,2026-10-10 15:00:00,2026,10,5,,,,,,,,,,,,,,,,,,,,,,,,,,,1.7,4.25,4.5,1.71,4.16,4.73,1.44,2.5,2.71,2.2,0.0,1.7,4.25,4.5,1.7,4.25,4.5,1.7,4.25,4.5,1.7,4.25,4.5,1.7,4.25,4.5,,4.25,4.5,,4.25,4.5,1.7,4.25,4.5,1.7,4.25,4.5,1.7,4.25,4.5,1.44,2.5,2.71,2.2,0.0,1.7,4.25,4.5,1.65,4.2,4.6,2.71,2.2,0.0,1.71,4.16,4.73,1.44,2.5,,,1.7,4.25,4.5,1.7,4.25,4.5,1.7,4.25,4.5,1.7,4.25,4.5,1.67,4.0,4.5,,1.76,1.6896721311475411,4.4,4.1959375,4.83,4.449242424242424,,1.51,1.45625,2.6,2.5225,0.0,,2.71,1.9525000000000001,2.2,1.9675,1.76,4.4,4.83,1.6896721311475411,4.1959375,4.449242424242424,1.51,2.6,1.45625,2.5225,2.71,2.2,1.9525000000000001,1.9675,0.0,,,2.041322314049587,1.2574850299401197,2.4,2.0,9.0,1.4,1.0,9.0,,,,,,,,,,,,,,,,,,,,,,,,,,,,,,,,,,,,,,,,,,,,,,,,,,,,,,,,,,,,,,,,,,,,,,,,,,,,,,,,,,,,,,,,,,,,,2026-10-10 15:00:00,chelsea,bournemouth,2026-10-10,,,,,,,,,,,,,,,,,,,,,,,,,,,,,,
Ipswich Town,Fulham,2026-10-10 15:00:00,2026,10,5,,,,,,,,,,,,,,,,,,,,,,,,,,,2.8,3.5,2.45,2.86,3.61,2.47,1.69,2.01,2.14,3.9,0.0,2.8,3.5,2.45,2.8,3.5,2.45,2.8,3.5,2.45,2.8,3.5,2.45,2.8,3.5,2.45,,3.5,2.45,,3.5,2.45,2.8,3.5,2.45,2.8,3.5,2.45,2.8,3.5,2.45,1.69,2.01,2.14,3.9,0.0,2.8,3.5,2.45,2.7,3.5,2.45,2.14,3.9,0.0,2.86,3.61,2.47,1.69,2.01,,,2.8,3.5,2.45,2.8,3.5,2.45,2.8,3.5,2.45,2.8,3.5,2.45,2.75,3.4,2.4,,2.96,2.7952459016393445,3.65,3.5123437499999994,2.56,2.4283333333333332,,1.83,1.7278260869565216,2.18,2.05695652173913,0.0,,2.14,1.8512499999999998,3.9,2.21875,2.96,3.65,2.56,2.7952459016393445,3.5123437499999994,2.4283333333333332,1.83,2.18,1.7278260869565216,2.05695652173913,2.14,3.9,1.8512499999999998,2.21875,0.0,,,,0.9430199430199431,,2.45,,1.0,1.6,7.0,,,,,,,,,,,,,,,,,,,,,,,,,,,,,,,,,,,,,,,,,,,,,,,,,,,,,,,,,,,,,,,,,,,,,,,,,,,,,,,,,,,,,,,,,,,,,2026-10-10 15:00:00,ipswich town,fulham,2026-10-10,,,,,,,,,,,,,,,,,,,,,,,,,,,,,,
Sunderland,Brighton,2026-10-10 15:00:00,2026,10,5,,,,,,,,,,,,,,,,,,,,,,,,,,,3.0,3.5,2.35,3.05,3.52,2.37,1.85,2.04,2.29,3.6,0.0,3.0,3.5,2.35,3.0,3.5,2.35,3.0,3.5,2.35,3.0,3.5,2.35,3.0,3.5,2.35,,3.5,2.35,,3.5,2.35,3.0,3.5,2.35,3.0,3.5,2.35,3.0,3.5,2.35,1.85,2.04,2.29,3.6,0.0,3.0,3.5,2.35,2.87,3.5,2.3,2.29,3.6,0.0,3.05,3.52,2.37,1.85,2.04,,,3.0,3.5,2.35,3.0,3.5,2.35,3.0,3.5,2.35,3.0,3.5,2.35,3.0,3.3,2.25,,3.16,3.00344262295082,3.65,3.49046875,2.42,2.2899999999999996,,1.88,1.8059999999999996,2.1,2.0084,0.0,,2.29,1.8275,3.6,2.20125,3.16,3.65,2.42,3.00344262295082,3.49046875,2.2899999999999996,1.88,2.1,1.8059999999999996,2.0084,2.29,3.6,1.8275,2.20125,0.0,,,1.103202846975089,1.2335329341317365,1.0,1.2,6.0,2.2,1.4,9.0,,,,,,,,,,,,,,,,,,,,,,,,,,,,,,,,,,,,,,,,,,,,,,,,,,,,,,,,,,,,,,,,,,,,,,,,,,,,,,,,,,,,,,,,,,,,,2026-10-10 15:00:00,sunderland,brighton,2026-10-10,,,,,,,,,,,,,,,,,,,,,,,,,,,,,,
Man United,Tottenham,2026-10-10 17:30:00,2026,10,5,,,,,,,,,,,,,,,,,,,,,,,,,,,1.73,4.2,4.35,1.74,4.31,4.39,1.5,2.5,2.86,2.17,0.0,1.73,4.2,4.35,1.73,4.2,4.35,1.73,4.2,4.35,1.73,4.2,4.35,1.73,4.2,4.35,,4.2,4.35,,4.2,4.35,1.73,4.2,4.35,1.73,4.2,4.35,1.73,4.2,4.35,1.5,2.5,2.86,2.17,0.0,1.73,4.2,4.35,1.7,4.2,4.33,2.86,2.17,0.0,1.74,4.31,4.39,1.5,2.5,,,1.73,4.2,4.35,1.73,4.2,4.35,1.73,4.2,4.35,1.73,4.2,4.35,1.7,4.0,4.33,,1.77,1.708032786885246,4.5,4.20359375,4.7,4.311515151515152,,1.51,1.50125,2.6,2.5225,0.0,,2.86,1.9837500000000001,2.17,1.94625,1.77,4.5,4.7,1.708032786885246,4.20359375,4.311515151515152,1.51,2.6,1.50125,2.5225,2.86,2.17,1.9837500000000001,1.94625,0.0,,,2.0351966873706004,1.402061855670103,2.4,1.2,12.0,0.6,1.8,5.0,,,,,,,,,,,,,,,,,,,,,,,,,,,,,,,,,,,,,,,,,,,,,,,,,,,,,,,,,,,,,,,,,,,,,,,,,,,,,,,,,,,,,,,,,,,,,2026-10-10 17:30:00,man united,tottenham,2026-10-10,,,,,,,,,,,,,,,,,,,,,,,,,,,,,,
Crystal Palace,Nott'm Forest,2026-10-11 14:00:00,2026,10,6,,,,,,,,,,,,,,,,,,,,,,,,,,,2.65,3.3,2.7,2.74,3.49,2.62,1.89,2.0,2.6,4.6,0.0,2.65,3.3,2.7,2.65,3.3,2.7,2.65,3.3,2.7,2.65,3.3,2.7,2.65,3.3,2.7,,3.3,2.7,,3.3,2.7,2.65,3.3,2.7,2.65,3.3,2.7,2.65,3.3,2.7,1.89,2.0,2.6,4.6,0.0,2.65,3.3,2.7,2.5,3.3,2.7,2.6,4.6,0.0,2.74,3.49,2.62,1.89,2.0,,,2.65,3.3,2.7,2.65,3.3,2.7,2.65,3.3,2.7,2.65,3.3,2.7,2.62,3.1,2.62,,2.8,2.6531147540983606,3.5,3.33109375,2.8,2.6506060606060604,,1.97,1.8923999999999999,2.02,1.9143999999999999,0.0,,2.6,2.0174999999999996,4.6,2.15,2.8,3.5,2.8,2.6531147540983606,3.33109375,2.6506060606060604,1.97,2.02,1.8923999999999999,1.9143999999999999,2.6,4.6,2.0174999999999996,2.15,0.0,,,1.193798449612403,1.1506849315068493,1.4,2.6,3.0,1.6,2.0,7.0,,,,,,,,,,,,,,,,,,,,,,,,,,,,,,,,,,,,,,,,,,,,,,,,,,,,,,,,,,,,,,,,,,,,,,,,,,,,,,,,,,,,,,,,,,,,,2026-10-11 14:00:00,crystal palace,nott'm forest,2026-10-11,,,,,,,,,,,,,,,,,,,,,,,,,,,,,,
Hull City,Everton,2026-10-11 14:00:00,2026,10,6,,,,,,,,,,,,,,,,,,,,,,,,,,,3.6,3.4,2.1,3.75,3.57,2.05,2.0,1.89,2.74,3.05,0.0,3.6,3.4,2.1,3.6,3.4,2.1,3.6,3.4,2.1,3.6,3.4,2.1,3.6,3.4,2.1,,3.4,2.1,,3.4,2.1,3.6,3.4,2.1,3.6,3.4,2.1,3.6,3.4,2.1,2.0,1.89,2.74,3.05,0.0,3.6,3.4,2.1,3.5,3.5,2.05,2.74,3.05,0.0,3.75,3.57,2.05,2.0,1.89,,,3.6,3.4,2.1,3.6,3.4,2.1,3.6,3.4,2.1,3.6,3.4,2.1,3.6,3.3,2.05,,3.85,3.6224590163934423,3.62,3.4123437500000002,2.14,2.0533333333333337,,2.07,1.9848000000000001,1.9,1.8263999999999998,0.0,,2.74,1.8699999999999999,3.05,2.11,3.85,3.62,2.14,3.6224590163934423,3.4123437500000002,2.0533333333333337,2.07,1.9,1.9848000000000001,1.8263999999999998,2.74,3.05,1.8699999999999999,2.11,0.0,,,,1.05175983436853,,2.1,,1.4,1.0,9.0,,,,,,,,,,,,,,,,,,,,,,,,,,,,,,,,,,,,,,,,,,,,,,,,,,,,,,,,,,,,,,,,,,,,,,,,,,,,,,,,,,,,,,,,,,,,,2026-10-11 14:00:00,hull city,everton,2026-10-11,,,,,,,,,,,,,,,,,,,,,,,,,,,,,,
Liverpool,Man City,2026-10-11 16:30:00,2026,10,6,,,,,,,,,,,,,,,,,,,,,,,,,,,2.6,3.75,2.5,2.7,3.74,2.53,1.6,2.25,2.08,3.8,0.0,2.6,3.75,2.5,2.6,3.75,2.5,2.6,3.75,2.5,2.6,3.75,2.5,2.6,3.75,2.5,,3.75,2.5,,3.75,2.5,2.6,3.75,2.5,2.6,3.75,2.5,2.6,3.75,2.5,1.6,2.25,2.08,3.8,0.0,2.6,3.75,2.5,2.62,3.6,2.45,2.08,3.8,0.0,2.7,3.74,2.53,1.6,2.25,,,2.6,3.75,2.5,2.6,3.75,2.5,2.6,3.75,2.5,2.6,3.75,2.5,2.62,3.6,2.45,,2.82,2.6362295081967213,3.85,3.70515625,2.57,2.4319696969696967,,1.63,1.5893750000000002,2.56,2.31625,0.0,,2.08,1.8087499999999999,3.8,2.24625,2.82,3.85,2.57,2.6362295081967213,3.70515625,2.4319696969696967,1.63,2.56,1.5893750000000002,2.31625,2.08,3.8,1.8087499999999999,2.24625,0.0,,,2.072463768115942,1.6365591397849462,2.4,1.4,8.0,2.0,0.8,13.0,,,,,,,,,,,,,,,,,,,,,,,,,,,,,,,,,,,,,,,,,,,,,,,,,,,,,,,,,,,,,,,,,,,,,,,,,,,,,,,,,,,,,,,,,,,,,2026-10-11 16:30:00,liverpool,man city,2026-10-11,,,,,,,,,,,,,,,,,,,,,,,,,,,,,,
Coventry City,Newcastle,2026-10-12 20:00:00,2026,10,0,,,,,,,,,,,,,,,,,,,,,,,,,,,3.3,3.6,2.1,3.51,3.65,2.1,1.6,2.15,2.52,3.05,0.0,3.3,3.6,2.1,3.3,3.6,2.1,3.3,3.6,2.1,3.3,3.6,2.1,3.3,3.6,2.1,,3.6,2.1,,3.6,2.1,3.3,3.6,2.1,3.3,3.6,2.1,3.3,3.6,2.1,1.6,2.15,2.52,3.05,0.0,3.3,3.6,2.1,3.2,3.6,2.1,2.52,3.05,0.0,3.51,3.65,2.1,1.6,2.15,,,3.3,3.6,2.1,3.3,3.6,2.1,3.3,3.6,2.1,3.3,3.6,2.1,3.3,3.5,2.1,,3.6,3.333,3.8,3.6053968253968254,2.2,2.0921538461538463,,1.72,1.6519047619047622,2.32,2.162857142857143,0.0,,2.52,1.88625,3.05,2.08625,3.6,3.8,2.2,3.333,3.6053968253968254,2.0921538461538463,1.72,2.32,1.6519047619047622,2.162857142857143,2.52,3.05,1.88625,2.08625,0.0,,,,1.1121076233183858,,2.1,,1.4,2.2,9.0,,,,,,,,,,,,,,,,,,,,,,,,,,,,,,,,,,,,,,,,,,,,,,,,,,,,,,,,,,,,,,,,,,,,,,,,,,,,,,,,,,,,,,,,,,,,,2026-10-12 20:00:00,coventry city,newcastle,2026-10-12,,,,,,,,,,,,,,,,,,,,,,,,,,,,,,
Everton,Chelsea,2026-10-17 12:30:00,2026,10,5,,,,,,,,,,,,,,,,,,,,,,,,,,,2.88,3.6,2.3,2.73,3.79,2.38,1.7,2.34,2.14,2.2,0.0,2.88,3.6,2.3,2.88,3.6,2.3,2.88,3.6,2.3,2.88,3.6,2.3,2.88,3.6,2.3,,3.6,2.3,,3.6,2.3,2.88,3.6,2.3,2.88,3.6,2.3,2.88,3.6,2.3,1.7,2.34,2.14,2.2,0.0,2.88,3.6,2.3,2.88,3.6,2.3,2.14,2.2,0.0,2.73,3.79,2.38,1.7,2.34,,,2.88,3.6,2.3,2.88,3.6,2.3,2.88,3.6,2.3,2.88,3.6,2.3,2.75,3.6,2.3,,2.95,2.8390196078431367,3.86,3.647592592592593,2.45,2.254107142857143,,1.7,1.646111111111111,2.34,2.2622222222222224,0.0,,2.14,1.9366666666666668,2.2,1.9400000000000002,2.95,3.86,2.45,2.8390196078431367,3.647592592592593,2.254107142857143,1.7,2.34,1.646111111111111,2.2622222222222224,2.14,2.2,1.9366666666666668,1.9400000000000002,0.0,,,1.5030800821355237,1.5855670103092783,1.4,0.6,10.0,1.8,2.0,9.0,,,,,,,,,,,,,,,,,,,,,,,,,,,,,,,,,,,,,,,,,,,,,,,,,,,,,,,,,,,,,,,,,,,,,,,,,,,,,,,,,,,,,,,,,,,,,2026-10-17 12:30:00,everton,chelsea,2026-10-17,,,,,,,,,,,,,,,,,,,,,,,,,,,,,,
Brentford,Liverpool,2026-10-17 15:00:00,2026,10,5,,,,,,,,,,,,,,,,,,,,,,,,,,,2.75,3.7,2.35,2.77,3.59,2.43,1.55,2.3,2.11,2.26,0.0,2.75,3.7,2.35,2.75,3.7,2.35,2.75,3.7,2.35,2.75,3.7,2.35,2.75,3.7,2.35,,3.7,2.35,,3.7,2.35,2.75,3.7,2.35,2.75,3.7,2.35,2.75,3.7,2.35,1.55,2.3,2.11,2.26,0.0,2.75,3.7,2.35,2.75,3.7,2.35,2.11,2.26,0.0,2.77,3.59,2.43,1.55,2.3,,,2.75,3.7,2.35,2.75,3.7,2.35,2.75,3.7,2.35,2.75,3.7,2.35,2.75,3.5,2.38,,2.88,2.7229411764705884,3.8,3.6601851851851857,2.5,2.30625,,1.55,1.55,2.49,2.34625,0.0,,2.11,1.9133333333333333,2.26,1.97,2.88,3.8,2.5,2.7229411764705884,3.6601851851851857,2.30625,1.55,2.49,1.55,2.34625,2.11,2.26,1.9133333333333333,1.97,0.0,,,1.684782608695652,1.6454918032786885,1.6,0.8,8.0,1.4,0.8,11.0,,,,,,,,,,,,,,,,,,,,,,,,,,,,,,,,,,,,,,,,,,,,,,,,,,,,,,,,,,,,,,,,,,,,,,,,,,,,,,,,,,,,,,,,,,,,,2026-10-17 15:00:00,brentford,liverpool,2026-10-17,,,,,,,,,,,,,,,,,,,,,,,,,,,,,,
Fulham,Hull City,2026-10-17 15:00:00,2026,10,5,,,,,,,,,,,,,,,,,,,,,,,,,,,1.67,4.0,4.75,1.67,4.0,4.85,1.81,2.15,2.89,2.12,0.0,1.67,4.0,4.75,1.67,4.0,4.75,1.67,4.0,4.75,1.67,4.0,4.75,1.67,4.0,4.75,,4.0,4.75,,4.0,4.75,1.67,4.0,4.75,1.67,4.0,4.75,1.67,4.0,4.75,1.81,2.15,2.89,2.12,0.0,1.67,4.0,4.75,1.67,4.0,4.75,2.89,2.12,0.0,1.67,4.0,4.85,1.81,2.15,,,1.67,4.0,4.75,1.67,4.0,4.75,1.67,4.0,4.75,1.67,4.0,4.75,1.67,3.9,4.8,,1.75,1.6668627450980393,4.11,3.9609259259259257,5.18,4.686071428571428,,1.81,1.7127777777777777,2.23,2.146111111111111,0.0,,2.89,2.1300000000000003,2.12,1.866666666666667,1.75,4.11,5.18,1.6668627450980393,3.9609259259259257,4.686071428571428,1.81,2.23,1.7127777777777777,2.146111111111111,2.89,2.12,2.1300000000000003,1.866666666666667,0.0,,,1.3672316384180792,,1.4,1.8,4.0,,4.75,,,,,,,,,,,,,,,,,,,,,,,,,,,,,,,,,,,,,,,,,,,,,,,,,,,,,,,,,,,,,,,,,,,,,,,,,,,,,,,,,,,,,,,,,,,,,,2026-10-17 15:00:00,fulham,hull city,2026-10-17,,,,,,,,,,,,,,,,,,,,,,,,,,,,,,
Man City,Ipswich Town,2026-10-17 15:00:00,2026,10,5,,,,,,,,,,,,,,,,,,,,,,,,,,,1.25,6.5,9.5,1.23,6.79,9.81,1.35,3.0,1.86,2.23,0.0,1.25,6.5,9.5,1.25,6.5,9.5,1.25,6.5,9.5,1.25,6.5,9.5,1.25,6.5,9.5,,6.5,9.5,,6.5,9.5,1.25,6.5,9.5,1.25,6.5,9.5,1.25,6.5,9.5,1.35,3.0,1.86,2.23,0.0,1.25,6.5,9.5,1.25,6.5,9.5,1.86,2.23,0.0,1.23,6.79,9.81,1.35,3.0,,,1.25,6.5,9.5,1.25,6.5,9.5,1.25,6.5,9.5,1.25,6.5,9.5,1.22,6.0,10.0,,1.29,1.2354901960784312,7.2,6.454074074074073,12.5,9.885892857142858,,1.38,1.3575,3.08,3.0162500000000003,0.0,,1.86,1.76,2.23,2.1,1.29,7.2,12.5,1.2354901960784312,6.454074074074073,9.885892857142858,1.38,3.08,1.3575,3.0162500000000003,1.86,2.23,1.76,2.1,0.0,,,2.1931330472103006,,2.4,1.4,13.0,,9.5,,,,,,,,,,,,,,,,,,,,,,,,,,,,,,,,,,,,,,,,,,,,,,,,,,,,,,,,,,,,,,,,,,,,,,,,,,,,,,,,,,,,,,,,,,,,,,2026-10-17 15:00:00,man city,ipswich town,2026-10-17,,,,,,,,,,,,,,,,,,,,,,,,,,,,,,
Newcastle,Aston Villa,2026-10-17 17:30:00,2026,10,5,,,,,,,,,,,,,,,,,,,,,,,,,,,2.05,3.7,3.3,2.09,3.81,3.22,1.65,2.45,1.99,2.49,0.0,2.05,3.7,3.3,2.05,3.7,3.3,2.05,3.7,3.3,2.05,3.7,3.3,2.05,3.7,3.3,,3.7,3.3,,3.7,3.3,2.05,3.7,3.3,2.05,3.7,3.3,2.05,3.7,3.3,1.65,2.45,1.99,2.49,0.0,2.05,3.7,3.3,2.05,3.7,3.3,1.99,2.49,0.0,2.09,3.81,3.22,1.65,2.45,,,2.05,3.7,3.3,2.05,3.7,3.3,2.05,3.7,3.3,2.05,3.7,3.3,2.1,3.6,3.2,,2.17,2.0574509803921566,3.95,3.717962962962963,3.35,3.169464285714285,,1.65,1.6027777777777779,2.45,2.351111111111111,0.0,,1.99,1.8233333333333333,2.49,2.0766666666666667,2.17,3.95,3.35,2.0574509803921566,3.717962962962963,3.169464285714285,1.65,2.45,1.6027777777777779,2.351111111111111,1.99,2.49,1.8233333333333333,2.0766666666666667,0.0,,,1.5714285714285714,1.1495327102803738,2.0,1.8,8.0,0.8,1.8,7.0,,,,,,,,,,,,,,,,,,,,,,,,,,,,,,,,,,,,,,,,,,,,,,,,,,,,,,,,,,,,,,,,,,,,,,,,,,,,,,,,,,,,,,,,,,,,,2026-10-17 17:30:00,newcastle,aston villa,2026-10-17,,,,,,,,,,,,,,,,,,,,,,,,,,,,,,
Bournemouth,Sunderland,2026-10-18 14:00:00,2026,10,6,,,,,,,,,,,,,,,,,,,,,,,,,,,2.0,3.5,3.5,2.01,3.58,3.64,1.82,2.02,2.02,2.79,0.0,2.0,3.5,3.5,2.0,3.5,3.5,2.0,3.5,3.5,2.0,3.5,3.5,2.0,3.5,3.5,,3.5,3.5,,3.5,3.5,2.0,3.5,3.5,2.0,3.5,3.5,2.0,3.5,3.5,1.82,2.02,2.02,2.79,0.0,2.0,3.5,3.5,2.0,3.5,3.5,2.02,2.79,0.0,2.01,3.58,3.64,1.82,2.02,,,2.0,3.5,3.5,2.0,3.5,3.5,2.0,3.5,3.5,2.0,3.5,3.5,1.95,3.5,3.6,,2.04,1.9880392156862743,3.75,3.536851851851852,3.85,3.463035714285714,,1.88,1.7989473684210526,2.07,1.9894736842105265,0.0,,2.02,1.8333333333333333,2.79,2.1300000000000003,2.04,3.75,3.85,1.9880392156862743,3.536851851851852,3.463035714285714,1.88,2.07,1.7989473684210526,1.9894736842105265,2.02,2.79,1.8333333333333333,2.1300000000000003,0.0,,,1.3609467455621302,0.8617021276595744,0.8,1.0,4.0,1.4,1.8,7.0,,,,,,,,,,,,,,,,,,,,,,,,,,,,,,,,,,,,,,,,,,,,,,,,,,,,,,,,,,,,,,,,,,,,,,,,,,,,,,,,,,,,,,,,,,,,,2026-10-18 14:00:00,bournemouth,sunderland,2026-10-18,,,,,,,,,,,,,,,,,,,,,,,,,,,,,,
Brighton,Crystal Palace,2026-10-18 14:00:00,2026,10,6,,,,,,,,,,,,,,,,,,,,,,,,,,,1.62,4.25,4.75,1.63,4.31,4.75,1.65,2.45,2.68,2.22,0.0,1.62,4.25,4.75,1.62,4.25,4.75,1.62,4.25,4.75,1.62,4.25,4.75,1.62,4.25,4.75,,4.25,4.75,,4.25,4.75,1.62,4.25,4.75,1.62,4.25,4.75,1.62,4.25,4.75,1.65,2.45,2.68,2.22,0.0,1.62,4.25,4.75,1.62,4.25,4.75,2.68,2.22,0.0,1.63,4.31,4.75,1.65,2.45,,,1.62,4.25,4.75,1.62,4.25,4.75,1.62,4.25,4.75,1.62,4.25,4.75,1.62,4.0,4.8,,1.67,1.6137254901960787,4.45,4.2085185185185185,5.2,4.6762500000000005,,1.65,1.5866666666666667,2.45,2.3855555555555554,0.0,,2.68,2.026666666666667,2.22,1.9466666666666665,1.67,4.45,5.2,1.6137254901960787,4.2085185185185185,4.6762500000000005,1.65,2.45,1.5866666666666667,2.3855555555555554,2.68,2.22,2.026666666666667,1.9466666666666665,0.0,,,1.3511904761904763,1.1450381679389312,2.0,0.6,10.0,1.4,1.4,9.0,,,,,,,,,,,,,,,,,,,,,,,,,,,,,,,,,,,,,,,,,,,,,,,,,,,,,,,,,,,,,,,,,,,,,,,,,,,,,,,,,,,,,,,,,,,,,2026-10-18 14:00:00,brighton,crystal palace,2026-10-18,,,,,,,,,,,,,,,,,,,,,,,,,,,,,,
Leeds,Man United,2026-10-18 14:00:00,2026,10,6,,,,,,,,,,,,,,,,,,,,,,,,,,,2.85,3.6,2.3,2.83,3.69,2.35,1.69,2.36,2.17,2.22,0.0,2.85,3.6,2.3,2.85,3.6,2.3,2.85,3.6,2.3,2.85,3.6,2.3,2.85,3.6,2.3,,3.6,2.3,,3.6,2.3,2.85,3.6,2.3,2.85,3.6,2.3,2.85,3.6,2.3,1.69,2.36,2.17,2.22,0.0,2.85,3.6,2.3,2.85,3.6,2.3,2.17,2.22,0.0,2.83,3.69,2.35,1.69,2.36,,,2.85,3.6,2.3,2.85,3.6,2.3,2.85,3.6,2.3,2.85,3.6,2.3,2.75,3.5,2.4,,2.94,2.823529411764706,3.8,3.625925925925926,2.44,2.2626785714285713,,1.69,1.642222222222222,2.37,2.2711111111111113,0.0,,2.17,1.8566666666666667,2.22,2.03,2.94,3.8,2.44,2.823529411764706,3.625925925925926,2.2626785714285713,1.69,2.37,1.642222222222222,2.2711111111111113,2.17,2.22,1.8566666666666667,2.03,0.0,,,1.4256756756756757,1.5896907216494844,1.0,0.8,5.0,1.0,1.4,7.0,,,,,,,,,,,,,,,,,,,,,,,,,,,,,,,,,,,,,,,,,,,,,,,,,,,,,,,,,,,,,,,,,,,,,,,,,,,,,,,,,,,,,,,,,,,,,2026-10-18 14:00:00,leeds,man united,2026-10-18,,,,,,,,,,,,,,,,,,,,,,,,,,,,,,
Nott'm Forest,Arsenal,2026-10-18 16:30:00,2026,10,6,,,,,,,,,,,,,,,,,,,,,,,,,,,5.5,4.0,1.6,6.0,3.74,1.61,1.93,1.91,2.25,2.77,0.0,5.5,4.0,1.6,5.5,4.0,1.6,5.5,4.0,1.6,5.5,4.0,1.6,5.5,4.0,1.6,,4.0,1.6,,4.0,1.6,5.5,4.0,1.6,5.5,4.0,1.6,5.5,4.0,1.6,1.93,1.91,2.25,2.77,0.0,5.5,4.0,1.6,5.5,4.0,1.6,2.25,2.77,0.0,6.0,3.74,1.61,1.93,1.91,,,5.5,4.0,1.6,5.5,4.0,1.6,5.5,4.0,1.6,5.5,4.0,1.6,5.5,3.7,1.62,,6.2,5.36607843137255,4.1,3.9098148148148146,1.66,1.5546428571428572,,1.97,1.8705263157894736,1.97,1.9110526315789476,0.0,,2.25,1.8566666666666667,2.77,2.14,6.2,4.1,1.66,5.36607843137255,3.9098148148148146,1.5546428571428572,1.97,1.97,1.8705263157894736,1.9110526315789476,2.25,2.77,1.8566666666666667,2.14,0.0,,,1.2602739726027397,1.651639344262295,0.0,0.6,2.0,1.6,0.8,13.0,,,,,,,,,,,,,,,,,,,,,,,,,,,,,,,,,,,,,,,,,,,,,,,,,,,,,,,,,,,,,,,,,,,,,,,,,,,,,,,,,,,,,,,,,,,,,2026-10-18 16:30:00,nott'm forest,arsenal,2026-10-18,,,,,,,,,,,,,,,,,,,,,,,,,,,,,,
Tottenham,Coventry City,2026-10-19 20:00:00,2026,10,0,,,,,,,,,,,,,,,,,,,,,,,,,,,1.48,4.6,5.75,1.51,4.54,5.82,1.64,2.46,2.39,2.05,0.0,1.48,4.6,5.75,1.48,4.6,5.75,1.48,4.6,5.75,1.48,4.6,5.75,1.48,4.6,5.75,,4.6,5.75,,4.6,5.75,1.48,4.6,5.75,1.48,4.6,5.75,1.48,4.6,5.75,1.64,2.46,2.39,2.05,0.0,1.48,4.6,5.75,1.48,4.6,5.75,2.39,2.05,0.0,1.51,4.54,5.82,1.64,2.46,,,1.48,4.6,5.75,1.48,4.6,5.75,1.48,4.6,5.75,1.48,4.6,5.75,1.5,4.33,6.0,,1.54,1.4842857142857147,4.8,4.51673076923077,6.5,5.7807407407407405,,1.64,1.59125,2.46,2.3856249999999997,0.0,,2.39,2.1300000000000003,2.05,1.7766666666666666,1.54,4.8,6.5,1.4842857142857147,4.51673076923077,5.7807407407407405,1.64,2.46,1.59125,2.3856249999999997,2.39,2.05,2.1300000000000003,1.7766666666666666,0.0,,,1.8008213552361396,,0.8,2.4,1.0,,5.75,,,,,,,,,,,,,,,,,,,,,,,,,,,,,,,,,,,,,,,,,,,,,,,,,,,,,,,,,,,,,,,,,,,,,,,,,,,,,,,,,,,,,,,,,,,,,,2026-10-19 20:00:00,tottenham,coventry city,2026-10-19,,,,,,,,,,,,,,,,,,,,,,,,,,,,,,
Ipswich Town,Nott'm Forest,2026-10-23 20:00:00,2026,10,4,,,,,,,,,,,,,,,,,,,,,,,,,,,,,,,,,,,,,0.0,,,,,,,,,,,,,,,,,,,,,,,,,,,,,,,,,,,0.0,,,,,,,,,0.0,,,,,,,,,,,,,,,,,,,,,,,,,,,,2.0,2.0,,,,,,0.0,,,,,,,,2.0,,,2.0,,,,,,,,,0.0,,,,1.1506849315068493,,,,1.6,2.0,7.0,,,,,,,,,,,,,,,,,,,,,,,,,,,,,,,,,,,,,,,,,,,,,,,,,,,,,,,,,,,,,,,,,,,,,,,,,,,,,,,,,,,,,,,,,,,,,2026-10-23 20:00:00,ipswich town,nott'm forest,2026-10-23,,,,,,,,,,,,,,,,,,,,,,,,,,,,,,
Aston Villa,Man City,2026-10-24 12:30:00,2026,10,5,,,,,,,,,,,,,,,,,,,,,,,,,,,,,,,,,,,,,0.0,,,,,,,,,,,,,,,,,,,,,,,,,,,,,,,,,,,0.0,,,,,,,,,0.0,,,,,,,,,,,,,,,,,,,,,,,,,,,,1.6,1.2000000000000002,,,,,,0.0,,,,,,,,1.6,,,1.2000000000000002,,,,,,,,,0.0,,,1.3668224299065421,1.6365591397849462,0.8,1.6,4.0,2.0,0.8,13.0,,,,,,,,,,,,,,,,,,,,,,,,,,,,,,,,,,,,,,,,,,,,,,,,,,,,,,,,,,,,,,,,,,,,,,,,,,,,,,,,,,,,,,,,,,,,,2026-10-24 12:30:00,aston villa,man city,2026-10-24,,,,,,,,,,,,,,,,,,,,,,,,,,,,,,
Arsenal,Everton,2026-10-24 15:00:00,2026,10,5,,,,,,,,,,,,,,,,,,,,,,,,,,,,,,,,,,,,,0.0,,,,,,,,,,,,,,,,,,,,,,,,,,,,,,,,,,,0.0,,,,,,,,,0.0,,,,,,,,,,,,,,,,,,,,,,,,,,,,1.0,1.0,,,,,,0.0,,,,,,,,1.0,,,1.0,,,,,,,,,0.0,,,2.145228215767635,1.05175983436853,2.4,1.0,12.0,1.4,1.0,9.0,,,,,,,,,,,,,,,,,,,,,,,,,,,,,,,,,,,,,,,,,,,,,,,,,,,,,,,,,,,,,,,,,,,,,,,,,,,,,,,,,,,,,,,,,,,,,2026-10-24 15:00:00,arsenal,everton,2026-10-24,,,,,,,,,,,,,,,,,,,,,,,,,,,,,,
Coventry City,Fulham,2026-10-24 15:00:00,2026,10,5,,,,,,,,,,,,,,,,,,,,,,,,,,,,,,,,,,,,,0.0,,,,,,,,,,,,,,,,,,,,,,,,,,,,,,,,,,,0.0,,,,,,,,,0.0,,,,,,,,,,,,,,,,,,,,,,,,,,,,1.6,1.6,,,,,,0.0,,,,,,,,1.6,,,1.6,,,,,,,,,0.0,,,,0.9430199430199431,,,,1.0,1.6,7.0,,,,,,,,,,,,,,,,,,,,,,,,,,,,,,,,,,,,,,,,,,,,,,,,,,,,,,,,,,,,,,,,,,,,,,,,,,,,,,,,,,,,,,,,,,,,,2026-10-24 15:00:00,coventry city,fulham,2026-10-24,,,,,,,,,,,,,,,,,,,,,,,,,,,,,,
Chelsea,Tottenham,2026-10-24 17:30:00,2026,10,5,,,,,,,,,,,,,,,,,,,,,,,,,,,,,,,,,,,,,0.0,,,,,,,,,,,,,,,,,,,,,,,,,,,,,,,,,,,0.0,,,,,,,,,0.0,,,,,,,,,,,,,,,,,,,,,,,,,,,,2.0,1.9,,,,,,0.0,,,,,,,,2.0,,,1.9,,,,,,,,,0.0,,,2.041322314049587,1.402061855670103,2.4,2.0,9.0,0.6,1.8,5.0,,,,,,,,,,,,,,,,,,,,,,,,,,,,,,,,,,,,,,,,,,,,,,,,,,,,,,,,,,,,,,,,,,,,,,,,,,,,,,,,,,,,,,,,,,,,,2026-10-24 17:30:00,chelsea,tottenham,2026-10-24,,,,,,,,,,,,,,,,,,,,,,,,,,,,,,
Crystal Palace,Newcastle,2026-10-25 14:00:00,2026,10,6,,,,,,,,,,,,,,,,,,,,,,,,,,,,,,,,,,,,,0.0,,,,,,,,,,,,,,,,,,,,,,,,,,,,,,,,,,,0.0,,,,,,,,,0.0,,,,,,,,,,,,,,,,,,,,,,,,,,,,2.6,2.4000000000000004,,,,,,0.0,,,,,,,,2.6,,,2.4000000000000004,,,,,,,,,0.0,,,1.193798449612403,1.1121076233183858,1.4,2.6,3.0,1.4,2.2,9.0,,,,,,,,,,,,,,,,,,,,,,,,,,,,,,,,,,,,,,,,,,,,,,,,,,,,,,,,,,,,,,,,,,,,,,,,,,,,,,,,,,,,,,,,,,,,,2026-10-25 14:00:00,crystal palace,newcastle,2026-10-25,,,,,,,,,,,,,,,,,,,,,,,,,,,,,,
Hull City,Brentford,2026-10-25 14:00:00,2026,10,6,,,,,,,,,,,,,,,,,,,,,,,,,,,,,,,,,,,,,0.0,,,,,,,,,,,,,,,,,,,,,,,,,,,,,,,,,,,0.0,,,,,,,,,0.0,,,,,,,,,,,,,,,,,,,,,,,,,,,,1.6,1.6,,,,,,0.0,,,,,,,,1.6,,,1.6,,,,,,,,,0.0,,,,1.358695652173913,,,,2.0,1.6,9.0,,,,,,,,,,,,,,,,,,,,,,,,,,,,,,,,,,,,,,,,,,,,,,,,,,,,,,,,,,,,,,,,,,,,,,,,,,,,,,,,,,,,,,,,,,,,,2026-10-25 14:00:00,hull city,brentford,2026-10-25,,,,,,,,,,,,,,,,,,,,,,,,,,,,,,
Liverpool,Brighton,2026-10-25 14:00:00,2026,10,6,,,,,,,,,,,,,,,,,,,,,,,,,,,,,,,,,,,,,0.0,,,,,,,,,,,,,,,,,,,,,,,,,,,,,,,,,,,0.0,,,,,,,,,0.0,,,,,,,,,,,,,,,,,,,,,,,,,,,,1.4,1.4,,,,,,0.0,,,,,,,,1.4,,,1.4,,,,,,,,,0.0,,,2.072463768115942,1.2335329341317365,2.4,1.4,8.0,2.2,1.4,9.0,,,,,,,,,,,,,,,,,,,,,,,,,,,,,,,,,,,,,,,,,,,,,,,,,,,,,,,,,,,,,,,,,,,,,,,,,,,,,,,,,,,,,,,,,,,,,2026-10-25 14:00:00,liverpool,brighton,2026-10-25,,,,,,,,,,,,,,,,,,,,,,,,,,,,,,
Man United,Bournemouth,2026-10-25 14:00:00,2026,10,6,,,,,,,,,,,,,,,,,,,,,,,,,,,,,,,,,,,,,0.0,,,,,,,,,,,,,,,,,,,,,,,,,,,,,,,,,,,0.0,,,,,,,,,0.0,,,,,,,,,,,,,,,,,,,,,,,,,,,,1.2,1.1,,,,,,0.0,,,,,,,,1.2,,,1.1,,,,,,,,,0.0,,,2.0351966873706004,1.2574850299401197,2.4,1.2,12.0,1.4,1.0,9.0,,,,,,,,,,,,,,,,,,,,,,,,,,,,,,,,,,,,,,,,,,,,,,,,,,,,,,,,,,,,,,,,,,,,,,,,,,,,,,,,,,,,,,,,,,,,,2026-10-25 14:00:00,man united,bournemouth,2026-10-25,,,,,,,,,,,,,,,,,,,,,,,,,,,,,,
Sunderland,Leeds,2026-10-25 16:30:00,2026,10,6,,,,,,,,,,,,,,,,,,,,,,,,,,,,,,,,,,,,,0.0,,,,,,,,,,,,,,,,,,,,,,,,,,,,,,,,,,,0.0,,,,,,,,,0.0,,,,,,,,,,,,,,,,,,,,,,,,,,,,1.2,1.1,,,,,,0.0,,,,,,,,1.2,,,1.1,,,,,,,,,0.0,,,1.103202846975089,1.2986111111111112,1.0,1.2,6.0,1.2,1.0,7.0,,,,,,,,,,,,,,,,,,,,,,,,,,,,,,,,,,,,,,,,,,,,,,,,,,,,,,,,,,,,,,,,,,,,,,,,,,,,,,,,,,,,,,,,,,,,,2026-10-25 16:30:00,sunderland,leeds,2026-10-25,,,,,,,,,,,,,,,,,,,,,,,,,,,,,,
Chelsea,Man United,2026-10-31 12:30:00,2026,10,5,,,,,,,,,,,,,,,,,,,,,,,,,,,,,,,,,,,,,0.0,,,,,,,,,,,,,,,,,,,,,,,,,,,,,,,,,,,0.0,,,,,,,,,0.0,,,,,,,,,,,,,,,,,,,,,,,,,,,,2.0,1.7,,,,,,0.0,,,,,,,,2.0,,,1.7,,,,,,,,,0.0,,,2.041322314049587,1.5896907216494844,2.4,2.0,9.0,1.0,1.4,7.0,,,,,,,,,,,,,,,,,,,,,,,,,,,,,,,,,,,,,,,,,,,,,,,,,,,,,,,,,,,,,,,,,,,,,,,,,,,,,,,,,,,,,,,,,,,,,2026-10-31 12:30:00,chelsea,man united,2026-10-31,,,,,,,,,,,,,,,,,,,,,,,,,,,,,,
Bournemouth,Leeds,2026-10-31 15:00:00,2026,10,5,,,,,,,,,,,,,,,,,,,,,,,,,,,,,,,,,,,,,0.0,,,,,,,,,,,,,,,,,,,,,,,,,,,,,,,,,,,0.0,,,,,,,,,0.0,,,,,,,,,,,,,,,,,,,,,,,,,,,,1.0,1.0,,,,,,0.0,,,,,,,,1.0,,,1.0,,,,,,,,,0.0,,,1.3609467455621302,1.2986111111111112,0.8,1.0,4.0,1.2,1.0,7.0,,,,,,,,,,,,,,,,,,,,,,,,,,,,,,,,,,,,,,,,,,,,,,,,,,,,,,,,,,,,,,,,,,,,,,,,,,,,,,,,,,,,,,,,,,,,,2026-10-31 15:00:00,bournemouth,leeds,2026-10-31,,,,,,,,,,,,,,,,,,,,,,,,,,,,,,
Brentford,Nott'm Forest,2026-10-31 15:00:00,2026,10,5,,,,,,,,,,,,,,,,,,,,,,,,,,,,,,,,,,,,,0.0,,,,,,,,,,,,,,,,,,,,,,,,,,,,,,,,,,,0.0,,,,,,,,,0.0,,,,,,,,,,,,,,,,,,,,,,,,,,,,2.0,1.4,,,,,,0.0,,,,,,,,2.0,,,1.4,,,,,,,,,0.0,,,1.684782608695652,1.1506849315068493,1.6,0.8,8.0,1.6,2.0,7.0,,,,,,,,,,,,,,,,,,,,,,,,,,,,,,,,,,,,,,,,,,,,,,,,,,,,,,,,,,,,,,,,,,,,,,,,,,,,,,,,,,,,,,,,,,,,,2026-10-31 15:00:00,brentford,nott'm forest,2026-10-31,,,,,,,,,,,,,,,,,,,,,,,,,,,,,,
Coventry City,Sunderland,2026-10-31 15:00:00,2026,10,5,,,,,,,,,,,,,,,,,,,,,,,,,,,,,,,,,,,,,0.0,,,,,,,,,,,,,,,,,,,,,,,,,,,,,,,,,,,0.0,,,,,,,,,0.0,,,,,,,,,,,,,,,,,,,,,,,,,,,,1.8,1.8,,,,,,0.0,,,,,,,,1.8,,,1.8,,,,,,,,,0.0,,,,0.8617021276595744,,,,1.4,1.8,7.0,,,,,,,,,,,,,,,,,,,,,,,,,,,,,,,,,,,,,,,,,,,,,,,,,,,,,,,,,,,,,,,,,,,,,,,,,,,,,,,,,,,,,,,,,,,,,2026-10-31 15:00:00,coventry city,sunderland,2026-10-31,,,,,,,,,,,,,,,,,,,,,,,,,,,,,,
Hull City,Ipswich Town,2026-10-31 15:00:00,2026,10,5,,,,,,,,,,,,,,,,,,,,,,,,,,,,,,,,,,,,,0.0,,,,,,,,,,,,,,,,,,,,,,,,,,,,,,,,,,,0.0,,,,,,,,,0.0,,,,,,,,,,,,,,,,,,,,,,,,,,,,,,,,,,,0.0,,,,,,,,,,,,,,,,,,,,0.0,,,,,,,,,,,,,,,,,,,,,,,,,,,,,,,,,,,,,,,,,,,,,,,,,,,,,,,,,,,,,,,,,,,,,,,,,,,,,,,,,,,,,,,,,,,,,,,,,,,,,,,2026-10-31 15:00:00,hull city,ipswich town,2026-10-31,,,,,,,,,,,,,,,,,,,,,,,,,,,,,,
Man City,Brighton,2026-10-31 15:00:00,2026,10,5,,,,,,,,,,,,,,,,,,,,,,,,,,,,,,,,,,,,,0.0,,,,,,,,,,,,,,,,,,,,,,,,,,,,,,,,,,,0.0,,,,,,,,,0.0,,,,,,,,,,,,,,,,,,,,,,,,,,,,1.4,1.4,,,,,,0.0,,,,,,,,1.4,,,1.4,,,,,,,,,0.0,,,2.1931330472103006,1.2335329341317365,2.4,1.4,13.0,2.2,1.4,9.0,,,,,,,,,,,,,,,,,,,,,,,,,,,,,,,,,,,,,,,,,,,,,,,,,,,,,,,,,,,,,,,,,,,,,,,,,,,,,,,,,,,,,,,,,,,,,2026-10-31 15:00:00,man city,brighton,2026-10-31,,,,,,,,,,,,,,,,,,,,,,,,,,,,,,
Tottenham,Crystal Palace,2026-10-31 17:30:00,2026,10,5,,,,,,,,,,,,,,,,,,,,,,,,,,,,,,,,,,,,,0.0,,,,,,,,,,,,,,,,,,,,,,,,,,,,,,,,,,,0.0,,,,,,,,,0.0,,,,,,,,,,,,,,,,,,,,,,,,,,,,2.4,1.9,,,,,,0.0,,,,,,,,2.4,,,1.9,,,,,,,,,0.0,,,1.8008213552361396,1.1450381679389312,0.8,2.4,1.0,1.4,1.4,9.0,,,,,,,,,,,,,,,,,,,,,,,,,,,,,,,,,,,,,,,,,,,,,,,,,,,,,,,,,,,,,,,,,,,,,,,,,,,,,,,,,,,,,,,,,,,,,2026-10-31 17:30:00,tottenham,crystal palace,2026-10-31,,,,,,,,,,,,,,,,,,,,,,,,,,,,,,
Aston Villa,Fulham,2026-10-31 20:00:00,2026,10,5,,,,,,,,,,,,,,,,,,,,,,,,,,,,,,,,,,,,,0.0,,,,,,,,,,,,,,,,,,,,,,,,,,,,,,,,,,,0.0,,,,,,,,,0.0,,,,,,,,,,,,,,,,,,,,,,,,,,,,1.6,1.6,,,,,,0.0,,,,,,,,1.6,,,1.6,,,,,,,,,0.0,,,1.3668224299065421,0.9430199430199431,0.8,1.6,4.0,1.0,1.6,7.0,,,,,,,,,,,,,,,,,,,,,,,,,,,,,,,,,,,,,,,,,,,,,,,,,,,,,,,,,,,,,,,,,,,,,,,,,,,,,,,,,,,,,,,,,,,,,2026-10-31 20:00:00,aston villa,fulham,2026-10-31,,,,,,,,,,,,,,,,,,,,,,,,,,,,,,
Liverpool,Arsenal,2026-11-01 16:30:00,2026,11,6,,,,,,,,,,,,,,,,,,,,,,,,,,,,,,,,,,,,,0.0,,,,,,,,,,,,,,,,,,,,,,,,,,,,,,,,,,,0.0,,,,,,,,,0.0,,,,,,,,,,,,,,,,,,,,,,,,,,,,1.4,1.1,,,,,,0.0,,,,,,,,1.4,,,1.1,,,,,,,,,0.0,,,2.072463768115942,1.651639344262295,2.4,1.4,8.0,1.6,0.8,13.0,,,,,,,,,,,,,,,,,,,,,,,,,,,,,,,,,,,,,,,,,,,,,,,,,,,,,,,,,,,,,,,,,,,,,,,,,,,,,,,,,,,,,,,,,,,,,2026-11-01 16:30:00,liverpool,arsenal,2026-11-01,,,,,,,,,,,,,,,,,,,,,,,,,,,,,,
Newcastle,Everton,2026-11-02 20:00:00,2026,11,0,,,,,,,,,,,,,,,,,,,,,,,,,,,,,,,,,,,,,0.0,,,,,,,,,,,,,,,,,,,,,,,,,,,,,,,,,,,0.0,,,,,,,,,0.0,,,,,,,,,,,,,,,,,,,,,,,,,,,,1.8,1.4,,,,,,0.0,,,,,,,,1.8,,,1.4,,,,,,,,,0.0,,,1.5714285714285714,1.05175983436853,2.0,1.8,8.0,1.4,1.0,9.0,,,,,,,,,,,,,,,,,,,,,,,,,,,,,,,,,,,,,,,,,,,,,,,,,,,,,,,,,,,,,,,,,,,,,,,,,,,,,,,,,,,,,,,,,,,,,2026-11-02 20:00:00,newcastle,everton,2026-11-02,,,,,,,,,,,,,,,,,,,,,,,,,,,,,,
Everton,Coventry City,2026-11-06 20:00:00,2026,11,4,,,,,,,,,,,,,,,,,,,,,,,,,,,,,,,,,,,,,0.0,,,,,,,,,,,,,,,,,,,,,,,,,,,,,,,,,,,0.0,,,,,,,,,0.0,,,,,,,,,,,,,,,,,,,,,,,,,,,,0.6,0.6,,,,,,0.0,,,,,,,,0.6,,,0.6,,,,,,,,,0.0,,,1.5030800821355237,,1.4,0.6,10.0,,,,,,,,,,,,,,,,,,,,,,,,,,,,,,,,,,,,,,,,,,,,,,,,,,,,,,,,,,,,,,,,,,,,,,,,,,,,,,,,,,,,,,,,,,,,,,,,2026-11-06 20:00:00,everton,coventry city,2026-11-06,,,,,,,,,,,,,,,,,,,,,,,,,,,,,,
Leeds,Tottenham,2026-11-07 12:30:00,2026,11,5,,,,,,,,,,,,,,,,,,,,,,,,,,,,,,,,,,,,,0.0,,,,,,,,,,,,,,,,,,,,,,,,,,,,,,,,,,,0.0,,,,,,,,,0.0,,,,,,,,,,,,,,,,,,,,,,,,,,,,1.8,1.3,,,,,,0.0,,,,,,,,1.8,,,1.3,,,,,,,,,0.0,,,1.4256756756756757,1.402061855670103,1.0,0.8,5.0,0.6,1.8,5.0,,,,,,,,,,,,,,,,,,,,,,,,,,,,,,,,,,,,,,,,,,,,,,,,,,,,,,,,,,,,,,,,,,,,,,,,,,,,,,,,,,,,,,,,,,,,,2026-11-07 12:30:00,leeds,tottenham,2026-11-07,,,,,,,,,,,,,,,,,,,,,,,,,,,,,,
Arsenal,Hull City,2026-11-07 15:00:00,2026,11,5,,,,,,,,,,,,,,,,,,,,,,,,,,,,,,,,,,,,,0.0,,,,,,,,,,,,,,,,,,,,,,,,,,,,,,,,,,,0.0,,,,,,,,,0.0,,,,,,,,,,,,,,,,,,,,,,,,,,,,1.0,1.0,,,,,,0.0,,,,,,,,1.0,,,1.0,,,,,,,,,0.0,,,2.145228215767635,,2.4,1.0,12.0,,,,,,,,,,,,,,,,,,,,,,,,,,,,,,,,,,,,,,,,,,,,,,,,,,,,,,,,,,,,,,,,,,,,,,,,,,,,,,,,,,,,,,,,,,,,,,,,2026-11-07 15:00:00,arsenal,hull city,2026-11-07,,,,,,,,,,,,,,,,,,,,,,,,,,,,,,
Fulham,Newcastle,2026-11-07 15:00:00,2026,11,5,,,,,,,,,,,,,,,,,,,,,,,,,,,,,,,,,,,,,0.0,,,,,,,,,,,,,,,,,,,,,,,,,,,,,,,,,,,0.0,,,,,,,,,0.0,,,,,,,,,,,,,,,,,,,,,,,,,,,,2.2,2.0,,,,,,0.0,,,,,,,,2.2,,,2.0,,,,,,,,,0.0,,,1.3672316384180792,1.1121076233183858,1.4,1.8,4.0,1.4,2.2,9.0,,,,,,,,,,,,,,,,,,,,,,,,,,,,,,,,,,,,,,,,,,,,,,,,,,,,,,,,,,,,,,,,,,,,,,,,,,,,,,,,,,,,,,,,,,,,,2026-11-07 15:00:00,fulham,newcastle,2026-11-07,,,,,,,,,,,,,,,,,,,,,,,,,,,,,,
Nott'm Forest,Man City,2026-11-07 17:30:00,2026,11,5,,,,,,,,,,,,,,,,,,,,,,,,,,,,,,,,,,,,,0.0,,,,,,,,,,,,,,,,,,,,,,,,,,,,,,,,,,,0.0,,,,,,,,,0.0,,,,,,,,,,,,,,,,,,,,,,,,,,,,0.8,0.7,,,,,,0.0,,,,,,,,0.8,,,0.7,,,,,,,,,0.0,,,1.2602739726027397,1.6365591397849462,0.0,0.6,2.0,2.0,0.8,13.0,,,,,,,,,,,,,,,,,,,,,,,,,,,,,,,,,,,,,,,,,,,,,,,,,,,,,,,,,,,,,,,,,,,,,,,,,,,,,,,,,,,,,,,,,,,,,2026-11-07 17:30:00,nott'm forest,man city,2026-11-07,,,,,,,,,,,,,,,,,,,,,,,,,,,,,,
Brighton,Brentford,2026-11-08 14:00:00,2026,11,6,,,,,,,,,,,,,,,,,,,,,,,,,,,,,,,,,,,,,0.0,,,,,,,,,,,,,,,,,,,,,,,,,,,,,,,,,,,0.0,,,,,,,,,0.0,,,,,,,,,,,,,,,,,,,,,,,,,,,,1.6,1.1,,,,,,0.0,,,,,,,,1.6,,,1.1,,,,,,,,,0.0,,,1.3511904761904763,1.358695652173913,2.0,0.6,10.0,2.0,1.6,9.0,,,,,,,,,,,,,,,,,,,,,,,,,,,,,,,,,,,,,,,,,,,,,,,,,,,,,,,,,,,,,,,,,,,,,,,,,,,,,,,,,,,,,,,,,,,,,2026-11-08 14:00:00,brighton,brentford,2026-11-08,,,,,,,,,,,,,,,,,,,,,,,,,,,,,,
Crystal Palace,Liverpool,2026-11-08 14:00:00,2026,11,6,,,,,,,,,,,,,,,,,,,,,,,,,,,,,,,,,,,,,0.0,,,,,,,,,,,,,,,,,,,,,,,,,,,,,,,,,,,0.0,,,,,,,,,0.0,,,,,,,,,,,,,,,,,,,,,,,,,,,,2.6,1.7000000000000002,,,,,,0.0,,,,,,,,2.6,,,1.7000000000000002,,,,,,,,,0.0,,,1.193798449612403,1.6454918032786885,1.4,2.6,3.0,1.4,0.8,11.0,,,,,,,,,,,,,,,,,,,,,,,,,,,,,,,,,,,,,,,,,,,,,,,,,,,,,,,,,,,,,,,,,,,,,,,,,,,,,,,,,,,,,,,,,,,,,2026-11-08 14:00:00,crystal palace,liverpool,2026-11-08,,,,,,,,,,,,,,,,,,,,,,,,,,,,,,
Ipswich Town,Bournemouth,2026-11-08 14:00:00,2026,11,6,,,,,,,,,,,,,,,,,,,,,,,,,,,,,,,,,,,,,0.0,,,,,,,,,,,,,,,,,,,,,,,,,,,,,,,,,,,0.0,,,,,,,,,0.0,,,,,,,,,,,,,,,,,,,,,,,,,,,,1.0,1.0,,,,,,0.0,,,,,,,,1.0,,,1.0,,,,,,,,,0.0,,,,1.2574850299401197,,,,1.4,1.0,9.0,,,,,,,,,,,,,,,,,,,,,,,,,,,,,,,,,,,,,,,,,,,,,,,,,,,,,,,,,,,,,,,,,,,,,,,,,,,,,,,,,,,,,,,,,,,,,2026-11-08 14:00:00,ipswich town,bournemouth,2026-11-08,,,,,,,,,,,,,,,,,,,,,,,,,,,,,,
Sunderland,Chelsea,2026-11-08 14:00:00,2026,11,6,,,,,,,,,,,,,,,,,,,,,,,,,,,,,,,,,,,,,0.0,,,,,,,,,,,,,,,,,,,,,,,,,,,,,,,,,,,0.0,,,,,,,,,0.0,,,,,,,,,,,,,,,,,,,,,,,,,,,,2.0,1.6,,,,,,0.0,,,,,,,,2.0,,,1.6,,,,,,,,,0.0,,,1.103202846975089,1.5855670103092783,1.0,1.2,6.0,1.8,2.0,9.0,,,,,,,,,,,,,,,,,,,,,,,,,,,,,,,,,,,,,,,,,,,,,,,,,,,,,,,,,,,,,,,,,,,,,,,,,,,,,,,,,,,,,,,,,,,,,2026-11-08 14:00:00,sunderland,chelsea,2026-11-08,,,,,,,,,,,,,,,,,,,,,,,,,,,,,,
Man United,Aston Villa,2026-11-08 16:30:00,2026,11,6,,,,,,,,,,,,,,,,,,,,,,,,,,,,,,,,,,,,,0.0,,,,,,,,,,,,,,,,,,,,,,,,,,,,,,,,,,,0.0,,,,,,,,,0.0,,,,,,,,,,,,,,,,,,,,,,,,,,,,1.8,1.5,,,,,,0.0,,,,,,,,1.8,,,1.5,,,,,,,,,0.0,,,2.0351966873706004,1.1495327102803738,2.4,1.2,12.0,0.8,1.8,7.0,,,,,,,,,,,,,,,,,,,,,,,,,,,,,,,,,,,,,,,,,,,,,,,,,,,,,,,,,,,,,,,,,,,,,,,,,,,,,,,,,,,,,,,,,,,,,2026-11-08 16:30:00,man united,aston villa,2026-11-08,,,,,,,,,,,,,,,,,,,,,,,,,,,,,,
Man City,Fulham,2026-11-21 12:30:00,2026,11,5,,,,,,,,,,,,,,,,,,,,,,,,,,,,,,,,,,,,,0.0,,,,,,,,,,,,,,,,,,,,,,,,,,,,,,,,,,,0.0,,,,,,,,,0.0,,,,,,,,,,,,,,,,,,,,,,,,,,,,1.6,1.5,,,,,,0.0,,,,,,,,1.6,,,1.5,,,,,,,,,0.0,,,2.1931330472103006,0.9430199430199431,2.4,1.4,13.0,1.0,1.6,7.0,,,,,,,,,,,,,,,,,,,,,,,,,,,,,,,,,,,,,,,,,,,,,,,,,,,,,,,,,,,,,,,,,,,,,,,,,,,,,,,,,,,,,,,,,,,,,2026-11-21 12:30:00,man city,fulham,2026-11-21,,,,,,,,,,,,,,,,,,,,,,,,,,,,,,
Aston Villa,Sunderland,2026-11-21 15:00:00,2026,11,5,,,,,,,,,,,,,,,,,,,,,,,,,,,,,,,,,,,,,0.0,,,,,,,,,,,,,,,,,,,,,,,,,,,,,,,,,,,0.0,,,,,,,,,0.0,,,,,,,,,,,,,,,,,,,,,,,,,,,,1.8,1.7000000000000002,,,,,,0.0,,,,,,,,1.8,,,1.7000000000000002,,,,,,,,,0.0,,,1.3668224299065421,0.8617021276595744,0.8,1.6,4.0,1.4,1.8,7.0,,,,,,,,,,,,,,,,,,,,,,,,,,,,,,,,,,,,,,,,,,,,,,,,,,,,,,,,,,,,,,,,,,,,,,,,,,,,,,,,,,,,,,,,,,,,,2026-11-21 15:00:00,aston villa,sunderland,2026-11-21,,,,,,,,,,,,,,,,,,,,,,,,,,,,,,
Bournemouth,Nott'm Forest,2026-11-21 15:00:00,2026,11,5,,,,,,,,,,,,,,,,,,,,,,,,,,,,,,,,,,,,,0.0,,,,,,,,,,,,,,,,,,,,,,,,,,,,,,,,,,,0.0,,,,,,,,,0.0,,,,,,,,,,,,,,,,,,,,,,,,,,,,2.0,1.5,,,,,,0.0,,,,,,,,2.0,,,1.5,,,,,,,,,0.0,,,1.3609467455621302,1.1506849315068493,0.8,1.0,4.0,1.6,2.0,7.0,,,,,,,,,,,,,,,,,,,,,,,,,,,,,,,,,,,,,,,,,,,,,,,,,,,,,,,,,,,,,,,,,,,,,,,,,,,,,,,,,,,,,,,,,,,,,2026-11-21 15:00:00,bournemouth,nott'm forest,2026-11-21,,,,,,,,,,,,,,,,,,,,,,,,,,,,,,
Chelsea,Leeds,2026-11-21 15:00:00,2026,11,5,,,,,,,,,,,,,,,,,,,,,,,,,,,,,,,,,,,,,0.0,,,,,,,,,,,,,,,,,,,,,,,,,,,,,,,,,,,0.0,,,,,,,,,0.0,,,,,,,,,,,,,,,,,,,,,,,,,,,,2.0,1.5,,,,,,0.0,,,,,,,,2.0,,,1.5,,,,,,,,,0.0,,,2.041322314049587,1.2986111111111112,2.4,2.0,9.0,1.2,1.0,7.0,,,,,,,,,,,,,,,,,,,,,,,,,,,,,,,,,,,,,,,,,,,,,,,,,,,,,,,,,,,,,,,,,,,,,,,,,,,,,,,,,,,,,,,,,,,,,2026-11-21 15:00:00,chelsea,leeds,2026-11-21,,,,,,,,,,,,,,,,,,,,,,,,,,,,,,
Coventry City,Crystal Palace,2026-11-21 15:00:00,2026,11,5,,,,,,,,,,,,,,,,,,,,,,,,,,,,,,,,,,,,,0.0,,,,,,,,,,,,,,,,,,,,,,,,,,,,,,,,,,,0.0,,,,,,,,,0.0,,,,,,,,,,,,,,,,,,,,,,,,,,,,1.4,1.4,,,,,,0.0,,,,,,,,1.4,,,1.4,,,,,,,,,0.0,,,,1.1450381679389312,,,,1.4,1.4,9.0,,,,,,,,,,,,,,,,,,,,,,,,,,,,,,,,,,,,,,,,,,,,,,,,,,,,,,,,,,,,,,,,,,,,,,,,,,,,,,,,,,,,,,,,,,,,,2026-11-21 15:00:00,coventry city,crystal palace,2026-11-21,,,,,,,,,,,,,,,,,,,,,,,,,,,,,,
Tottenham,Ipswich Town,2026-11-21 15:00:00,2026,11,5,,,,,,,,,,,,,,,,,,,,,,,,,,,,,,,,,,,,,0.0,,,,,,,,,,,,,,,,,,,,,,,,,,,,,,,,,,,0.0,,,,,,,,,0.0,,,,,,,,,,,,,,,,,,,,,,,,,,,,2.4,2.4,,,,,,0.0,,,,,,,,2.4,,,2.4,,,,,,,,,0.0,,,1.8008213552361396,,0.8,2.4,1.0,,,,,,,,,,,,,,,,,,,,,,,,,,,,,,,,,,,,,,,,,,,,,,,,,,,,,,,,,,,,,,,,,,,,,,,,,,,,,,,,,,,,,,,,,,,,,,,,2026-11-21 15:00:00,tottenham,ipswich town,2026-11-21,,,,,,,,,,,,,,,,,,,,,,,,,,,,,,
Newcastle,Arsenal,2026-11-21 17:30:00,2026,11,5,,,,,,,,,,,,,,,,,,,,,,,,,,,,,,,,,,,,,0.0,,,,,,,,,,,,,,,,,,,,,,,,,,,,,,,,,,,0.0,,,,,,,,,0.0,,,,,,,,,,,,,,,,,,,,,,,,,,,,1.8,1.3,,,,,,0.0,,,,,,,,1.8,,,1.3,,,,,,,,,0.0,,,1.5714285714285714,1.651639344262295,2.0,1.8,8.0,1.6,0.8,13.0,,,,,,,,,,,,,,,,,,,,,,,,,,,,,,,,,,,,,,,,,,,,,,,,,,,,,,,,,,,,,,,,,,,,,,,,,,,,,,,,,,,,,,,,,,,,,2026-11-21 17:30:00,newcastle,arsenal,2026-11-21,,,,,,,,,,,,,,,,,,,,,,,,,,,,,,
Hull City,Brighton,2026-11-22 14:00:00,2026,11,6,,,,,,,,,,,,,,,,,,,,,,,,,,,,,,,,,,,,,0.0,,,,,,,,,,,,,,,,,,,,,,,,,,,,,,,,,,,0.0,,,,,,,,,0.0,,,,,,,,,,,,,,,,,,,,,,,,,,,,1.4,1.4,,,,,,0.0,,,,,,,,1.4,,,1.4,,,,,,,,,0.0,,,,1.2335329341317365,,,,2.2,1.4,9.0,,,,,,,,,,,,,,,,,,,,,,,,,,,,,,,,,,,,,,,,,,,,,,,,,,,,,,,,,,,,,,,,,,,,,,,,,,,,,,,,,,,,,,,,,,,,,2026-11-22 14:00:00,hull city,brighton,2026-11-22,,,,,,,,,,,,,,,,,,,,,,,,,,,,,,
Liverpool,Man United,2026-11-22 16:30:00,2026,11,6,,,,,,,,,,,,,,,,,,,,,,,,,,,,,,,,,,,,,0.0,,,,,,,,,,,,,,,,,,,,,,,,,,,,,,,,,,,0.0,,,,,,,,,0.0,,,,,,,,,,,,,,,,,,,,,,,,,,,,1.4,1.4,,,,,,0.0,,,,,,,,1.4,,,1.4,,,,,,,,,0.0,,,2.072463768115942,1.5896907216494844,2.4,1.4,8.0,1.0,1.4,7.0,,,,,,,,,,,,,,,,,,,,,,,,,,,,,,,,,,,,,,,,,,,,,,,,,,,,,,,,,,,,,,,,,,,,,,,,,,,,,,,,,,,,,,,,,,,,,2026-11-22 16:30:00,liverpool,man united,2026-11-22,,,,,,,,,,,,,,,,,,,,,,,,,,,,,,
Brentford,Everton,2026-11-23 20:00:00,2026,11,0,,,,,,,,,,,,,,,,,,,,,,,,,,,,,,,,,,,,,0.0,,,,,,,,,,,,,,,,,,,,,,,,,,,,,,,,,,,0.0,,,,,,,,,0.0,,,,,,,,,,,,,,,,,,,,,,,,,,,,1.0,0.9,,,,,,0.0,,,,,,,,1.0,,,0.9,,,,,,,,,0.0,,,1.684782608695652,1.05175983436853,1.6,0.8,8.0,1.4,1.0,9.0,,,,,,,,,,,,,,,,,,,,,,,,,,,,,,,,,,,,,,,,,,,,,,,,,,,,,,,,,,,,,,,,,,,,,,,,,,,,,,,,,,,,,,,,,,,,,2026-11-23 20:00:00,brentford,everton,2026-11-23,,,,,,,,,,,,,,,,,,,,,,,,,,,,,,
Nott'm Forest,Chelsea,2026-11-27 20:00:00,2026,11,4,,,,,,,,,,,,,,,,,,,,,,,,,,,,,,,,,,,,,0.0,,,,,,,,,,,,,,,,,,,,,,,,,,,,,,,,,,,0.0,,,,,,,,,0.0,,,,,,,,,,,,,,,,,,,,,,,,,,,,2.0,1.3,,,,,,0.0,,,,,,,,2.0,,,1.3,,,,,,,,,0.0,,,1.2602739726027397,1.5855670103092783,0.0,0.6,2.0,1.8,2.0,9.0,,,,,,,,,,,,,,,,,,,,,,,,,,,,,,,,,,,,,,,,,,,,,,,,,,,,,,,,,,,,,,,,,,,,,,,,,,,,,,,,,,,,,,,,,,,,,2026-11-27 20:00:00,nott'm forest,chelsea,2026-11-27,,,,,,,,,,,,,,,,,,,,,,,,,,,,,,
Leeds,Coventry City,2026-11-28 15:00:00,2026,11,5,,,,,,,,,,,,,,,,,,,,,,,,,,,,,,,,,,,,,0.0,,,,,,,,,,,,,,,,,,,,,,,,,,,,,,,,,,,0.0,,,,,,,,,0.0,,,,,,,,,,,,,,,,,,,,,,,,,,,,0.8,0.8,,,,,,0.0,,,,,,,,0.8,,,0.8,,,,,,,,,0.0,,,1.4256756756756757,,1.0,0.8,5.0,,,,,,,,,,,,,,,,,,,,,,,,,,,,,,,,,,,,,,,,,,,,,,,,,,,,,,,,,,,,,,,,,,,,,,,,,,,,,,,,,,,,,,,,,,,,,,,,2026-11-28 15:00:00,leeds,coventry city,2026-11-28,,,,,,,,,,,,,,,,,,,,,,,,,,,,,,
Man United,Brentford,2026-11-28 15:00:00,2026,11,5,,,,,,,,,,,,,,,,,,,,,,,,,,,,,,,,,,,,,0.0,,,,,,,,,,,,,,,,,,,,,,,,,,,,,,,,,,,0.0,,,,,,,,,0.0,,,,,,,,,,,,,,,,,,,,,,,,,,,,1.6,1.4,,,,,,0.0,,,,,,,,1.6,,,1.4,,,,,,,,,0.0,,,2.0351966873706004,1.358695652173913,2.4,1.2,12.0,2.0,1.6,9.0,,,,,,,,,,,,,,,,,,,,,,,,,,,,,,,,,,,,,,,,,,,,,,,,,,,,,,,,,,,,,,,,,,,,,,,,,,,,,,,,,,,,,,,,,,,,,2026-11-28 15:00:00,man united,brentford,2026-11-28,,,,,,,,,,,,,,,,,,,,,,,,,,,,,,
Ipswich Town,Aston Villa,2026-11-28 17:30:00,2026,11,5,,,,,,,,,,,,,,,,,,,,,,,,,,,,,,,,,,,,,0.0,,,,,,,,,,,,,,,,,,,,,,,,,,,,,,,,,,,0.0,,,,,,,,,0.0,,,,,,,,,,,,,,,,,,,,,,,,,,,,1.8,1.8,,,,,,0.0,,,,,,,,1.8,,,1.8,,,,,,,,,0.0,,,,1.1495327102803738,,,,0.8,1.8,7.0,,,,,,,,,,,,,,,,,,,,,,,,,,,,,,,,,,,,,,,,,,,,,,,,,,,,,,,,,,,,,,,,,,,,,,,,,,,,,,,,,,,,,,,,,,,,,2026-11-28 17:30:00,ipswich town,aston villa,2026-11-28,,,,,,,,,,,,,,,,,,,,,,,,,,,,,,
Everton,Liverpool,2026-11-29 12:00:00,2026,11,6,,,,,,,,,,,,,,,,,,,,,,,,,,,,,,,,,,,,,0.0,,,,,,,,,,,,,,,,,,,,,,,,,,,,,,,,,,,0.0,,,,,,,,,0.0,,,,,,,,,,,,,,,,,,,,,,,,,,,,0.8,0.7,,,,,,0.0,,,,,,,,0.8,,,0.7,,,,,,,,,0.0,,,1.5030800821355237,1.6454918032786885,1.4,0.6,10.0,1.4,0.8,11.0,,,,,,,,,,,,,,,,,,,,,,,,,,,,,,,,,,,,,,,,,,,,,,,,,,,,,,,,,,,,,,,,,,,,,,,,,,,,,,,,,,,,,,,,,,,,,2026-11-29 12:00:00,everton,liverpool,2026-11-29,,,,,,,,,,,,,,,,,,,,,,,,,,,,,,
Brighton,Newcastle,2026-11-29 14:05:00,2026,11,6,,,,,,,,,,,,,,,,,,,,,,,,,,,,,,,,,,,,,0.0,,,,,,,,,,,,,,,,,,,,,,,,,,,,,,,,,,,0.0,,,,,,,,,0.0,,,,,,,,,,,,,,,,,,,,,,,,,,,,2.2,1.4000000000000001,,,,,,0.0,,,,,,,,2.2,,,1.4000000000000001,,,,,,,,,0.0,,,1.3511904761904763,1.1121076233183858,2.0,0.6,10.0,1.4,2.2,9.0,,,,,,,,,,,,,,,,,,,,,,,,,,,,,,,,,,,,,,,,,,,,,,,,,,,,,,,,,,,,,,,,,,,,,,,,,,,,,,,,,,,,,,,,,,,,,2026-11-29 14:05:00,brighton,newcastle,2026-11-29,,,,,,,,,,,,,,,,,,,,,,,,,,,,,,
Crystal Palace,Hull City,2026-11-29 14:05:00,2026,11,6,,,,,,,,,,,,,,,,,,,,,,,,,,,,,,,,,,,,,0.0,,,,,,,,,,,,,,,,,,,,,,,,,,,,,,,,,,,0.0,,,,,,,,,0.0,,,,,,,,,,,,,,,,,,,,,,,,,,,,2.6,2.6,,,,,,0.0,,,,,,,,2.6,,,2.6,,,,,,,,,0.0,,,1.193798449612403,,1.4,2.6,3.0,,,,,,,,,,,,,,,,,,,,,,,,,,,,,,,,,,,,,,,,,,,,,,,,,,,,,,,,,,,,,,,,,,,,,,,,,,,,,,,,,,,,,,,,,,,,,,,,2026-11-29 14:05:00,crystal palace,hull city,2026-11-29,,,,,,,,,,,,,,,,,,,,,,,,,,,,,,
Fulham,Bournemouth,2026-11-29 14:05:00,2026,11,6,,,,,,,,,,,,,,,,,,,,,,,,,,,,,,,,,,,,,0.0,,,,,,,,,,,,,,,,,,,,,,,,,,,,,,,,,,,0.0,,,,,,,,,0.0,,,,,,,,,,,,,,,,,,,,,,,,,,,,1.8,1.4,,,,,,0.0,,,,,,,,1.8,,,1.4,,,,,,,,,0.0,,,1.3672316384180792,1.2574850299401197,1.4,1.8,4.0,1.4,1.0,9.0,,,,,,,,,,,,,,,,,,,,,,,,,,,,,,,,,,,,,,,,,,,,,,,,,,,,,,,,,,,,,,,,,,,,,,,,,,,,,,,,,,,,,,,,,,,,,2026-11-29 14:05:00,fulham,bournemouth,2026-11-29,,,,,,,,,,,,,,,,,,,,,,,,,,,,,,
Sunderland,Tottenham,2026-11-29 14:05:00,2026,11,6,,,,,,,,,,,,,,,,,,,,,,,,,,,,,,,,,,,,,0.0,,,,,,,,,,,,,,,,,,,,,,,,,,,,,,,,,,,0.0,,,,,,,,,0.0,,,,,,,,,,,,,,,,,,,,,,,,,,,,1.8,1.5,,,,,,0.0,,,,,,,,1.8,,,1.5,,,,,,,,,0.0,,,1.103202846975089,1.402061855670103,1.0,1.2,6.0,0.6,1.8,5.0,,,,,,,,,,,,,,,,,,,,,,,,,,,,,,,,,,,,,,,,,,,,,,,,,,,,,,,,,,,,,,,,,,,,,,,,,,,,,,,,,,,,,,,,,,,,,2026-11-29 14:05:00,sunderland,tottenham,2026-11-29,,,,,,,,,,,,,,,,,,,,,,,,,,,,,,
Arsenal,Man City,2026-11-29 16:30:00,2026,11,6,,,,,,,,,,,,,,,,,,,,,,,,,,,,,,,,,,,,,0.0,,,,,,,,,,,,,,,,,,,,,,,,,,,,,,,,,,,0.0,,,,,,,,,0.0,,,,,,,,,,,,,,,,,,,,,,,,,,,,1.0,0.9,,,,,,0.0,,,,,,,,1.0,,,0.9,,,,,,,,,0.0,,,2.145228215767635,1.6365591397849462,2.4,1.0,12.0,2.0,0.8,13.0,,,,,,,,,,,,,,,,,,,,,,,,,,,,,,,,,,,,,,,,,,,,,,,,,,,,,,,,,,,,,,,,,,,,,,,,,,,,,,,,,,,,,,,,,,,,,2026-11-29 16:30:00,arsenal,man city,2026-11-29,,,,,,,,,,,,,,,,,,,,,,,,,,,,,,
Aston Villa,Everton,2026-12-02 20:00:00,2026,12,2,,,,,,,,,,,,,,,,,,,,,,,,,,,,,,,,,,,,,0.0,,,,,,,,,,,,,,,,,,,,,,,,,,,,,,,,,,,0.0,,,,,,,,,0.0,,,,,,,,,,,,,,,,,,,,,,,,,,,,1.6,1.3,,,,,,0.0,,,,,,,,1.6,,,1.3,,,,,,,,,0.0,,,1.3668224299065421,1.05175983436853,0.8,1.6,4.0,1.4,1.0,9.0,,,,,,,,,,,,,,,,,,,,,,,,,,,,,,,,,,,,,,,,,,,,,,,,,,,,,,,,,,,,,,,,,,,,,,,,,,,,,,,,,,,,,,,,,,,,,2026-12-02 20:00:00,aston villa,everton,2026-12-02,,,,,,,,,,,,,,,,,,,,,,,,,,,,,,
Bournemouth,Brighton,2026-12-02 20:00:00,2026,12,2,,,,,,,,,,,,,,,,,,,,,,,,,,,,,,,,,,,,,0.0,,,,,,,,,,,,,,,,,,,,,,,,,,,,,,,,,,,0.0,,,,,,,,,0.0,,,,,,,,,,,,,,,,,,,,,,,,,,,,1.4,1.2,,,,,,0.0,,,,,,,,1.4,,,1.2,,,,,,,,,0.0,,,1.3609467455621302,1.2335329341317365,0.8,1.0,4.0,2.2,1.4,9.0,,,,,,,,,,,,,,,,,,,,,,,,,,,,,,,,,,,,,,,,,,,,,,,,,,,,,,,,,,,,,,,,,,,,,,,,,,,,,,,,,,,,,,,,,,,,,2026-12-02 20:00:00,bournemouth,brighton,2026-12-02,,,,,,,,,,,,,,,,,,,,,,,,,,,,,,
Brentford,Arsenal,2026-12-02 20:00:00,2026,12,2,,,,,,,,,,,,,,,,,,,,,,,,,,,,,,,,,,,,,0.0,,,,,,,,,,,,,,,,,,,,,,,,,,,,,,,,,,,0.0,,,,,,,,,0.0,,,,,,,,,,,,,,,,,,,,,,,,,,,,0.8,0.8,,,,,,0.0,,,,,,,,0.8,,,0.8,,,,,,,,,0.0,,,1.684782608695652,1.651639344262295,1.6,0.8,8.0,1.6,0.8,13.0,,,,,,,,,,,,,,,,,,,,,,,,,,,,,,,,,,,,,,,,,,,,,,,,,,,,,,,,,,,,,,,,,,,,,,,,,,,,,,,,,,,,,,,,,,,,,2026-12-02 20:00:00,brentford,arsenal,2026-12-02,,,,,,,,,,,,,,,,,,,,,,,,,,,,,,
Chelsea,Crystal Palace,2026-12-02 20:00:00,2026,12,2,,,,,,,,,,,,,,,,,,,,,,,,,,,,,,,,,,,,,0.0,,,,,,,,,,,,,,,,,,,,,,,,,,,,,,,,,,,0.0,,,,,,,,,0.0,,,,,,,,,,,,,,,,,,,,,,,,,,,,2.0,1.7,,,,,,0.0,,,,,,,,2.0,,,1.7,,,,,,,,,0.0,,,2.041322314049587,1.1450381679389312,2.4,2.0,9.0,1.4,1.4,9.0,,,,,,,,,,,,,,,,,,,,,,,,,,,,,,,,,,,,,,,,,,,,,,,,,,,,,,,,,,,,,,,,,,,,,,,,,,,,,,,,,,,,,,,,,,,,,2026-12-02 20:00:00,chelsea,crystal palace,2026-12-02,,,,,,,,,,,,,,,,,,,,,,,,,,,,,,
Coventry City,Ipswich Town,2026-12-02 20:00:00,2026,12,2,,,,,,,,,,,,,,,,,,,,,,,,,,,,,,,,,,,,,0.0,,,,,,,,,,,,,,,,,,,,,,,,,,,,,,,,,,,0.0,,,,,,,,,0.0,,,,,,,,,,,,,,,,,,,,,,,,,,,,,,,,,,,0.0,,,,,,,,,,,,,,,,,,,,0.0,,,,,,,,,,,,,,,,,,,,,,,,,,,,,,,,,,,,,,,,,,,,,,,,,,,,,,,,,,,,,,,,,,,,,,,,,,,,,,,,,,,,,,,,,,,,,,,,,,,,,,,2026-12-02 20:00:00,coventry city,ipswich town,2026-12-02,,,,,,,,,,,,,,,,,,,,,,,,,,,,,,
Hull City,Nott'm Forest,2026-12-02 20:00:00,2026,12,2,,,,,,,,,,,,,,,,,,,,,,,,,,,,,,,,,,,,,0.0,,,,,,,,,,,,,,,,,,,,,,,,,,,,,,,,,,,0.0,,,,,,,,,0.0,,,,,,,,,,,,,,,,,,,,,,,,,,,,2.0,2.0,,,,,,0.0,,,,,,,,2.0,,,2.0,,,,,,,,,0.0,,,,1.1506849315068493,,,,1.6,2.0,7.0,,,,,,,,,,,,,,,,,,,,,,,,,,,,,,,,,,,,,,,,,,,,,,,,,,,,,,,,,,,,,,,,,,,,,,,,,,,,,,,,,,,,,,,,,,,,,2026-12-02 20:00:00,hull city,nott'm forest,2026-12-02,,,,,,,,,,,,,,,,,,,,,,,,,,,,,,
Liverpool,Sunderland,2026-12-02 20:00:00,2026,12,2,,,,,,,,,,,,,,,,,,,,,,,,,,,,,,,,,,,,,0.0,,,,,,,,,,,,,,,,,,,,,,,,,,,,,,,,,,,0.0,,,,,,,,,0.0,,,,,,,,,,,,,,,,,,,,,,,,,,,,1.8,1.6,,,,,,0.0,,,,,,,,1.8,,,1.6,,,,,,,,,0.0,,,2.072463768115942,0.8617021276595744,2.4,1.4,8.0,1.4,1.8,7.0,,,,,,,,,,,,,,,,,,,,,,,,,,,,,,,,,,,,,,,,,,,,,,,,,,,,,,,,,,,,,,,,,,,,,,,,,,,,,,,,,,,,,,,,,,,,,2026-12-02 20:00:00,liverpool,sunderland,2026-12-02,,,,,,,,,,,,,,,,,,,,,,,,,,,,,,
Man City,Leeds,2026-12-02 20:00:00,2026,12,2,,,,,,,,,,,,,,,,,,,,,,,,,,,,,,,,,,,,,0.0,,,,,,,,,,,,,,,,,,,,,,,,,,,,,,,,,,,0.0,,,,,,,,,0.0,,,,,,,,,,,,,,,,,,,,,,,,,,,,1.4,1.2,,,,,,0.0,,,,,,,,1.4,,,1.2,,,,,,,,,0.0,,,2.1931330472103006,1.2986111111111112,2.4,1.4,13.0,1.2,1.0,7.0,,,,,,,,,,,,,,,,,,,,,,,,,,,,,,,,,,,,,,,,,,,,,,,,,,,,,,,,,,,,,,,,,,,,,,,,,,,,,,,,,,,,,,,,,,,,,2026-12-02 20:00:00,man city,leeds,2026-12-02,,,,,,,,,,,,,,,,,,,,,,,,,,,,,,
Newcastle,Man United,2026-12-02 20:00:00,2026,12,2,,,,,,,,,,,,,,,,,,,,,,,,,,,,,,,,,,,,,0.0,,,,,,,,,,,,,,,,,,,,,,,,,,,,,,,,,,,0.0,,,,,,,,,0.0,,,,,,,,,,,,,,,,,,,,,,,,,,,,1.8,1.6,,,,,,0.0,,,,,,,,1.8,,,1.6,,,,,,,,,0.0,,,1.5714285714285714,1.5896907216494844,2.0,1.8,8.0,1.0,1.4,7.0,,,,,,,,,,,,,,,,,,,,,,,,,,,,,,,,,,,,,,,,,,,,,,,,,,,,,,,,,,,,,,,,,,,,,,,,,,,,,,,,,,,,,,,,,,,,,2026-12-02 20:00:00,newcastle,man united,2026-12-02,,,,,,,,,,,,,,,,,,,,,,,,,,,,,,
Tottenham,Fulham,2026-12-02 20:00:00,2026,12,2,,,,,,,,,,,,,,,,,,,,,,,,,,,,,,,,,,,,,0.0,,,,,,,,,,,,,,,,,,,,,,,,,,,,,,,,,,,0.0,,,,,,,,,0.0,,,,,,,,,,,,,,,,,,,,,,,,,,,,2.4,2.0,,,,,,0.0,,,,,,,,2.4,,,2.0,,,,,,,,,0.0,,,1.8008213552361396,0.9430199430199431,0.8,2.4,1.0,1.0,1.6,7.0,,,,,,,,,,,,,,,,,,,,,,,,,,,,,,,,,,,,,,,,,,,,,,,,,,,,,,,,,,,,,,,,,,,,,,,,,,,,,,,,,,,,,,,,,,,,,2026-12-02 20:00:00,tottenham,fulham,2026-12-02,,,,,,,,,,,,,,,,,,,,,,,,,,,,,,
Aston Villa,Crystal Palace,2026-12-05 15:00:00,2026,12,5,,,,,,,,,,,,,,,,,,,,,,,,,,,,,,,,,,,,,0.0,,,,,,,,,,,,,,,,,,,,,,,,,,,,,,,,,,,0.0,,,,,,,,,0.0,,,,,,,,,,,,,,,,,,,,,,,,,,,,1.6,1.5,,,,,,0.0,,,,,,,,1.6,,,1.5,,,,,,,,,0.0,,,1.3668224299065421,1.1450381679389312,0.8,1.6,4.0,1.4,1.4,9.0,,,,,,,,,,,,,,,,,,,,,,,,,,,,,,,,,,,,,,,,,,,,,,,,,,,,,,,,,,,,,,,,,,,,,,,,,,,,,,,,,,,,,,,,,,,,,2026-12-05 15:00:00,aston villa,crystal palace,2026-12-05,,,,,,,,,,,,,,,,,,,,,,,,,,,,,,
Bournemouth,Hull City,2026-12-05 15:00:00,2026,12,5,,,,,,,,,,,,,,,,,,,,,,,,,,,,,,,,,,,,,0.0,,,,,,,,,,,,,,,,,,,,,,,,,,,,,,,,,,,0.0,,,,,,,,,0.0,,,,,,,,,,,,,,,,,,,,,,,,,,,,1.0,1.0,,,,,,0.0,,,,,,,,1.0,,,1.0,,,,,,,,,0.0,,,1.3609467455621302,,0.8,1.0,4.0,,,,,,,,,,,,,,,,,,,,,,,,,,,,,,,,,,,,,,,,,,,,,,,,,,,,,,,,,,,,,,,,,,,,,,,,,,,,,,,,,,,,,,,,,,,,,,,,2026-12-05 15:00:00,bournemouth,hull city,2026-12-05,,,,,,,,,,,,,,,,,,,,,,,,,,,,,,
Brentford,Man City,2026-12-05 15:00:00,2026,12,5,,,,,,,,,,,,,,,,,,,,,,,,,,,,,,,,,,,,,0.0,,,,,,,,,,,,,,,,,,,,,,,,,,,,,,,,,,,0.0,,,,,,,,,0.0,,,,,,,,,,,,,,,,,,,,,,,,,,,,0.8,0.8,,,,,,0.0,,,,,,,,0.8,,,0.8,,,,,,,,,0.0,,,1.684782608695652,1.6365591397849462,1.6,0.8,8.0,2.0,0.8,13.0,,,,,,,,,,,,,,,,,,,,,,,,,,,,,,,,,,,,,,,,,,,,,,,,,,,,,,,,,,,,,,,,,,,,,,,,,,,,,,,,,,,,,,,,,,,,,2026-12-05 15:00:00,brentford,man city,2026-12-05,,,,,,,,,,,,,,,,,,,,,,,,,,,,,,
Chelsea,Liverpool,2026-12-05 15:00:00,2026,12,5,,,,,,,,,,,,,,,,,,,,,,,,,,,,,,,,,,,,,0.0,,,,,,,,,,,,,,,,,,,,,,,,,,,,,,,,,,,0.0,,,,,,,,,0.0,,,,,,,,,,,,,,,,,,,,,,,,,,,,2.0,1.4,,,,,,0.0,,,,,,,,2.0,,,1.4,,,,,,,,,0.0,,,2.041322314049587,1.6454918032786885,2.4,2.0,9.0,1.4,0.8,11.0,,,,,,,,,,,,,,,,,,,,,,,,,,,,,,,,,,,,,,,,,,,,,,,,,,,,,,,,,,,,,,,,,,,,,,,,,,,,,,,,,,,,,,,,,,,,,2026-12-05 15:00:00,chelsea,liverpool,2026-12-05,,,,,,,,,,,,,,,,,,,,,,,,,,,,,,
Everton,Fulham,2026-12-05 15:00:00,2026,12,5,,,,,,,,,,,,,,,,,,,,,,,,,,,,,,,,,,,,,0.0,,,,,,,,,,,,,,,,,,,,,,,,,,,,,,,,,,,0.0,,,,,,,,,0.0,,,,,,,,,,,,,,,,,,,,,,,,,,,,1.6,1.1,,,,,,0.0,,,,,,,,1.6,,,1.1,,,,,,,,,0.0,,,1.5030800821355237,0.9430199430199431,1.4,0.6,10.0,1.0,1.6,7.0,,,,,,,,,,,,,,,,,,,,,,,,,,,,,,,,,,,,,,,,,,,,,,,,,,,,,,,,,,,,,,,,,,,,,,,,,,,,,,,,,,,,,,,,,,,,,2026-12-05 15:00:00,everton,fulham,2026-12-05,,,,,,,,,,,,,,,,,,,,,,,,,,,,,,
Leeds,Ipswich Town,2026-12-05 15:00:00,2026,12,5,,,,,,,,,,,,,,,,,,,,,,,,,,,,,,,,,,,,,0.0,,,,,,,,,,,,,,,,,,,,,,,,,,,,,,,,,,,0.0,,,,,,,,,0.0,,,,,,,,,,,,,,,,,,,,,,,,,,,,0.8,0.8,,,,,,0.0,,,,,,,,0.8,,,0.8,,,,,,,,,0.0,,,1.4256756756756757,,1.0,0.8,5.0,,,,,,,,,,,,,,,,,,,,,,,,,,,,,,,,,,,,,,,,,,,,,,,,,,,,,,,,,,,,,,,,,,,,,,,,,,,,,,,,,,,,,,,,,,,,,,,,2026-12-05 15:00:00,leeds,ipswich town,2026-12-05,,,,,,,,,,,,,,,,,,,,,,,,,,,,,,
Man United,Coventry City,2026-12-05 15:00:00,2026,12,5,,,,,,,,,,,,,,,,,,,,,,,,,,,,,,,,,,,,,0.0,,,,,,,,,,,,,,,,,,,,,,,,,,,,,,,,,,,0.0,,,,,,,,,0.0,,,,,,,,,,,,,,,,,,,,,,,,,,,,1.2,1.2,,,,,,0.0,,,,,,,,1.2,,,1.2,,,,,,,,,0.0,,,2.0351966873706004,,2.4,1.2,12.0,,,,,,,,,,,,,,,,,,,,,,,,,,,,,,,,,,,,,,,,,,,,,,,,,,,,,,,,,,,,,,,,,,,,,,,,,,,,,,,,,,,,,,,,,,,,,,,,2026-12-05 15:00:00,man united,coventry city,2026-12-05,,,,,,,,,,,,,,,,,,,,,,,,,,,,,,
Newcastle,Sunderland,2026-12-05 15:00:00,2026,12,5,,,,,,,,,,,,,,,,,,,,,,,,,,,,,,,,,,,,,0.0,,,,,,,,,,,,,,,,,,,,,,,,,,,,,,,,,,,0.0,,,,,,,,,0.0,,,,,,,,,,,,,,,,,,,,,,,,,,,,1.8,1.8,,,,,,0.0,,,,,,,,1.8,,,1.8,,,,,,,,,0.0,,,1.5714285714285714,0.8617021276595744,2.0,1.8,8.0,1.4,1.8,7.0,,,,,,,,,,,,,,,,,,,,,,,,,,,,,,,,,,,,,,,,,,,,,,,,,,,,,,,,,,,,,,,,,,,,,,,,,,,,,,,,,,,,,,,,,,,,,2026-12-05 15:00:00,newcastle,sunderland,2026-12-05,,,,,,,,,,,,,,,,,,,,,,,,,,,,,,
Nott'm Forest,Brighton,2026-12-05 15:00:00,2026,12,5,,,,,,,,,,,,,,,,,,,,,,,,,,,,,,,,,,,,,0.0,,,,,,,,,,,,,,,,,,,,,,,,,,,,,,,,,,,0.0,,,,,,,,,0.0,,,,,,,,,,,,,,,,,,,,,,,,,,,,1.4,1.0,,,,,,0.0,,,,,,,,1.4,,,1.0,,,,,,,,,0.0,,,1.2602739726027397,1.2335329341317365,0.0,0.6,2.0,2.2,1.4,9.0,,,,,,,,,,,,,,,,,,,,,,,,,,,,,,,,,,,,,,,,,,,,,,,,,,,,,,,,,,,,,,,,,,,,,,,,,,,,,,,,,,,,,,,,,,,,,2026-12-05 15:00:00,nott'm forest,brighton,2026-12-05,,,,,,,,,,,,,,,,,,,,,,,,,,,,,,
Tottenham,Arsenal,2026-12-05 15:00:00,2026,12,5,,,,,,,,,,,,,,,,,,,,,,,,,,,,,,,,,,,,,0.0,,,,,,,,,,,,,,,,,,,,,,,,,,,,,,,,,,,0.0,,,,,,,,,0.0,,,,,,,,,,,,,,,,,,,,,,,,,,,,2.4,1.6,,,,,,0.0,,,,,,,,2.4,,,1.6,,,,,,,,,0.0,,,1.8008213552361396,1.651639344262295,0.8,2.4,1.0,1.6,0.8,13.0,,,,,,,,,,,,,,,,,,,,,,,,,,,,,,,,,,,,,,,,,,,,,,,,,,,,,,,,,,,,,,,,,,,,,,,,,,,,,,,,,,,,,,,,,,,,,2026-12-05 15:00:00,tottenham,arsenal,2026-12-05,,,,,,,,,,,,,,,,,,,,,,,,,,,,,,
Arsenal,Bournemouth,2026-12-12 15:00:00,2026,12,5,,,,,,,,,,,,,,,,,,,,,,,,,,,,,,,,,,,,,0.0,,,,,,,,,,,,,,,,,,,,,,,,,,,,,,,,,,,0.0,,,,,,,,,0.0,,,,,,,,,,,,,,,,,,,,,,,,,,,,1.0,1.0,,,,,,0.0,,,,,,,,1.0,,,1.0,,,,,,,,,0.0,,,2.145228215767635,1.2574850299401197,2.4,1.0,12.0,1.4,1.0,9.0,,,,,,,,,,,,,,,,,,,,,,,,,,,,,,,,,,,,,,,,,,,,,,,,,,,,,,,,,,,,,,,,,,,,,,,,,,,,,,,,,,,,,,,,,,,,,2026-12-12 15:00:00,arsenal,bournemouth,2026-12-12,,,,,,,,,,,,,,,,,,,,,,,,,,,,,,
Brighton,Everton,2026-12-12 15:00:00,2026,12,5,,,,,,,,,,,,,,,,,,,,,,,,,,,,,,,,,,,,,0.0,,,,,,,,,,,,,,,,,,,,,,,,,,,,,,,,,,,0.0,,,,,,,,,0.0,,,,,,,,,,,,,,,,,,,,,,,,,,,,1.0,0.8,,,,,,0.0,,,,,,,,1.0,,,0.8,,,,,,,,,0.0,,,1.3511904761904763,1.05175983436853,2.0,0.6,10.0,1.4,1.0,9.0,,,,,,,,,,,,,,,,,,,,,,,,,,,,,,,,,,,,,,,,,,,,,,,,,,,,,,,,,,,,,,,,,,,,,,,,,,,,,,,,,,,,,,,,,,,,,2026-12-12 15:00:00,brighton,everton,2026-12-12,,,,,,,,,,,,,,,,,,,,,,,,,,,,,,
Coventry City,Aston Villa,2026-12-12 15:00:00,2026,12,5,,,,,,,,,,,,,,,,,,,,,,,,,,,,,,,,,,,,,0.0,,,,,,,,,,,,,,,,,,,,,,,,,,,,,,,,,,,0.0,,,,,,,,,0.0,,,,,,,,,,,,,,,,,,,,,,,,,,,,1.8,1.8,,,,,,0.0,,,,,,,,1.8,,,1.8,,,,,,,,,0.0,,,,1.1495327102803738,,,,0.8,1.8,7.0,,,,,,,,,,,,,,,,,,,,,,,,,,,,,,,,,,,,,,,,,,,,,,,,,,,,,,,,,,,,,,,,,,,,,,,,,,,,,,,,,,,,,,,,,,,,,2026-12-12 15:00:00,coventry city,aston villa,2026-12-12,,,,,,,,,,,,,,,,,,,,,,,,,,,,,,
Crystal Palace,Man United,2026-12-12 15:00:00,2026,12,5,,,,,,,,,,,,,,,,,,,,,,,,,,,,,,,,,,,,,0.0,,,,,,,,,,,,,,,,,,,,,,,,,,,,,,,,,,,0.0,,,,,,,,,0.0,,,,,,,,,,,,,,,,,,,,,,,,,,,,2.6,2.0,,,,,,0.0,,,,,,,,2.6,,,2.0,,,,,,,,,0.0,,,1.193798449612403,1.5896907216494844,1.4,2.6,3.0,1.0,1.4,7.0,,,,,,,,,,,,,,,,,,,,,,,,,,,,,,,,,,,,,,,,,,,,,,,,,,,,,,,,,,,,,,,,,,,,,,,,,,,,,,,,,,,,,,,,,,,,,2026-12-12 15:00:00,crystal palace,man united,2026-12-12,,,,,,,,,,,,,,,,,,,,,,,,,,,,,,
Fulham,Brentford,2026-12-12 15:00:00,2026,12,5,,,,,,,,,,,,,,,,,,,,,,,,,,,,,,,,,,,,,0.0,,,,,,,,,,,,,,,,,,,,,,,,,,,,,,,,,,,0.0,,,,,,,,,0.0,,,,,,,,,,,,,,,,,,,,,,,,,,,,1.8,1.7000000000000002,,,,,,0.0,,,,,,,,1.8,,,1.7000000000000002,,,,,,,,,0.0,,,1.3672316384180792,1.358695652173913,1.4,1.8,4.0,2.0,1.6,9.0,,,,,,,,,,,,,,,,,,,,,,,,,,,,,,,,,,,,,,,,,,,,,,,,,,,,,,,,,,,,,,,,,,,,,,,,,,,,,,,,,,,,,,,,,,,,,2026-12-12 15:00:00,fulham,brentford,2026-12-12,,,,,,,,,,,,,,,,,,,,,,,,,,,,,,
Hull City,Tottenham,2026-12-12 15:00:00,2026,12,5,,,,,,,,,,,,,,,,,,,,,,,,,,,,,,,,,,,,,0.0,,,,,,,,,,,,,,,,,,,,,,,,,,,,,,,,,,,0.0,,,,,,,,,0.0,,,,,,,,,,,,,,,,,,,,,,,,,,,,1.8,1.8,,,,,,0.0,,,,,,,,1.8,,,1.8,,,,,,,,,0.0,,,,1.402061855670103,,,,0.6,1.8,5.0,,,,,,,,,,,,,,,,,,,,,,,,,,,,,,,,,,,,,,,,,,,,,,,,,,,,,,,,,,,,,,,,,,,,,,,,,,,,,,,,,,,,,,,,,,,,,2026-12-12 15:00:00,hull city,tottenham,2026-12-12,,,,,,,,,,,,,,,,,,,,,,,,,,,,,,
Ipswich Town,Newcastle,2026-12-12 15:00:00,2026,12,5,,,,,,,,,,,,,,,,,,,,,,,,,,,,,,,,,,,,,0.0,,,,,,,,,,,,,,,,,,,,,,,,,,,,,,,,,,,0.0,,,,,,,,,0.0,,,,,,,,,,,,,,,,,,,,,,,,,,,,2.2,2.2,,,,,,0.0,,,,,,,,2.2,,,2.2,,,,,,,,,0.0,,,,1.1121076233183858,,,,1.4,2.2,9.0,,,,,,,,,,,,,,,,,,,,,,,,,,,,,,,,,,,,,,,,,,,,,,,,,,,,,,,,,,,,,,,,,,,,,,,,,,,,,,,,,,,,,,,,,,,,,2026-12-12 15:00:00,ipswich town,newcastle,2026-12-12,,,,,,,,,,,,,,,,,,,,,,,,,,,,,,
Liverpool,Leeds,2026-12-12 15:00:00,2026,12,5,,,,,,,,,,,,,,,,,,,,,,,,,,,,,,,,,,,,,0.0,,,,,,,,,,,,,,,,,,,,,,,,,,,,,,,,,,,0.0,,,,,,,,,0.0,,,,,,,,,,,,,,,,,,,,,,,,,,,,1.4,1.2,,,,,,0.0,,,,,,,,1.4,,,1.2,,,,,,,,,0.0,,,2.072463768115942,1.2986111111111112,2.4,1.4,8.0,1.2,1.0,7.0,,,,,,,,,,,,,,,,,,,,,,,,,,,,,,,,,,,,,,,,,,,,,,,,,,,,,,,,,,,,,,,,,,,,,,,,,,,,,,,,,,,,,,,,,,,,,2026-12-12 15:00:00,liverpool,leeds,2026-12-12,,,,,,,,,,,,,,,,,,,,,,,,,,,,,,
Man City,Chelsea,2026-12-12 15:00:00,2026,12,5,,,,,,,,,,,,,,,,,,,,,,,,,,,,,,,,,,,,,0.0,,,,,,,,,,,,,,,,,,,,,,,,,,,,,,,,,,,0.0,,,,,,,,,0.0,,,,,,,,,,,,,,,,,,,,,,,,,,,,2.0,1.7,,,,,,0.0,,,,,,,,2.0,,,1.7,,,,,,,,,0.0,,,2.1931330472103006,1.5855670103092783,2.4,1.4,13.0,1.8,2.0,9.0,,,,,,,,,,,,,,,,,,,,,,,,,,,,,,,,,,,,,,,,,,,,,,,,,,,,,,,,,,,,,,,,,,,,,,,,,,,,,,,,,,,,,,,,,,,,,2026-12-12 15:00:00,man city,chelsea,2026-12-12,,,,,,,,,,,,,,,,,,,,,,,,,,,,,,
Sunderland,Nott'm Forest,2026-12-12 15:00:00,2026,12,5,,,,,,,,,,,,,,,,,,,,,,,,,,,,,,,,,,,,,0.0,,,,,,,,,,,,,,,,,,,,,,,,,,,,,,,,,,,0.0,,,,,,,,,0.0,,,,,,,,,,,,,,,,,,,,,,,,,,,,2.0,1.6,,,,,,0.0,,,,,,,,2.0,,,1.6,,,,,,,,,0.0,,,1.103202846975089,1.1506849315068493,1.0,1.2,6.0,1.6,2.0,7.0,,,,,,,,,,,,,,,,,,,,,,,,,,,,,,,,,,,,,,,,,,,,,,,,,,,,,,,,,,,,,,,,,,,,,,,,,,,,,,,,,,,,,,,,,,,,,2026-12-12 15:00:00,sunderland,nott'm forest,2026-12-12,,,,,,,,,,,,,,,,,,,,,,,,,,,,,,
Arsenal,Man United,2026-12-19 15:00:00,2026,12,5,,,,,,,,,,,,,,,,,,,,,,,,,,,,,,,,,,,,,0.0,,,,,,,,,,,,,,,,,,,,,,,,,,,,,,,,,,,0.0,,,,,,,,,0.0,,,,,,,,,,,,,,,,,,,,,,,,,,,,1.4,1.2,,,,,,0.0,,,,,,,,1.4,,,1.2,,,,,,,,,0.0,,,2.145228215767635,1.5896907216494844,2.4,1.0,12.0,1.0,1.4,7.0,,,,,,,,,,,,,,,,,,,,,,,,,,,,,,,,,,,,,,,,,,,,,,,,,,,,,,,,,,,,,,,,,,,,,,,,,,,,,,,,,,,,,,,,,,,,,2026-12-19 15:00:00,arsenal,man united,2026-12-19,,,,,,,,,,,,,,,,,,,,,,,,,,,,,,
Bournemouth,Coventry City,2026-12-19 15:00:00,2026,12,5,,,,,,,,,,,,,,,,,,,,,,,,,,,,,,,,,,,,,0.0,,,,,,,,,,,,,,,,,,,,,,,,,,,,,,,,,,,0.0,,,,,,,,,0.0,,,,,,,,,,,,,,,,,,,,,,,,,,,,1.0,1.0,,,,,,0.0,,,,,,,,1.0,,,1.0,,,,,,,,,0.0,,,1.3609467455621302,,0.8,1.0,4.0,,,,,,,,,,,,,,,,,,,,,,,,,,,,,,,,,,,,,,,,,,,,,,,,,,,,,,,,,,,,,,,,,,,,,,,,,,,,,,,,,,,,,,,,,,,,,,,,2026-12-19 15:00:00,bournemouth,coventry city,2026-12-19,,,,,,,,,,,,,,,,,,,,,,,,,,,,,,
Brentford,Newcastle,2026-12-19 15:00:00,2026,12,5,,,,,,,,,,,,,,,,,,,,,,,,,,,,,,,,,,,,,0.0,,,,,,,,,,,,,,,,,,,,,,,,,,,,,,,,,,,0.0,,,,,,,,,0.0,,,,,,,,,,,,,,,,,,,,,,,,,,,,2.2,1.5,,,,,,0.0,,,,,,,,2.2,,,1.5,,,,,,,,,0.0,,,1.684782608695652,1.1121076233183858,1.6,0.8,8.0,1.4,2.2,9.0,,,,,,,,,,,,,,,,,,,,,,,,,,,,,,,,,,,,,,,,,,,,,,,,,,,,,,,,,,,,,,,,,,,,,,,,,,,,,,,,,,,,,,,,,,,,,2026-12-19 15:00:00,brentford,newcastle,2026-12-19,,,,,,,,,,,,,,,,,,,,,,,,,,,,,,
Brighton,Ipswich Town,2026-12-19 15:00:00,2026,12,5,,,,,,,,,,,,,,,,,,,,,,,,,,,,,,,,,,,,,0.0,,,,,,,,,,,,,,,,,,,,,,,,,,,,,,,,,,,0.0,,,,,,,,,0.0,,,,,,,,,,,,,,,,,,,,,,,,,,,,0.6,0.6,,,,,,0.0,,,,,,,,0.6,,,0.6,,,,,,,,,0.0,,,1.3511904761904763,,2.0,0.6,10.0,,,,,,,,,,,,,,,,,,,,,,,,,,,,,,,,,,,,,,,,,,,,,,,,,,,,,,,,,,,,,,,,,,,,,,,,,,,,,,,,,,,,,,,,,,,,,,,,2026-12-19 15:00:00,brighton,ipswich town,2026-12-19,,,,,,,,,,,,,,,,,,,,,,,,,,,,,,
Chelsea,Aston Villa,2026-12-19 15:00:00,2026,12,5,,,,,,,,,,,,,,,,,,,,,,,,,,,,,,,,,,,,,0.0,,,,,,,,,,,,,,,,,,,,,,,,,,,,,,,,,,,0.0,,,,,,,,,0.0,,,,,,,,,,,,,,,,,,,,,,,,,,,,2.0,1.9,,,,,,0.0,,,,,,,,2.0,,,1.9,,,,,,,,,0.0,,,2.041322314049587,1.1495327102803738,2.4,2.0,9.0,0.8,1.8,7.0,,,,,,,,,,,,,,,,,,,,,,,,,,,,,,,,,,,,,,,,,,,,,,,,,,,,,,,,,,,,,,,,,,,,,,,,,,,,,,,,,,,,,,,,,,,,,2026-12-19 15:00:00,chelsea,aston villa,2026-12-19,,,,,,,,,,,,,,,,,,,,,,,,,,,,,,
Leeds,Fulham,2026-12-19 15:00:00,2026,12,5,,,,,,,,,,,,,,,,,,,,,,,,,,,,,,,,,,,,,0.0,,,,,,,,,,,,,,,,,,,,,,,,,,,,,,,,,,,0.0,,,,,,,,,0.0,,,,,,,,,,,,,,,,,,,,,,,,,,,,1.6,1.2000000000000002,,,,,,0.0,,,,,,,,1.6,,,1.2000000000000002,,,,,,,,,0.0,,,1.4256756756756757,0.9430199430199431,1.0,0.8,5.0,1.0,1.6,7.0,,,,,,,,,,,,,,,,,,,,,,,,,,,,,,,,,,,,,,,,,,,,,,,,,,,,,,,,,,,,,,,,,,,,,,,,,,,,,,,,,,,,,,,,,,,,,2026-12-19 15:00:00,leeds,fulham,2026-12-19,,,,,,,,,,,,,,,,,,,,,,,,,,,,,,
Liverpool,Tottenham,2026-12-19 15:00:00,2026,12,5,,,,,,,,,,,,,,,,,,,,,,,,,,,,,,,,,,,,,0.0,,,,,,,,,,,,,,,,,,,,,,,,,,,,,,,,,,,0.0,,,,,,,,,0.0,,,,,,,,,,,,,,,,,,,,,,,,,,,,1.8,1.6,,,,,,0.0,,,,,,,,1.8,,,1.6,,,,,,,,,0.0,,,2.072463768115942,1.402061855670103,2.4,1.4,8.0,0.6,1.8,5.0,,,,,,,,,,,,,,,,,,,,,,,,,,,,,,,,,,,,,,,,,,,,,,,,,,,,,,,,,,,,,,,,,,,,,,,,,,,,,,,,,,,,,,,,,,,,,2026-12-19 15:00:00,liverpool,tottenham,2026-12-19,,,,,,,,,,,,,,,,,,,,,,,,,,,,,,
Man City,Hull City,2026-12-19 15:00:00,2026,12,5,,,,,,,,,,,,,,,,,,,,,,,,,,,,,,,,,,,,,0.0,,,,,,,,,,,,,,,,,,,,,,,,,,,,,,,,,,,0.0,,,,,,,,,0.0,,,,,,,,,,,,,,,,,,,,,,,,,,,,1.4,1.4,,,,,,0.0,,,,,,,,1.4,,,1.4,,,,,,,,,0.0,,,2.1931330472103006,,2.4,1.4,13.0,,,,,,,,,,,,,,,,,,,,,,,,,,,,,,,,,,,,,,,,,,,,,,,,,,,,,,,,,,,,,,,,,,,,,,,,,,,,,,,,,,,,,,,,,,,,,,,,2026-12-19 15:00:00,man city,hull city,2026-12-19,,,,,,,,,,,,,,,,,,,,,,,,,,,,,,
Nott'm Forest,Everton,2026-12-19 15:00:00,2026,12,5,,,,,,,,,,,,,,,,,,,,,,,,,,,,,,,,,,,,,0.0,,,,,,,,,,,,,,,,,,,,,,,,,,,,,,,,,,,0.0,,,,,,,,,0.0,,,,,,,,,,,,,,,,,,,,,,,,,,,,1.0,0.8,,,,,,0.0,,,,,,,,1.0,,,0.8,,,,,,,,,0.0,,,1.2602739726027397,1.05175983436853,0.0,0.6,2.0,1.4,1.0,9.0,,,,,,,,,,,,,,,,,,,,,,,,,,,,,,,,,,,,,,,,,,,,,,,,,,,,,,,,,,,,,,,,,,,,,,,,,,,,,,,,,,,,,,,,,,,,,2026-12-19 15:00:00,nott'm forest,everton,2026-12-19,,,,,,,,,,,,,,,,,,,,,,,,,,,,,,
Sunderland,Crystal Palace,2026-12-19 15:00:00,2026,12,5,,,,,,,,,,,,,,,,,,,,,,,,,,,,,,,,,,,,,0.0,,,,,,,,,,,,,,,,,,,,,,,,,,,,,,,,,,,0.0,,,,,,,,,0.0,,,,,,,,,,,,,,,,,,,,,,,,,,,,1.4,1.2999999999999998,,,,,,0.0,,,,,,,,1.4,,,1.2999999999999998,,,,,,,,,0.0,,,1.103202846975089,1.1450381679389312,1.0,1.2,6.0,1.4,1.4,9.0,,,,,,,,,,,,,,,,,,,,,,,,,,,,,,,,,,,,,,,,,,,,,,,,,,,,,,,,,,,,,,,,,,,,,,,,,,,,,,,,,,,,,,,,,,,,,2026-12-19 15:00:00,sunderland,crystal palace,2026-12-19,,,,,,,,,,,,,,,,,,,,,,,,,,,,,,
Aston Villa,Leeds,2026-12-26 12:30:00,2026,12,5,,,,,,,,,,,,,,,,,,,,,,,,,,,,,,,,,,,,,0.0,,,,,,,,,,,,,,,,,,,,,,,,,,,,,,,,,,,0.0,,,,,,,,,0.0,,,,,,,,,,,,,,,,,,,,,,,,,,,,1.6,1.3,,,,,,0.0,,,,,,,,1.6,,,1.3,,,,,,,,,0.0,,,1.3668224299065421,1.2986111111111112,0.8,1.6,4.0,1.2,1.0,7.0,,,,,,,,,,,,,,,,,,,,,,,,,,,,,,,,,,,,,,,,,,,,,,,,,,,,,,,,,,,,,,,,,,,,,,,,,,,,,,,,,,,,,,,,,,,,,2026-12-26 12:30:00,aston villa,leeds,2026-12-26,,,,,,,,,,,,,,,,,,,,,,,,,,,,,,
Everton,Sunderland,2026-12-26 15:00:00,2026,12,5,,,,,,,,,,,,,,,,,,,,,,,,,,,,,,,,,,,,,0.0,,,,,,,,,,,,,,,,,,,,,,,,,,,,,,,,,,,0.0,,,,,,,,,0.0,,,,,,,,,,,,,,,,,,,,,,,,,,,,1.8,1.2,,,,,,0.0,,,,,,,,1.8,,,1.2,,,,,,,,,0.0,,,1.5030800821355237,0.8617021276595744,1.4,0.6,10.0,1.4,1.8,7.0,,,,,,,,,,,,,,,,,,,,,,,,,,,,,,,,,,,,,,,,,,,,,,,,,,,,,,,,,,,,,,,,,,,,,,,,,,,,,,,,,,,,,,,,,,,,,2026-12-26 15:00:00,everton,sunderland,2026-12-26,,,,,,,,,,,,,,,,,,,,,,,,,,,,,,
Fulham,Brighton,2026-12-26 15:00:00,2026,12,5,,,,,,,,,,,,,,,,,,,,,,,,,,,,,,,,,,,,,0.0,,,,,,,,,,,,,,,,,,,,,,,,,,,,,,,,,,,0.0,,,,,,,,,0.0,,,,,,,,,,,,,,,,,,,,,,,,,,,,1.8,1.6,,,,,,0.0,,,,,,,,1.8,,,1.6,,,,,,,,,0.0,,,1.3672316384180792,1.2335329341317365,1.4,1.8,4.0,2.2,1.4,9.0,,,,,,,,,,,,,,,,,,,,,,,,,,,,,,,,,,,,,,,,,,,,,,,,,,,,,,,,,,,,,,,,,,,,,,,,,,,,,,,,,,,,,,,,,,,,,2026-12-26 15:00:00,fulham,brighton,2026-12-26,,,,,,,,,,,,,,,,,,,,,,,,,,,,,,
Ipswich Town,Brentford,2026-12-26 15:00:00,2026,12,5,,,,,,,,,,,,,,,,,,,,,,,,,,,,,,,,,,,,,0.0,,,,,,,,,,,,,,,,,,,,,,,,,,,,,,,,,,,0.0,,,,,,,,,0.0,,,,,,,,,,,,,,,,,,,,,,,,,,,,1.6,1.6,,,,,,0.0,,,,,,,,1.6,,,1.6,,,,,,,,,0.0,,,,1.358695652173913,,,,2.0,1.6,9.0,,,,,,,,,,,,,,,,,,,,,,,,,,,,,,,,,,,,,,,,,,,,,,,,,,,,,,,,,,,,,,,,,,,,,,,,,,,,,,,,,,,,,,,,,,,,,2026-12-26 15:00:00,ipswich town,brentford,2026-12-26,,,,,,,,,,,,,,,,,,,,,,,,,,,,,,
Tottenham,Bournemouth,2026-12-26 15:00:00,2026,12,5,,,,,,,,,,,,,,,,,,,,,,,,,,,,,,,,,,,,,0.0,,,,,,,,,,,,,,,,,,,,,,,,,,,,,,,,,,,0.0,,,,,,,,,0.0,,,,,,,,,,,,,,,,,,,,,,,,,,,,2.4,1.7,,,,,,0.0,,,,,,,,2.4,,,1.7,,,,,,,,,0.0,,,1.8008213552361396,1.2574850299401197,0.8,2.4,1.0,1.4,1.0,9.0,,,,,,,,,,,,,,,,,,,,,,,,,,,,,,,,,,,,,,,,,,,,,,,,,,,,,,,,,,,,,,,,,,,,,,,,,,,,,,,,,,,,,,,,,,,,,2026-12-26 15:00:00,tottenham,bournemouth,2026-12-26,,,,,,,,,,,,,,,,,,,,,,,,,,,,,,
Hull City,Liverpool,2026-12-26 17:30:00,2026,12,5,,,,,,,,,,,,,,,,,,,,,,,,,,,,,,,,,,,,,0.0,,,,,,,,,,,,,,,,,,,,,,,,,,,,,,,,,,,0.0,,,,,,,,,0.0,,,,,,,,,,,,,,,,,,,,,,,,,,,,0.8,0.8,,,,,,0.0,,,,,,,,0.8,,,0.8,,,,,,,,,0.0,,,,1.6454918032786885,,,,1.4,0.8,11.0,,,,,,,,,,,,,,,,,,,,,,,,,,,,,,,,,,,,,,,,,,,,,,,,,,,,,,,,,,,,,,,,,,,,,,,,,,,,,,,,,,,,,,,,,,,,,2026-12-26 17:30:00,hull city,liverpool,2026-12-26,,,,,,,,,,,,,,,,,,,,,,,,,,,,,,
Newcastle,Man City,2026-12-26 20:00:00,2026,12,5,,,,,,,,,,,,,,,,,,,,,,,,,,,,,,,,,,,,,0.0,,,,,,,,,,,,,,,,,,,,,,,,,,,,,,,,,,,0.0,,,,,,,,,0.0,,,,,,,,,,,,,,,,,,,,,,,,,,,,1.8,1.3,,,,,,0.0,,,,,,,,1.8,,,1.3,,,,,,,,,0.0,,,1.5714285714285714,1.6365591397849462,2.0,1.8,8.0,2.0,0.8,13.0,,,,,,,,,,,,,,,,,,,,,,,,,,,,,,,,,,,,,,,,,,,,,,,,,,,,,,,,,,,,,,,,,,,,,,,,,,,,,,,,,,,,,,,,,,,,,2026-12-26 20:00:00,newcastle,man city,2026-12-26,,,,,,,,,,,,,,,,,,,,,,,,,,,,,,
Coventry City,Chelsea,2026-12-27 14:00:00,2026,12,6,,,,,,,,,,,,,,,,,,,,,,,,,,,,,,,,,,,,,0.0,,,,,,,,,,,,,,,,,,,,,,,,,,,,,,,,,,,0.0,,,,,,,,,0.0,,,,,,,,,,,,,,,,,,,,,,,,,,,,2.0,2.0,,,,,,0.0,,,,,,,,2.0,,,2.0,,,,,,,,,0.0,,,,1.5855670103092783,,,,1.8,2.0,9.0,,,,,,,,,,,,,,,,,,,,,,,,,,,,,,,,,,,,,,,,,,,,,,,,,,,,,,,,,,,,,,,,,,,,,,,,,,,,,,,,,,,,,,,,,,,,,2026-12-27 14:00:00,coventry city,chelsea,2026-12-27,,,,,,,,,,,,,,,,,,,,,,,,,,,,,,
Man United,Nott'm Forest,2026-12-27 16:30:00,2026,12,6,,,,,,,,,,,,,,,,,,,,,,,,,,,,,,,,,,,,,0.0,,,,,,,,,,,,,,,,,,,,,,,,,,,,,,,,,,,0.0,,,,,,,,,0.0,,,,,,,,,,,,,,,,,,,,,,,,,,,,2.0,1.6,,,,,,0.0,,,,,,,,2.0,,,1.6,,,,,,,,,0.0,,,2.0351966873706004,1.1506849315068493,2.4,1.2,12.0,1.6,2.0,7.0,,,,,,,,,,,,,,,,,,,,,,,,,,,,,,,,,,,,,,,,,,,,,,,,,,,,,,,,,,,,,,,,,,,,,,,,,,,,,,,,,,,,,,,,,,,,,2026-12-27 16:30:00,man united,nott'm forest,2026-12-27,,,,,,,,,,,,,,,,,,,,,,,,,,,,,,
Crystal Palace,Arsenal,2026-12-27 19:00:00,2026,12,6,,,,,,,,,,,,,,,,,,,,,,,,,,,,,,,,,,,,,0.0,,,,,,,,,,,,,,,,,,,,,,,,,,,,,,,,,,,0.0,,,,,,,,,0.0,,,,,,,,,,,,,,,,,,,,,,,,,,,,2.6,1.7000000000000002,,,,,,0.0,,,,,,,,2.6,,,1.7000000000000002,,,,,,,,,0.0,,,1.193798449612403,1.651639344262295,1.4,2.6,3.0,1.6,0.8,13.0,,,,,,,,,,,,,,,,,,,,,,,,,,,,,,,,,,,,,,,,,,,,,,,,,,,,,,,,,,,,,,,,,,,,,,,,,,,,,,,,,,,,,,,,,,,,,2026-12-27 19:00:00,crystal palace,arsenal,2026-12-27,,,,,,,,,,,,,,,,,,,,,,,,,,,,,,
Hull City,Leeds,2026-12-29 19:30:00,2026,12,1,,,,,,,,,,,,,,,,,,,,,,,,,,,,,,,,,,,,,0.0,,,,,,,,,,,,,,,,,,,,,,,,,,,,,,,,,,,0.0,,,,,,,,,0.0,,,,,,,,,,,,,,,,,,,,,,,,,,,,1.0,1.0,,,,,,0.0,,,,,,,,1.0,,,1.0,,,,,,,,,0.0,,,,1.2986111111111112,,,,1.2,1.0,7.0,,,,,,,,,,,,,,,,,,,,,,,,,,,,,,,,,,,,,,,,,,,,,,,,,,,,,,,,,,,,,,,,,,,,,,,,,,,,,,,,,,,,,,,,,,,,,2026-12-29 19:30:00,hull city,leeds,2026-12-29,,,,,,,,,,,,,,,,,,,,,,,,,,,,,,
Tottenham,Brighton,2026-12-29 19:30:00,2026,12,1,,,,,,,,,,,,,,,,,,,,,,,,,,,,,,,,,,,,,0.0,,,,,,,,,,,,,,,,,,,,,,,,,,,,,,,,,,,0.0,,,,,,,,,0.0,,,,,,,,,,,,,,,,,,,,,,,,,,,,2.4,1.9,,,,,,0.0,,,,,,,,2.4,,,1.9,,,,,,,,,0.0,,,1.8008213552361396,1.2335329341317365,0.8,2.4,1.0,2.2,1.4,9.0,,,,,,,,,,,,,,,,,,,,,,,,,,,,,,,,,,,,,,,,,,,,,,,,,,,,,,,,,,,,,,,,,,,,,,,,,,,,,,,,,,,,,,,,,,,,,2026-12-29 19:30:00,tottenham,brighton,2026-12-29,,,,,,,,,,,,,,,,,,,,,,,,,,,,,,
Everton,Man City,2026-12-29 20:15:00,2026,12,1,,,,,,,,,,,,,,,,,,,,,,,,,,,,,,,,,,,,,0.0,,,,,,,,,,,,,,,,,,,,,,,,,,,,,,,,,,,0.0,,,,,,,,,0.0,,,,,,,,,,,,,,,,,,,,,,,,,,,,0.8,0.7,,,,,,0.0,,,,,,,,0.8,,,0.7,,,,,,,,,0.0,,,1.5030800821355237,1.6365591397849462,1.4,0.6,10.0,2.0,0.8,13.0,,,,,,,,,,,,,,,,,,,,,,,,,,,,,,,,,,,,,,,,,,,,,,,,,,,,,,,,,,,,,,,,,,,,,,,,,,,,,,,,,,,,,,,,,,,,,2026-12-29 20:15:00,everton,man city,2026-12-29,,,,,,,,,,,,,,,,,,,,,,,,,,,,,,
Coventry City,Brentford,2026-12-30 19:30:00,2026,12,2,,,,,,,,,,,,,,,,,,,,,,,,,,,,,,,,,,,,,0.0,,,,,,,,,,,,,,,,,,,,,,,,,,,,,,,,,,,0.0,,,,,,,,,0.0,,,,,,,,,,,,,,,,,,,,,,,,,,,,1.6,1.6,,,,,,0.0,,,,,,,,1.6,,,1.6,,,,,,,,,0.0,,,,1.358695652173913,,,,2.0,1.6,9.0,,,,,,,,,,,,,,,,,,,,,,,,,,,,,,,,,,,,,,,,,,,,,,,,,,,,,,,,,,,,,,,,,,,,,,,,,,,,,,,,,,,,,,,,,,,,,2026-12-30 19:30:00,coventry city,brentford,2026-12-30,,,,,,,,,,,,,,,,,,,,,,,,,,,,,,
Crystal Palace,Bournemouth,2026-12-30 19:30:00,2026,12,2,,,,,,,,,,,,,,,,,,,,,,,,,,,,,,,,,,,,,0.0,,,,,,,,,,,,,,,,,,,,,,,,,,,,,,,,,,,0.0,,,,,,,,,0.0,,,,,,,,,,,,,,,,,,,,,,,,,,,,2.6,1.8,,,,,,0.0,,,,,,,,2.6,,,1.8,,,,,,,,,0.0,,,1.193798449612403,1.2574850299401197,1.4,2.6,3.0,1.4,1.0,9.0,,,,,,,,,,,,,,,,,,,,,,,,,,,,,,,,,,,,,,,,,,,,,,,,,,,,,,,,,,,,,,,,,,,,,,,,,,,,,,,,,,,,,,,,,,,,,2026-12-30 19:30:00,crystal palace,bournemouth,2026-12-30,,,,,,,,,,,,,,,,,,,,,,,,,,,,,,
Fulham,Arsenal,2026-12-30 19:30:00,2026,12,2,,,,,,,,,,,,,,,,,,,,,,,,,,,,,,,,,,,,,0.0,,,,,,,,,,,,,,,,,,,,,,,,,,,,,,,,,,,0.0,,,,,,,,,0.0,,,,,,,,,,,,,,,,,,,,,,,,,,,,1.8,1.3,,,,,,0.0,,,,,,,,1.8,,,1.3,,,,,,,,,0.0,,,1.3672316384180792,1.651639344262295,1.4,1.8,4.0,1.6,0.8,13.0,,,,,,,,,,,,,,,,,,,,,,,,,,,,,,,,,,,,,,,,,,,,,,,,,,,,,,,,,,,,,,,,,,,,,,,,,,,,,,,,,,,,,,,,,,,,,2026-12-30 19:30:00,fulham,arsenal,2026-12-30,,,,,,,,,,,,,,,,,,,,,,,,,,,,,,
Man United,Sunderland,2026-12-30 19:30:00,2026,12,2,,,,,,,,,,,,,,,,,,,,,,,,,,,,,,,,,,,,,0.0,,,,,,,,,,,,,,,,,,,,,,,,,,,,,,,,,,,0.0,,,,,,,,,0.0,,,,,,,,,,,,,,,,,,,,,,,,,,,,1.8,1.5,,,,,,0.0,,,,,,,,1.8,,,1.5,,,,,,,,,0.0,,,2.0351966873706004,0.8617021276595744,2.4,1.2,12.0,1.4,1.8,7.0,,,,,,,,,,,,,,,,,,,,,,,,,,,,,,,,,,,,,,,,,,,,,,,,,,,,,,,,,,,,,,,,,,,,,,,,,,,,,,,,,,,,,,,,,,,,,2026-12-30 19:30:00,man united,sunderland,2026-12-30,,,,,,,,,,,,,,,,,,,,,,,,,,,,,,
Newcastle,Nott'm Forest,2026-12-30 19:30:00,2026,12,2,,,,,,,,,,,,,,,,,,,,,,,,,,,,,,,,,,,,,0.0,,,,,,,,,,,,,,,,,,,,,,,,,,,,,,,,,,,0.0,,,,,,,,,0.0,,,,,,,,,,,,,,,,,,,,,,,,,,,,2.0,1.9,,,,,,0.0,,,,,,,,2.0,,,1.9,,,,,,,,,0.0,,,1.5714285714285714,1.1506849315068493,2.0,1.8,8.0,1.6,2.0,7.0,,,,,,,,,,,,,,,,,,,,,,,,,,,,,,,,,,,,,,,,,,,,,,,,,,,,,,,,,,,,,,,,,,,,,,,,,,,,,,,,,,,,,,,,,,,,,2026-12-30 19:30:00,newcastle,nott'm forest,2026-12-30,,,,,,,,,,,,,,,,,,,,,,,,,,,,,,
Aston Villa,Liverpool,2026-12-30 20:15:00,2026,12,2,,,,,,,,,,,,,,,,,,,,,,,,,,,,,,,,,,,,,0.0,,,,,,,,,,,,,,,,,,,,,,,,,,,,,,,,,,,0.0,,,,,,,,,0.0,,,,,,,,,,,,,,,,,,,,,,,,,,,,1.6,1.2000000000000002,,,,,,0.0,,,,,,,,1.6,,,1.2000000000000002,,,,,,,,,0.0,,,1.3668224299065421,1.6454918032786885,0.8,1.6,4.0,1.4,0.8,11.0,,,,,,,,,,,,,,,,,,,,,,,,,,,,,,,,,,,,,,,,,,,,,,,,,,,,,,,,,,,,,,,,,,,,,,,,,,,,,,,,,,,,,,,,,,,,,2026-12-30 20:15:00,aston villa,liverpool,2026-12-30,,,,,,,,,,,,,,,,,,,,,,,,,,,,,,
Ipswich Town,Chelsea,2026-12-30 20:15:00,2026,12,2,,,,,,,,,,,,,,,,,,,,,,,,,,,,,,,,,,,,,0.0,,,,,,,,,,,,,,,,,,,,,,,,,,,,,,,,,,,0.0,,,,,,,,,0.0,,,,,,,,,,,,,,,,,,,,,,,,,,,,2.0,2.0,,,,,,0.0,,,,,,,,2.0,,,2.0,,,,,,,,,0.0,,,,1.5855670103092783,,,,1.8,2.0,9.0,,,,,,,,,,,,,,,,,,,,,,,,,,,,,,,,,,,,,,,,,,,,,,,,,,,,,,,,,,,,,,,,,,,,,,,,,,,,,,,,,,,,,,,,,,,,,2026-12-30 20:15:00,ipswich town,chelsea,2026-12-30,,,,,,,,,,,,,,,,,,,,,,,,,,,,,,
Leeds,Everton,2027-01-01 20:00:00,2027,1,4,,,,,,,,,,,,,,,,,,,,,,,,,,,,,,,,,,,,,0.0,,,,,,,,,,,,,,,,,,,,,,,,,,,,,,,,,,,0.0,,,,,,,,,0.0,,,,,,,,,,,,,,,,,,,,,,,,,,,,1.0,0.9,,,,,,0.0,,,,,,,,1.0,,,0.9,,,,,,,,,0.0,,,1.4256756756756757,1.05175983436853,1.0,0.8,5.0,1.4,1.0,9.0,,,,,,,,,,,,,,,,,,,,,,,,,,,,,,,,,,,,,,,,,,,,,,,,,,,,,,,,,,,,,,,,,,,,,,,,,,,,,,,,,,,,,,,,,,,,,2027-01-01 20:00:00,leeds,everton,2027-01-01,,,,,,,,,,,,,,,,,,,,,,,,,,,,,,
Brighton,Man United,2027-01-02 12:30:00,2027,1,5,,,,,,,,,,,,,,,,,,,,,,,,,,,,,,,,,,,,,0.0,,,,,,,,,,,,,,,,,,,,,,,,,,,,,,,,,,,0.0,,,,,,,,,0.0,,,,,,,,,,,,,,,,,,,,,,,,,,,,1.4,1.0,,,,,,0.0,,,,,,,,1.4,,,1.0,,,,,,,,,0.0,,,1.3511904761904763,1.5896907216494844,2.0,0.6,10.0,1.0,1.4,7.0,,,,,,,,,,,,,,,,,,,,,,,,,,,,,,,,,,,,,,,,,,,,,,,,,,,,,,,,,,,,,,,,,,,,,,,,,,,,,,,,,,,,,,,,,,,,,2027-01-02 12:30:00,brighton,man united,2027-01-02,,,,,,,,,,,,,,,,,,,,,,,,,,,,,,
Arsenal,Ipswich Town,2027-01-02 15:00:00,2027,1,5,,,,,,,,,,,,,,,,,,,,,,,,,,,,,,,,,,,,,0.0,,,,,,,,,,,,,,,,,,,,,,,,,,,,,,,,,,,0.0,,,,,,,,,0.0,,,,,,,,,,,,,,,,,,,,,,,,,,,,1.0,1.0,,,,,,0.0,,,,,,,,1.0,,,1.0,,,,,,,,,0.0,,,2.145228215767635,,2.4,1.0,12.0,,,,,,,,,,,,,,,,,,,,,,,,,,,,,,,,,,,,,,,,,,,,,,,,,,,,,,,,,,,,,,,,,,,,,,,,,,,,,,,,,,,,,,,,,,,,,,,,2027-01-02 15:00:00,arsenal,ipswich town,2027-01-02,,,,,,,,,,,,,,,,,,,,,,,,,,,,,,
Brentford,Crystal Palace,2027-01-02 15:00:00,2027,1,5,,,,,,,,,,,,,,,,,,,,,,,,,,,,,,,,,,,,,0.0,,,,,,,,,,,,,,,,,,,,,,,,,,,,,,,,,,,0.0,,,,,,,,,0.0,,,,,,,,,,,,,,,,,,,,,,,,,,,,1.4,1.1,,,,,,0.0,,,,,,,,1.4,,,1.1,,,,,,,,,0.0,,,1.684782608695652,1.1450381679389312,1.6,0.8,8.0,1.4,1.4,9.0,,,,,,,,,,,,,,,,,,,,,,,,,,,,,,,,,,,,,,,,,,,,,,,,,,,,,,,,,,,,,,,,,,,,,,,,,,,,,,,,,,,,,,,,,,,,,2027-01-02 15:00:00,brentford,crystal palace,2027-01-02,,,,,,,,,,,,,,,,,,,,,,,,,,,,,,
Liverpool,Coventry City,2027-01-02 15:00:00,2027,1,5,,,,,,,,,,,,,,,,,,,,,,,,,,,,,,,,,,,,,0.0,,,,,,,,,,,,,,,,,,,,,,,,,,,,,,,,,,,0.0,,,,,,,,,0.0,,,,,,,,,,,,,,,,,,,,,,,,,,,,1.4,1.4,,,,,,0.0,,,,,,,,1.4,,,1.4,,,,,,,,,0.0,,,2.072463768115942,,2.4,1.4,8.0,,,,,,,,,,,,,,,,,,,,,,,,,,,,,,,,,,,,,,,,,,,,,,,,,,,,,,,,,,,,,,,,,,,,,,,,,,,,,,,,,,,,,,,,,,,,,,,,2027-01-02 15:00:00,liverpool,coventry city,2027-01-02,,,,,,,,,,,,,,,,,,,,,,,,,,,,,,
Nott'm Forest,Fulham,2027-01-02 15:00:00,2027,1,5,,,,,,,,,,,,,,,,,,,,,,,,,,,,,,,,,,,,,0.0,,,,,,,,,,,,,,,,,,,,,,,,,,,,,,,,,,,0.0,,,,,,,,,0.0,,,,,,,,,,,,,,,,,,,,,,,,,,,,1.6,1.1,,,,,,0.0,,,,,,,,1.6,,,1.1,,,,,,,,,0.0,,,1.2602739726027397,0.9430199430199431,0.0,0.6,2.0,1.0,1.6,7.0,,,,,,,,,,,,,,,,,,,,,,,,,,,,,,,,,,,,,,,,,,,,,,,,,,,,,,,,,,,,,,,,,,,,,,,,,,,,,,,,,,,,,,,,,,,,,2027-01-02 15:00:00,nott'm forest,fulham,2027-01-02,,,,,,,,,,,,,,,,,,,,,,,,,,,,,,
Sunderland,Hull City,2027-01-02 15:00:00,2027,1,5,,,,,,,,,,,,,,,,,,,,,,,,,,,,,,,,,,,,,0.0,,,,,,,,,,,,,,,,,,,,,,,,,,,,,,,,,,,0.0,,,,,,,,,0.0,,,,,,,,,,,,,,,,,,,,,,,,,,,,1.2,1.2,,,,,,0.0,,,,,,,,1.2,,,1.2,,,,,,,,,0.0,,,1.103202846975089,,1.0,1.2,6.0,,,,,,,,,,,,,,,,,,,,,,,,,,,,,,,,,,,,,,,,,,,,,,,,,,,,,,,,,,,,,,,,,,,,,,,,,,,,,,,,,,,,,,,,,,,,,,,,2027-01-02 15:00:00,sunderland,hull city,2027-01-02,,,,,,,,,,,,,,,,,,,,,,,,,,,,,,
Bournemouth,Aston Villa,2027-01-02 17:30:00,2027,1,5,,,,,,,,,,,,,,,,,,,,,,,,,,,,,,,,,,,,,0.0,,,,,,,,,,,,,,,,,,,,,,,,,,,,,,,,,,,0.0,,,,,,,,,0.0,,,,,,,,,,,,,,,,,,,,,,,,,,,,1.8,1.4,,,,,,0.0,,,,,,,,1.8,,,1.4,,,,,,,,,0.0,,,1.3609467455621302,1.1495327102803738,0.8,1.0,4.0,0.8,1.8,7.0,,,,,,,,,,,,,,,,,,,,,,,,,,,,,,,,,,,,,,,,,,,,,,,,,,,,,,,,,,,,,,,,,,,,,,,,,,,,,,,,,,,,,,,,,,,,,2027-01-02 17:30:00,bournemouth,aston villa,2027-01-02,,,,,,,,,,,,,,,,,,,,,,,,,,,,,,
Chelsea,Newcastle,2027-01-03 14:00:00,2027,1,6,,,,,,,,,,,,,,,,,,,,,,,,,,,,,,,,,,,,,0.0,,,,,,,,,,,,,,,,,,,,,,,,,,,,,,,,,,,0.0,,,,,,,,,0.0,,,,,,,,,,,,,,,,,,,,,,,,,,,,2.2,2.1,,,,,,0.0,,,,,,,,2.2,,,2.1,,,,,,,,,0.0,,,2.041322314049587,1.1121076233183858,2.4,2.0,9.0,1.4,2.2,9.0,,,,,,,,,,,,,,,,,,,,,,,,,,,,,,,,,,,,,,,,,,,,,,,,,,,,,,,,,,,,,,,,,,,,,,,,,,,,,,,,,,,,,,,,,,,,,2027-01-03 14:00:00,chelsea,newcastle,2027-01-03,,,,,,,,,,,,,,,,,,,,,,,,,,,,,,
Man City,Tottenham,2027-01-03 16:30:00,2027,1,6,,,,,,,,,,,,,,,,,,,,,,,,,,,,,,,,,,,,,0.0,,,,,,,,,,,,,,,,,,,,,,,,,,,,,,,,,,,0.0,,,,,,,,,0.0,,,,,,,,,,,,,,,,,,,,,,,,,,,,1.8,1.6,,,,,,0.0,,,,,,,,1.8,,,1.6,,,,,,,,,0.0,,,2.1931330472103006,1.402061855670103,2.4,1.4,13.0,0.6,1.8,5.0,,,,,,,,,,,,,,,,,,,,,,,,,,,,,,,,,,,,,,,,,,,,,,,,,,,,,,,,,,,,,,,,,,,,,,,,,,,,,,,,,,,,,,,,,,,,,2027-01-03 16:30:00,man city,tottenham,2027-01-03,,,,,,,,,,,,,,,,,,,,,,,,,,,,,,
Arsenal,Brentford,2027-01-05 19:30:00,2027,1,1,,,,,,,,,,,,,,,,,,,,,,,,,,,,,,,,,,,,,0.0,,,,,,,,,,,,,,,,,,,,,,,,,,,,,,,,,,,0.0,,,,,,,,,0.0,,,,,,,,,,,,,,,,,,,,,,,,,,,,1.6,1.3,,,,,,0.0,,,,,,,,1.6,,,1.3,,,,,,,,,0.0,,,2.145228215767635,1.358695652173913,2.4,1.0,12.0,2.0,1.6,9.0,,,,,,,,,,,,,,,,,,,,,,,,,,,,,,,,,,,,,,,,,,,,,,,,,,,,,,,,,,,,,,,,,,,,,,,,,,,,,,,,,,,,,,,,,,,,,2027-01-05 19:30:00,arsenal,brentford,2027-01-05,,,,,,,,,,,,,,,,,,,,,,,,,,,,,,
Brighton,Bournemouth,2027-01-05 19:30:00,2027,1,1,,,,,,,,,,,,,,,,,,,,,,,,,,,,,,,,,,,,,0.0,,,,,,,,,,,,,,,,,,,,,,,,,,,,,,,,,,,0.0,,,,,,,,,0.0,,,,,,,,,,,,,,,,,,,,,,,,,,,,1.0,0.8,,,,,,0.0,,,,,,,,1.0,,,0.8,,,,,,,,,0.0,,,1.3511904761904763,1.2574850299401197,2.0,0.6,10.0,1.4,1.0,9.0,,,,,,,,,,,,,,,,,,,,,,,,,,,,,,,,,,,,,,,,,,,,,,,,,,,,,,,,,,,,,,,,,,,,,,,,,,,,,,,,,,,,,,,,,,,,,2027-01-05 19:30:00,brighton,bournemouth,2027-01-05,,,,,,,,,,,,,,,,,,,,,,,,,,,,,,
Everton,Aston Villa,2027-01-05 19:30:00,2027,1,1,,,,,,,,,,,,,,,,,,,,,,,,,,,,,,,,,,,,,0.0,,,,,,,,,,,,,,,,,,,,,,,,,,,,,,,,,,,0.0,,,,,,,,,0.0,,,,,,,,,,,,,,,,,,,,,,,,,,,,1.8,1.2,,,,,,0.0,,,,,,,,1.8,,,1.2,,,,,,,,,0.0,,,1.5030800821355237,1.1495327102803738,1.4,0.6,10.0,0.8,1.8,7.0,,,,,,,,,,,,,,,,,,,,,,,,,,,,,,,,,,,,,,,,,,,,,,,,,,,,,,,,,,,,,,,,,,,,,,,,,,,,,,,,,,,,,,,,,,,,,2027-01-05 19:30:00,everton,aston villa,2027-01-05,,,,,,,,,,,,,,,,,,,,,,,,,,,,,,
Nott'm Forest,Hull City,2027-01-05 19:30:00,2027,1,1,,,,,,,,,,,,,,,,,,,,,,,,,,,,,,,,,,,,,0.0,,,,,,,,,,,,,,,,,,,,,,,,,,,,,,,,,,,0.0,,,,,,,,,0.0,,,,,,,,,,,,,,,,,,,,,,,,,,,,0.6,0.6,,,,,,0.0,,,,,,,,0.6,,,0.6,,,,,,,,,0.0,,,1.2602739726027397,,0.0,0.6,2.0,,,,,,,,,,,,,,,,,,,,,,,,,,,,,,,,,,,,,,,,,,,,,,,,,,,,,,,,,,,,,,,,,,,,,,,,,,,,,,,,,,,,,,,,,,,,,,,,2027-01-05 19:30:00,nott'm forest,hull city,2027-01-05,,,,,,,,,,,,,,,,,,,,,,,,,,,,,,
Sunderland,Liverpool,2027-01-05 20:15:00,2027,1,1,,,,,,,,,,,,,,,,,,,,,,,,,,,,,,,,,,,,,0.0,,,,,,,,,,,,,,,,,,,,,,,,,,,,,,,,,,,0.0,,,,,,,,,0.0,,,,,,,,,,,,,,,,,,,,,,,,,,,,1.2,1.0,,,,,,0.0,,,,,,,,1.2,,,1.0,,,,,,,,,0.0,,,1.103202846975089,1.6454918032786885,1.0,1.2,6.0,1.4,0.8,11.0,,,,,,,,,,,,,,,,,,,,,,,,,,,,,,,,,,,,,,,,,,,,,,,,,,,,,,,,,,,,,,,,,,,,,,,,,,,,,,,,,,,,,,,,,,,,,2027-01-05 20:15:00,sunderland,liverpool,2027-01-05,,,,,,,,,,,,,,,,,,,,,,,,,,,,,,
Crystal Palace,Chelsea,2027-01-06 19:30:00,2027,1,2,,,,,,,,,,,,,,,,,,,,,,,,,,,,,,,,,,,,,0.0,,,,,,,,,,,,,,,,,,,,,,,,,,,,,,,,,,,0.0,,,,,,,,,0.0,,,,,,,,,,,,,,,,,,,,,,,,,,,,2.6,2.3,,,,,,0.0,,,,,,,,2.6,,,2.3,,,,,,,,,0.0,,,1.193798449612403,1.5855670103092783,1.4,2.6,3.0,1.8,2.0,9.0,,,,,,,,,,,,,,,,,,,,,,,,,,,,,,,,,,,,,,,,,,,,,,,,,,,,,,,,,,,,,,,,,,,,,,,,,,,,,,,,,,,,,,,,,,,,,2027-01-06 19:30:00,crystal palace,chelsea,2027-01-06,,,,,,,,,,,,,,,,,,,,,,,,,,,,,,
Fulham,Tottenham,2027-01-06 19:30:00,2027,1,2,,,,,,,,,,,,,,,,,,,,,,,,,,,,,,,,,,,,,0.0,,,,,,,,,,,,,,,,,,,,,,,,,,,,,,,,,,,0.0,,,,,,,,,0.0,,,,,,,,,,,,,,,,,,,,,,,,,,,,1.8,1.8,,,,,,0.0,,,,,,,,1.8,,,1.8,,,,,,,,,0.0,,,1.3672316384180792,1.402061855670103,1.4,1.8,4.0,0.6,1.8,5.0,,,,,,,,,,,,,,,,,,,,,,,,,,,,,,,,,,,,,,,,,,,,,,,,,,,,,,,,,,,,,,,,,,,,,,,,,,,,,,,,,,,,,,,,,,,,,2027-01-06 19:30:00,fulham,tottenham,2027-01-06,,,,,,,,,,,,,,,,,,,,,,,,,,,,,,
Ipswich Town,Coventry City,2027-01-06 19:30:00,2027,1,2,,,,,,,,,,,,,,,,,,,,,,,,,,,,,,,,,,,,,0.0,,,,,,,,,,,,,,,,,,,,,,,,,,,,,,,,,,,0.0,,,,,,,,,0.0,,,,,,,,,,,,,,,,,,,,,,,,,,,,,,,,,,,0.0,,,,,,,,,,,,,,,,,,,,0.0,,,,,,,,,,,,,,,,,,,,,,,,,,,,,,,,,,,,,,,,,,,,,,,,,,,,,,,,,,,,,,,,,,,,,,,,,,,,,,,,,,,,,,,,,,,,,,,,,,,,,,,2027-01-06 19:30:00,ipswich town,coventry city,2027-01-06,,,,,,,,,,,,,,,,,,,,,,,,,,,,,,
Leeds,Man City,2027-01-06 20:15:00,2027,1,2,,,,,,,,,,,,,,,,,,,,,,,,,,,,,,,,,,,,,0.0,,,,,,,,,,,,,,,,,,,,,,,,,,,,,,,,,,,0.0,,,,,,,,,0.0,,,,,,,,,,,,,,,,,,,,,,,,,,,,0.8,0.8,,,,,,0.0,,,,,,,,0.8,,,0.8,,,,,,,,,0.0,,,1.4256756756756757,1.6365591397849462,1.0,0.8,5.0,2.0,0.8,13.0,,,,,,,,,,,,,,,,,,,,,,,,,,,,,,,,,,,,,,,,,,,,,,,,,,,,,,,,,,,,,,,,,,,,,,,,,,,,,,,,,,,,,,,,,,,,,2027-01-06 20:15:00,leeds,man city,2027-01-06,,,,,,,,,,,,,,,,,,,,,,,,,,,,,,
Man United,Newcastle,2027-01-07 20:00:00,2027,1,3,,,,,,,,,,,,,,,,,,,,,,,,,,,,,,,,,,,,,0.0,,,,,,,,,,,,,,,,,,,,,,,,,,,,,,,,,,,0.0,,,,,,,,,0.0,,,,,,,,,,,,,,,,,,,,,,,,,,,,2.2,1.7000000000000002,,,,,,0.0,,,,,,,,2.2,,,1.7000000000000002,,,,,,,,,0.0,,,2.0351966873706004,1.1121076233183858,2.4,1.2,12.0,1.4,2.2,9.0,,,,,,,,,,,,,,,,,,,,,,,,,,,,,,,,,,,,,,,,,,,,,,,,,,,,,,,,,,,,,,,,,,,,,,,,,,,,,,,,,,,,,,,,,,,,,2027-01-07 20:00:00,man united,newcastle,2027-01-07,,,,,,,,,,,,,,,,,,,,,,,,,,,,,,
Aston Villa,Man United,2027-01-16 15:00:00,2027,1,5,,,,,,,,,,,,,,,,,,,,,,,,,,,,,,,,,,,,,0.0,,,,,,,,,,,,,,,,,,,,,,,,,,,,,,,,,,,0.0,,,,,,,,,0.0,,,,,,,,,,,,,,,,,,,,,,,,,,,,1.6,1.5,,,,,,0.0,,,,,,,,1.6,,,1.5,,,,,,,,,0.0,,,1.3668224299065421,1.5896907216494844,0.8,1.6,4.0,1.0,1.4,7.0,,,,,,,,,,,,,,,,,,,,,,,,,,,,,,,,,,,,,,,,,,,,,,,,,,,,,,,,,,,,,,,,,,,,,,,,,,,,,,,,,,,,,,,,,,,,,2027-01-16 15:00:00,aston villa,man united,2027-01-16,,,,,,,,,,,,,,,,,,,,,,,,,,,,,,
Bournemouth,Ipswich Town,2027-01-16 15:00:00,2027,1,5,,,,,,,,,,,,,,,,,,,,,,,,,,,,,,,,,,,,,0.0,,,,,,,,,,,,,,,,,,,,,,,,,,,,,,,,,,,0.0,,,,,,,,,0.0,,,,,,,,,,,,,,,,,,,,,,,,,,,,1.0,1.0,,,,,,0.0,,,,,,,,1.0,,,1.0,,,,,,,,,0.0,,,1.3609467455621302,,0.8,1.0,4.0,,,,,,,,,,,,,,,,,,,,,,,,,,,,,,,,,,,,,,,,,,,,,,,,,,,,,,,,,,,,,,,,,,,,,,,,,,,,,,,,,,,,,,,,,,,,,,,,2027-01-16 15:00:00,bournemouth,ipswich town,2027-01-16,,,,,,,,,,,,,,,,,,,,,,,,,,,,,,
Brentford,Brighton,2027-01-16 15:00:00,2027,1,5,,,,,,,,,,,,,,,,,,,,,,,,,,,,,,,,,,,,,0.0,,,,,,,,,,,,,,,,,,,,,,,,,,,,,,,,,,,0.0,,,,,,,,,0.0,,,,,,,,,,,,,,,,,,,,,,,,,,,,1.4,1.1,,,,,,0.0,,,,,,,,1.4,,,1.1,,,,,,,,,0.0,,,1.684782608695652,1.2335329341317365,1.6,0.8,8.0,2.2,1.4,9.0,,,,,,,,,,,,,,,,,,,,,,,,,,,,,,,,,,,,,,,,,,,,,,,,,,,,,,,,,,,,,,,,,,,,,,,,,,,,,,,,,,,,,,,,,,,,,2027-01-16 15:00:00,brentford,brighton,2027-01-16,,,,,,,,,,,,,,,,,,,,,,,,,,,,,,
Chelsea,Sunderland,2027-01-16 15:00:00,2027,1,5,,,,,,,,,,,,,,,,,,,,,,,,,,,,,,,,,,,,,0.0,,,,,,,,,,,,,,,,,,,,,,,,,,,,,,,,,,,0.0,,,,,,,,,0.0,,,,,,,,,,,,,,,,,,,,,,,,,,,,2.0,1.9,,,,,,0.0,,,,,,,,2.0,,,1.9,,,,,,,,,0.0,,,2.041322314049587,0.8617021276595744,2.4,2.0,9.0,1.4,1.8,7.0,,,,,,,,,,,,,,,,,,,,,,,,,,,,,,,,,,,,,,,,,,,,,,,,,,,,,,,,,,,,,,,,,,,,,,,,,,,,,,,,,,,,,,,,,,,,,2027-01-16 15:00:00,chelsea,sunderland,2027-01-16,,,,,,,,,,,,,,,,,,,,,,,,,,,,,,
Coventry City,Everton,2027-01-16 15:00:00,2027,1,5,,,,,,,,,,,,,,,,,,,,,,,,,,,,,,,,,,,,,0.0,,,,,,,,,,,,,,,,,,,,,,,,,,,,,,,,,,,0.0,,,,,,,,,0.0,,,,,,,,,,,,,,,,,,,,,,,,,,,,1.0,1.0,,,,,,0.0,,,,,,,,1.0,,,1.0,,,,,,,,,0.0,,,,1.05175983436853,,,,1.4,1.0,9.0,,,,,,,,,,,,,,,,,,,,,,,,,,,,,,,,,,,,,,,,,,,,,,,,,,,,,,,,,,,,,,,,,,,,,,,,,,,,,,,,,,,,,,,,,,,,,2027-01-16 15:00:00,coventry city,everton,2027-01-16,,,,,,,,,,,,,,,,,,,,,,,,,,,,,,
Hull City,Arsenal,2027-01-16 15:00:00,2027,1,5,,,,,,,,,,,,,,,,,,,,,,,,,,,,,,,,,,,,,0.0,,,,,,,,,,,,,,,,,,,,,,,,,,,,,,,,,,,0.0,,,,,,,,,0.0,,,,,,,,,,,,,,,,,,,,,,,,,,,,0.8,0.8,,,,,,0.0,,,,,,,,0.8,,,0.8,,,,,,,,,0.0,,,,1.651639344262295,,,,1.6,0.8,13.0,,,,,,,,,,,,,,,,,,,,,,,,,,,,,,,,,,,,,,,,,,,,,,,,,,,,,,,,,,,,,,,,,,,,,,,,,,,,,,,,,,,,,,,,,,,,,2027-01-16 15:00:00,hull city,arsenal,2027-01-16,,,,,,,,,,,,,,,,,,,,,,,,,,,,,,
Liverpool,Crystal Palace,2027-01-16 15:00:00,2027,1,5,,,,,,,,,,,,,,,,,,,,,,,,,,,,,,,,,,,,,0.0,,,,,,,,,,,,,,,,,,,,,,,,,,,,,,,,,,,0.0,,,,,,,,,0.0,,,,,,,,,,,,,,,,,,,,,,,,,,,,1.4,1.4,,,,,,0.0,,,,,,,,1.4,,,1.4,,,,,,,,,0.0,,,2.072463768115942,1.1450381679389312,2.4,1.4,8.0,1.4,1.4,9.0,,,,,,,,,,,,,,,,,,,,,,,,,,,,,,,,,,,,,,,,,,,,,,,,,,,,,,,,,,,,,,,,,,,,,,,,,,,,,,,,,,,,,,,,,,,,,2027-01-16 15:00:00,liverpool,crystal palace,2027-01-16,,,,,,,,,,,,,,,,,,,,,,,,,,,,,,
Man City,Nott'm Forest,2027-01-16 15:00:00,2027,1,5,,,,,,,,,,,,,,,,,,,,,,,,,,,,,,,,,,,,,0.0,,,,,,,,,,,,,,,,,,,,,,,,,,,,,,,,,,,0.0,,,,,,,,,0.0,,,,,,,,,,,,,,,,,,,,,,,,,,,,2.0,1.7,,,,,,0.0,,,,,,,,2.0,,,1.7,,,,,,,,,0.0,,,2.1931330472103006,1.1506849315068493,2.4,1.4,13.0,1.6,2.0,7.0,,,,,,,,,,,,,,,,,,,,,,,,,,,,,,,,,,,,,,,,,,,,,,,,,,,,,,,,,,,,,,,,,,,,,,,,,,,,,,,,,,,,,,,,,,,,,2027-01-16 15:00:00,man city,nott'm forest,2027-01-16,,,,,,,,,,,,,,,,,,,,,,,,,,,,,,
Newcastle,Fulham,2027-01-16 15:00:00,2027,1,5,,,,,,,,,,,,,,,,,,,,,,,,,,,,,,,,,,,,,0.0,,,,,,,,,,,,,,,,,,,,,,,,,,,,,,,,,,,0.0,,,,,,,,,0.0,,,,,,,,,,,,,,,,,,,,,,,,,,,,1.8,1.7000000000000002,,,,,,0.0,,,,,,,,1.8,,,1.7000000000000002,,,,,,,,,0.0,,,1.5714285714285714,0.9430199430199431,2.0,1.8,8.0,1.0,1.6,7.0,,,,,,,,,,,,,,,,,,,,,,,,,,,,,,,,,,,,,,,,,,,,,,,,,,,,,,,,,,,,,,,,,,,,,,,,,,,,,,,,,,,,,,,,,,,,,2027-01-16 15:00:00,newcastle,fulham,2027-01-16,,,,,,,,,,,,,,,,,,,,,,,,,,,,,,
Tottenham,Leeds,2027-01-16 15:00:00,2027,1,5,,,,,,,,,,,,,,,,,,,,,,,,,,,,,,,,,,,,,0.0,,,,,,,,,,,,,,,,,,,,,,,,,,,,,,,,,,,0.0,,,,,,,,,0.0,,,,,,,,,,,,,,,,,,,,,,,,,,,,2.4,1.7,,,,,,0.0,,,,,,,,2.4,,,1.7,,,,,,,,,0.0,,,1.8008213552361396,1.2986111111111112,0.8,2.4,1.0,1.2,1.0,7.0,,,,,,,,,,,,,,,,,,,,,,,,,,,,,,,,,,,,,,,,,,,,,,,,,,,,,,,,,,,,,,,,,,,,,,,,,,,,,,,,,,,,,,,,,,,,,2027-01-16 15:00:00,tottenham,leeds,2027-01-16,,,,,,,,,,,,,,,,,,,,,,,,,,,,,,
Arsenal,Newcastle,2027-01-23 15:00:00,2027,1,5,,,,,,,,,,,,,,,,,,,,,,,,,,,,,,,,,,,,,0.0,,,,,,,,,,,,,,,,,,,,,,,,,,,,,,,,,,,0.0,,,,,,,,,0.0,,,,,,,,,,,,,,,,,,,,,,,,,,,,2.2,1.6,,,,,,0.0,,,,,,,,2.2,,,1.6,,,,,,,,,0.0,,,2.145228215767635,1.1121076233183858,2.4,1.0,12.0,1.4,2.2,9.0,,,,,,,,,,,,,,,,,,,,,,,,,,,,,,,,,,,,,,,,,,,,,,,,,,,,,,,,,,,,,,,,,,,,,,,,,,,,,,,,,,,,,,,,,,,,,2027-01-23 15:00:00,arsenal,newcastle,2027-01-23,,,,,,,,,,,,,,,,,,,,,,,,,,,,,,
Brighton,Man City,2027-01-23 15:00:00,2027,1,5,,,,,,,,,,,,,,,,,,,,,,,,,,,,,,,,,,,,,0.0,,,,,,,,,,,,,,,,,,,,,,,,,,,,,,,,,,,0.0,,,,,,,,,0.0,,,,,,,,,,,,,,,,,,,,,,,,,,,,0.8,0.7,,,,,,0.0,,,,,,,,0.8,,,0.7,,,,,,,,,0.0,,,1.3511904761904763,1.6365591397849462,2.0,0.6,10.0,2.0,0.8,13.0,,,,,,,,,,,,,,,,,,,,,,,,,,,,,,,,,,,,,,,,,,,,,,,,,,,,,,,,,,,,,,,,,,,,,,,,,,,,,,,,,,,,,,,,,,,,,2027-01-23 15:00:00,brighton,man city,2027-01-23,,,,,,,,,,,,,,,,,,,,,,,,,,,,,,
Crystal Palace,Tottenham,2027-01-23 15:00:00,2027,1,5,,,,,,,,,,,,,,,,,,,,,,,,,,,,,,,,,,,,,0.0,,,,,,,,,,,,,,,,,,,,,,,,,,,,,,,,,,,0.0,,,,,,,,,0.0,,,,,,,,,,,,,,,,,,,,,,,,,,,,2.6,2.2,,,,,,0.0,,,,,,,,2.6,,,2.2,,,,,,,,,0.0,,,1.193798449612403,1.402061855670103,1.4,2.6,3.0,0.6,1.8,5.0,,,,,,,,,,,,,,,,,,,,,,,,,,,,,,,,,,,,,,,,,,,,,,,,,,,,,,,,,,,,,,,,,,,,,,,,,,,,,,,,,,,,,,,,,,,,,2027-01-23 15:00:00,crystal palace,tottenham,2027-01-23,,,,,,,,,,,,,,,,,,,,,,,,,,,,,,
Everton,Brentford,2027-01-23 15:00:00,2027,1,5,,,,,,,,,,,,,,,,,,,,,,,,,,,,,,,,,,,,,0.0,,,,,,,,,,,,,,,,,,,,,,,,,,,,,,,,,,,0.0,,,,,,,,,0.0,,,,,,,,,,,,,,,,,,,,,,,,,,,,1.6,1.1,,,,,,0.0,,,,,,,,1.6,,,1.1,,,,,,,,,0.0,,,1.5030800821355237,1.358695652173913,1.4,0.6,10.0,2.0,1.6,9.0,,,,,,,,,,,,,,,,,,,,,,,,,,,,,,,,,,,,,,,,,,,,,,,,,,,,,,,,,,,,,,,,,,,,,,,,,,,,,,,,,,,,,,,,,,,,,2027-01-23 15:00:00,everton,brentford,2027-01-23,,,,,,,,,,,,,,,,,,,,,,,,,,,,,,
Fulham,Aston Villa,2027-01-23 15:00:00,2027,1,5,,,,,,,,,,,,,,,,,,,,,,,,,,,,,,,,,,,,,0.0,,,,,,,,,,,,,,,,,,,,,,,,,,,,,,,,,,,0.0,,,,,,,,,0.0,,,,,,,,,,,,,,,,,,,,,,,,,,,,1.8,1.8,,,,,,0.0,,,,,,,,1.8,,,1.8,,,,,,,,,0.0,,,1.3672316384180792,1.1495327102803738,1.4,1.8,4.0,0.8,1.8,7.0,,,,,,,,,,,,,,,,,,,,,,,,,,,,,,,,,,,,,,,,,,,,,,,,,,,,,,,,,,,,,,,,,,,,,,,,,,,,,,,,,,,,,,,,,,,,,2027-01-23 15:00:00,fulham,aston villa,2027-01-23,,,,,,,,,,,,,,,,,,,,,,,,,,,,,,
Ipswich Town,Hull City,2027-01-23 15:00:00,2027,1,5,,,,,,,,,,,,,,,,,,,,,,,,,,,,,,,,,,,,,0.0,,,,,,,,,,,,,,,,,,,,,,,,,,,,,,,,,,,0.0,,,,,,,,,0.0,,,,,,,,,,,,,,,,,,,,,,,,,,,,,,,,,,,0.0,,,,,,,,,,,,,,,,,,,,0.0,,,,,,,,,,,,,,,,,,,,,,,,,,,,,,,,,,,,,,,,,,,,,,,,,,,,,,,,,,,,,,,,,,,,,,,,,,,,,,,,,,,,,,,,,,,,,,,,,,,,,,,2027-01-23 15:00:00,ipswich town,hull city,2027-01-23,,,,,,,,,,,,,,,,,,,,,,,,,,,,,,
Leeds,Chelsea,2027-01-23 15:00:00,2027,1,5,,,,,,,,,,,,,,,,,,,,,,,,,,,,,,,,,,,,,0.0,,,,,,,,,,,,,,,,,,,,,,,,,,,,,,,,,,,0.0,,,,,,,,,0.0,,,,,,,,,,,,,,,,,,,,,,,,,,,,2.0,1.4,,,,,,0.0,,,,,,,,2.0,,,1.4,,,,,,,,,0.0,,,1.4256756756756757,1.5855670103092783,1.0,0.8,5.0,1.8,2.0,9.0,,,,,,,,,,,,,,,,,,,,,,,,,,,,,,,,,,,,,,,,,,,,,,,,,,,,,,,,,,,,,,,,,,,,,,,,,,,,,,,,,,,,,,,,,,,,,2027-01-23 15:00:00,leeds,chelsea,2027-01-23,,,,,,,,,,,,,,,,,,,,,,,,,,,,,,
Man United,Liverpool,2027-01-23 15:00:00,2027,1,5,,,,,,,,,,,,,,,,,,,,,,,,,,,,,,,,,,,,,0.0,,,,,,,,,,,,,,,,,,,,,,,,,,,,,,,,,,,0.0,,,,,,,,,0.0,,,,,,,,,,,,,,,,,,,,,,,,,,,,1.2,1.0,,,,,,0.0,,,,,,,,1.2,,,1.0,,,,,,,,,0.0,,,2.0351966873706004,1.6454918032786885,2.4,1.2,12.0,1.4,0.8,11.0,,,,,,,,,,,,,,,,,,,,,,,,,,,,,,,,,,,,,,,,,,,,,,,,,,,,,,,,,,,,,,,,,,,,,,,,,,,,,,,,,,,,,,,,,,,,,2027-01-23 15:00:00,man united,liverpool,2027-01-23,,,,,,,,,,,,,,,,,,,,,,,,,,,,,,
Nott'm Forest,Bournemouth,2027-01-23 15:00:00,2027,1,5,,,,,,,,,,,,,,,,,,,,,,,,,,,,,,,,,,,,,0.0,,,,,,,,,,,,,,,,,,,,,,,,,,,,,,,,,,,0.0,,,,,,,,,0.0,,,,,,,,,,,,,,,,,,,,,,,,,,,,1.0,0.8,,,,,,0.0,,,,,,,,1.0,,,0.8,,,,,,,,,0.0,,,1.2602739726027397,1.2574850299401197,0.0,0.6,2.0,1.4,1.0,9.0,,,,,,,,,,,,,,,,,,,,,,,,,,,,,,,,,,,,,,,,,,,,,,,,,,,,,,,,,,,,,,,,,,,,,,,,,,,,,,,,,,,,,,,,,,,,,2027-01-23 15:00:00,nott'm forest,bournemouth,2027-01-23,,,,,,,,,,,,,,,,,,,,,,,,,,,,,,
Sunderland,Coventry City,2027-01-23 15:00:00,2027,1,5,,,,,,,,,,,,,,,,,,,,,,,,,,,,,,,,,,,,,0.0,,,,,,,,,,,,,,,,,,,,,,,,,,,,,,,,,,,0.0,,,,,,,,,0.0,,,,,,,,,,,,,,,,,,,,,,,,,,,,1.2,1.2,,,,,,0.0,,,,,,,,1.2,,,1.2,,,,,,,,,0.0,,,1.103202846975089,,1.0,1.2,6.0,,,,,,,,,,,,,,,,,,,,,,,,,,,,,,,,,,,,,,,,,,,,,,,,,,,,,,,,,,,,,,,,,,,,,,,,,,,,,,,,,,,,,,,,,,,,,,,,2027-01-23 15:00:00,sunderland,coventry city,2027-01-23,,,,,,,,,,,,,,,,,,,,,,,,,,,,,,
Aston Villa,Ipswich Town,2027-01-30 15:00:00,2027,1,5,,,,,,,,,,,,,,,,,,,,,,,,,,,,,,,,,,,,,0.0,,,,,,,,,,,,,,,,,,,,,,,,,,,,,,,,,,,0.0,,,,,,,,,0.0,,,,,,,,,,,,,,,,,,,,,,,,,,,,1.6,1.6,,,,,,0.0,,,,,,,,1.6,,,1.6,,,,,,,,,0.0,,,1.3668224299065421,,0.8,1.6,4.0,,,,,,,,,,,,,,,,,,,,,,,,,,,,,,,,,,,,,,,,,,,,,,,,,,,,,,,,,,,,,,,,,,,,,,,,,,,,,,,,,,,,,,,,,,,,,,,,2027-01-30 15:00:00,aston villa,ipswich town,2027-01-30,,,,,,,,,,,,,,,,,,,,,,,,,,,,,,
Bournemouth,Fulham,2027-01-30 15:00:00,2027,1,5,,,,,,,,,,,,,,,,,,,,,,,,,,,,,,,,,,,,,0.0,,,,,,,,,,,,,,,,,,,,,,,,,,,,,,,,,,,0.0,,,,,,,,,0.0,,,,,,,,,,,,,,,,,,,,,,,,,,,,1.6,1.3,,,,,,0.0,,,,,,,,1.6,,,1.3,,,,,,,,,0.0,,,1.3609467455621302,0.9430199430199431,0.8,1.0,4.0,1.0,1.6,7.0,,,,,,,,,,,,,,,,,,,,,,,,,,,,,,,,,,,,,,,,,,,,,,,,,,,,,,,,,,,,,,,,,,,,,,,,,,,,,,,,,,,,,,,,,,,,,2027-01-30 15:00:00,bournemouth,fulham,2027-01-30,,,,,,,,,,,,,,,,,,,,,,,,,,,,,,
Brentford,Man United,2027-01-30 15:00:00,2027,1,5,,,,,,,,,,,,,,,,,,,,,,,,,,,,,,,,,,,,,0.0,,,,,,,,,,,,,,,,,,,,,,,,,,,,,,,,,,,0.0,,,,,,,,,0.0,,,,,,,,,,,,,,,,,,,,,,,,,,,,1.4,1.1,,,,,,0.0,,,,,,,,1.4,,,1.1,,,,,,,,,0.0,,,1.684782608695652,1.5896907216494844,1.6,0.8,8.0,1.0,1.4,7.0,,,,,,,,,,,,,,,,,,,,,,,,,,,,,,,,,,,,,,,,,,,,,,,,,,,,,,,,,,,,,,,,,,,,,,,,,,,,,,,,,,,,,,,,,,,,,2027-01-30 15:00:00,brentford,man united,2027-01-30,,,,,,,,,,,,,,,,,,,,,,,,,,,,,,
Chelsea,Nott'm Forest,2027-01-30 15:00:00,2027,1,5,,,,,,,,,,,,,,,,,,,,,,,,,,,,,,,,,,,,,0.0,,,,,,,,,,,,,,,,,,,,,,,,,,,,,,,,,,,0.0,,,,,,,,,0.0,,,,,,,,,,,,,,,,,,,,,,,,,,,,2.0,2.0,,,,,,0.0,,,,,,,,2.0,,,2.0,,,,,,,,,0.0,,,2.041322314049587,1.1506849315068493,2.4,2.0,9.0,1.6,2.0,7.0,,,,,,,,,,,,,,,,,,,,,,,,,,,,,,,,,,,,,,,,,,,,,,,,,,,,,,,,,,,,,,,,,,,,,,,,,,,,,,,,,,,,,,,,,,,,,2027-01-30 15:00:00,chelsea,nott'm forest,2027-01-30,,,,,,,,,,,,,,,,,,,,,,,,,,,,,,
Coventry City,Leeds,2027-01-30 15:00:00,2027,1,5,,,,,,,,,,,,,,,,,,,,,,,,,,,,,,,,,,,,,0.0,,,,,,,,,,,,,,,,,,,,,,,,,,,,,,,,,,,0.0,,,,,,,,,0.0,,,,,,,,,,,,,,,,,,,,,,,,,,,,1.0,1.0,,,,,,0.0,,,,,,,,1.0,,,1.0,,,,,,,,,0.0,,,,1.2986111111111112,,,,1.2,1.0,7.0,,,,,,,,,,,,,,,,,,,,,,,,,,,,,,,,,,,,,,,,,,,,,,,,,,,,,,,,,,,,,,,,,,,,,,,,,,,,,,,,,,,,,,,,,,,,,2027-01-30 15:00:00,coventry city,leeds,2027-01-30,,,,,,,,,,,,,,,,,,,,,,,,,,,,,,
Hull City,Crystal Palace,2027-01-30 15:00:00,2027,1,5,,,,,,,,,,,,,,,,,,,,,,,,,,,,,,,,,,,,,0.0,,,,,,,,,,,,,,,,,,,,,,,,,,,,,,,,,,,0.0,,,,,,,,,0.0,,,,,,,,,,,,,,,,,,,,,,,,,,,,1.4,1.4,,,,,,0.0,,,,,,,,1.4,,,1.4,,,,,,,,,0.0,,,,1.1450381679389312,,,,1.4,1.4,9.0,,,,,,,,,,,,,,,,,,,,,,,,,,,,,,,,,,,,,,,,,,,,,,,,,,,,,,,,,,,,,,,,,,,,,,,,,,,,,,,,,,,,,,,,,,,,,2027-01-30 15:00:00,hull city,crystal palace,2027-01-30,,,,,,,,,,,,,,,,,,,,,,,,,,,,,,
Liverpool,Everton,2027-01-30 15:00:00,2027,1,5,,,,,,,,,,,,,,,,,,,,,,,,,,,,,,,,,,,,,0.0,,,,,,,,,,,,,,,,,,,,,,,,,,,,,,,,,,,0.0,,,,,,,,,0.0,,,,,,,,,,,,,,,,,,,,,,,,,,,,1.4,1.2,,,,,,0.0,,,,,,,,1.4,,,1.2,,,,,,,,,0.0,,,2.072463768115942,1.05175983436853,2.4,1.4,8.0,1.4,1.0,9.0,,,,,,,,,,,,,,,,,,,,,,,,,,,,,,,,,,,,,,,,,,,,,,,,,,,,,,,,,,,,,,,,,,,,,,,,,,,,,,,,,,,,,,,,,,,,,2027-01-30 15:00:00,liverpool,everton,2027-01-30,,,,,,,,,,,,,,,,,,,,,,,,,,,,,,
Man City,Arsenal,2027-01-30 15:00:00,2027,1,5,,,,,,,,,,,,,,,,,,,,,,,,,,,,,,,,,,,,,0.0,,,,,,,,,,,,,,,,,,,,,,,,,,,,,,,,,,,0.0,,,,,,,,,0.0,,,,,,,,,,,,,,,,,,,,,,,,,,,,1.4,1.1,,,,,,0.0,,,,,,,,1.4,,,1.1,,,,,,,,,0.0,,,2.1931330472103006,1.651639344262295,2.4,1.4,13.0,1.6,0.8,13.0,,,,,,,,,,,,,,,,,,,,,,,,,,,,,,,,,,,,,,,,,,,,,,,,,,,,,,,,,,,,,,,,,,,,,,,,,,,,,,,,,,,,,,,,,,,,,2027-01-30 15:00:00,man city,arsenal,2027-01-30,,,,,,,,,,,,,,,,,,,,,,,,,,,,,,
Newcastle,Brighton,2027-01-30 15:00:00,2027,1,5,,,,,,,,,,,,,,,,,,,,,,,,,,,,,,,,,,,,,0.0,,,,,,,,,,,,,,,,,,,,,,,,,,,,,,,,,,,0.0,,,,,,,,,0.0,,,,,,,,,,,,,,,,,,,,,,,,,,,,1.8,1.6,,,,,,0.0,,,,,,,,1.8,,,1.6,,,,,,,,,0.0,,,1.5714285714285714,1.2335329341317365,2.0,1.8,8.0,2.2,1.4,9.0,,,,,,,,,,,,,,,,,,,,,,,,,,,,,,,,,,,,,,,,,,,,,,,,,,,,,,,,,,,,,,,,,,,,,,,,,,,,,,,,,,,,,,,,,,,,,2027-01-30 15:00:00,newcastle,brighton,2027-01-30,,,,,,,,,,,,,,,,,,,,,,,,,,,,,,
Tottenham,Sunderland,2027-01-30 15:00:00,2027,1,5,,,,,,,,,,,,,,,,,,,,,,,,,,,,,,,,,,,,,0.0,,,,,,,,,,,,,,,,,,,,,,,,,,,,,,,,,,,0.0,,,,,,,,,0.0,,,,,,,,,,,,,,,,,,,,,,,,,,,,2.4,2.1,,,,,,0.0,,,,,,,,2.4,,,2.1,,,,,,,,,0.0,,,1.8008213552361396,0.8617021276595744,0.8,2.4,1.0,1.4,1.8,7.0,,,,,,,,,,,,,,,,,,,,,,,,,,,,,,,,,,,,,,,,,,,,,,,,,,,,,,,,,,,,,,,,,,,,,,,,,,,,,,,,,,,,,,,,,,,,,2027-01-30 15:00:00,tottenham,sunderland,2027-01-30,,,,,,,,,,,,,,,,,,,,,,,,,,,,,,
Arsenal,Liverpool,2027-02-06 15:00:00,2027,2,5,,,,,,,,,,,,,,,,,,,,,,,,,,,,,,,,,,,,,0.0,,,,,,,,,,,,,,,,,,,,,,,,,,,,,,,,,,,0.0,,,,,,,,,0.0,,,,,,,,,,,,,,,,,,,,,,,,,,,,1.0,0.9,,,,,,0.0,,,,,,,,1.0,,,0.9,,,,,,,,,0.0,,,2.145228215767635,1.6454918032786885,2.4,1.0,12.0,1.4,0.8,11.0,,,,,,,,,,,,,,,,,,,,,,,,,,,,,,,,,,,,,,,,,,,,,,,,,,,,,,,,,,,,,,,,,,,,,,,,,,,,,,,,,,,,,,,,,,,,,2027-02-06 15:00:00,arsenal,liverpool,2027-02-06,,,,,,,,,,,,,,,,,,,,,,,,,,,,,,
Brighton,Hull City,2027-02-06 15:00:00,2027,2,5,,,,,,,,,,,,,,,,,,,,,,,,,,,,,,,,,,,,,0.0,,,,,,,,,,,,,,,,,,,,,,,,,,,,,,,,,,,0.0,,,,,,,,,0.0,,,,,,,,,,,,,,,,,,,,,,,,,,,,0.6,0.6,,,,,,0.0,,,,,,,,0.6,,,0.6,,,,,,,,,0.0,,,1.3511904761904763,,2.0,0.6,10.0,,,,,,,,,,,,,,,,,,,,,,,,,,,,,,,,,,,,,,,,,,,,,,,,,,,,,,,,,,,,,,,,,,,,,,,,,,,,,,,,,,,,,,,,,,,,,,,,2027-02-06 15:00:00,brighton,hull city,2027-02-06,,,,,,,,,,,,,,,,,,,,,,,,,,,,,,
Crystal Palace,Coventry City,2027-02-06 15:00:00,2027,2,5,,,,,,,,,,,,,,,,,,,,,,,,,,,,,,,,,,,,,0.0,,,,,,,,,,,,,,,,,,,,,,,,,,,,,,,,,,,0.0,,,,,,,,,0.0,,,,,,,,,,,,,,,,,,,,,,,,,,,,2.6,2.6,,,,,,0.0,,,,,,,,2.6,,,2.6,,,,,,,,,0.0,,,1.193798449612403,,1.4,2.6,3.0,,,,,,,,,,,,,,,,,,,,,,,,,,,,,,,,,,,,,,,,,,,,,,,,,,,,,,,,,,,,,,,,,,,,,,,,,,,,,,,,,,,,,,,,,,,,,,,,2027-02-06 15:00:00,crystal palace,coventry city,2027-02-06,,,,,,,,,,,,,,,,,,,,,,,,,,,,,,
Everton,Newcastle,2027-02-06 15:00:00,2027,2,5,,,,,,,,,,,,,,,,,,,,,,,,,,,,,,,,,,,,,0.0,,,,,,,,,,,,,,,,,,,,,,,,,,,,,,,,,,,0.0,,,,,,,,,0.0,,,,,,,,,,,,,,,,,,,,,,,,,,,,2.2,1.4000000000000001,,,,,,0.0,,,,,,,,2.2,,,1.4000000000000001,,,,,,,,,0.0,,,1.5030800821355237,1.1121076233183858,1.4,0.6,10.0,1.4,2.2,9.0,,,,,,,,,,,,,,,,,,,,,,,,,,,,,,,,,,,,,,,,,,,,,,,,,,,,,,,,,,,,,,,,,,,,,,,,,,,,,,,,,,,,,,,,,,,,,2027-02-06 15:00:00,everton,newcastle,2027-02-06,,,,,,,,,,,,,,,,,,,,,,,,,,,,,,
Fulham,Man City,2027-02-06 15:00:00,2027,2,5,,,,,,,,,,,,,,,,,,,,,,,,,,,,,,,,,,,,,0.0,,,,,,,,,,,,,,,,,,,,,,,,,,,,,,,,,,,0.0,,,,,,,,,0.0,,,,,,,,,,,,,,,,,,,,,,,,,,,,1.8,1.3,,,,,,0.0,,,,,,,,1.8,,,1.3,,,,,,,,,0.0,,,1.3672316384180792,1.6365591397849462,1.4,1.8,4.0,2.0,0.8,13.0,,,,,,,,,,,,,,,,,,,,,,,,,,,,,,,,,,,,,,,,,,,,,,,,,,,,,,,,,,,,,,,,,,,,,,,,,,,,,,,,,,,,,,,,,,,,,2027-02-06 15:00:00,fulham,man city,2027-02-06,,,,,,,,,,,,,,,,,,,,,,,,,,,,,,
Ipswich Town,Tottenham,2027-02-06 15:00:00,2027,2,5,,,,,,,,,,,,,,,,,,,,,,,,,,,,,,,,,,,,,0.0,,,,,,,,,,,,,,,,,,,,,,,,,,,,,,,,,,,0.0,,,,,,,,,0.0,,,,,,,,,,,,,,,,,,,,,,,,,,,,1.8,1.8,,,,,,0.0,,,,,,,,1.8,,,1.8,,,,,,,,,0.0,,,,1.402061855670103,,,,0.6,1.8,5.0,,,,,,,,,,,,,,,,,,,,,,,,,,,,,,,,,,,,,,,,,,,,,,,,,,,,,,,,,,,,,,,,,,,,,,,,,,,,,,,,,,,,,,,,,,,,,2027-02-06 15:00:00,ipswich town,tottenham,2027-02-06,,,,,,,,,,,,,,,,,,,,,,,,,,,,,,
Leeds,Bournemouth,2027-02-06 15:00:00,2027,2,5,,,,,,,,,,,,,,,,,,,,,,,,,,,,,,,,,,,,,0.0,,,,,,,,,,,,,,,,,,,,,,,,,,,,,,,,,,,0.0,,,,,,,,,0.0,,,,,,,,,,,,,,,,,,,,,,,,,,,,1.0,0.9,,,,,,0.0,,,,,,,,1.0,,,0.9,,,,,,,,,0.0,,,1.4256756756756757,1.2574850299401197,1.0,0.8,5.0,1.4,1.0,9.0,,,,,,,,,,,,,,,,,,,,,,,,,,,,,,,,,,,,,,,,,,,,,,,,,,,,,,,,,,,,,,,,,,,,,,,,,,,,,,,,,,,,,,,,,,,,,2027-02-06 15:00:00,leeds,bournemouth,2027-02-06,,,,,,,,,,,,,,,,,,,,,,,,,,,,,,
Man United,Chelsea,2027-02-06 15:00:00,2027,2,5,,,,,,,,,,,,,,,,,,,,,,,,,,,,,,,,,,,,,0.0,,,,,,,,,,,,,,,,,,,,,,,,,,,,,,,,,,,0.0,,,,,,,,,0.0,,,,,,,,,,,,,,,,,,,,,,,,,,,,2.0,1.6,,,,,,0.0,,,,,,,,2.0,,,1.6,,,,,,,,,0.0,,,2.0351966873706004,1.5855670103092783,2.4,1.2,12.0,1.8,2.0,9.0,,,,,,,,,,,,,,,,,,,,,,,,,,,,,,,,,,,,,,,,,,,,,,,,,,,,,,,,,,,,,,,,,,,,,,,,,,,,,,,,,,,,,,,,,,,,,2027-02-06 15:00:00,man united,chelsea,2027-02-06,,,,,,,,,,,,,,,,,,,,,,,,,,,,,,
Nott'm Forest,Brentford,2027-02-06 15:00:00,2027,2,5,,,,,,,,,,,,,,,,,,,,,,,,,,,,,,,,,,,,,0.0,,,,,,,,,,,,,,,,,,,,,,,,,,,,,,,,,,,0.0,,,,,,,,,0.0,,,,,,,,,,,,,,,,,,,,,,,,,,,,1.6,1.1,,,,,,0.0,,,,,,,,1.6,,,1.1,,,,,,,,,0.0,,,1.2602739726027397,1.358695652173913,0.0,0.6,2.0,2.0,1.6,9.0,,,,,,,,,,,,,,,,,,,,,,,,,,,,,,,,,,,,,,,,,,,,,,,,,,,,,,,,,,,,,,,,,,,,,,,,,,,,,,,,,,,,,,,,,,,,,2027-02-06 15:00:00,nott'm forest,brentford,2027-02-06,,,,,,,,,,,,,,,,,,,,,,,,,,,,,,
Sunderland,Aston Villa,2027-02-06 15:00:00,2027,2,5,,,,,,,,,,,,,,,,,,,,,,,,,,,,,,,,,,,,,0.0,,,,,,,,,,,,,,,,,,,,,,,,,,,,,,,,,,,0.0,,,,,,,,,0.0,,,,,,,,,,,,,,,,,,,,,,,,,,,,1.8,1.5,,,,,,0.0,,,,,,,,1.8,,,1.5,,,,,,,,,0.0,,,1.103202846975089,1.1495327102803738,1.0,1.2,6.0,0.8,1.8,7.0,,,,,,,,,,,,,,,,,,,,,,,,,,,,,,,,,,,,,,,,,,,,,,,,,,,,,,,,,,,,,,,,,,,,,,,,,,,,,,,,,,,,,,,,,,,,,2027-02-06 15:00:00,sunderland,aston villa,2027-02-06,,,,,,,,,,,,,,,,,,,,,,,,,,,,,,
Aston Villa,Bournemouth,2027-02-10 20:00:00,2027,2,2,,,,,,,,,,,,,,,,,,,,,,,,,,,,,,,,,,,,,0.0,,,,,,,,,,,,,,,,,,,,,,,,,,,,,,,,,,,0.0,,,,,,,,,0.0,,,,,,,,,,,,,,,,,,,,,,,,,,,,1.6,1.3,,,,,,0.0,,,,,,,,1.6,,,1.3,,,,,,,,,0.0,,,1.3668224299065421,1.2574850299401197,0.8,1.6,4.0,1.4,1.0,9.0,,,,,,,,,,,,,,,,,,,,,,,,,,,,,,,,,,,,,,,,,,,,,,,,,,,,,,,,,,,,,,,,,,,,,,,,,,,,,,,,,,,,,,,,,,,,,2027-02-10 20:00:00,aston villa,bournemouth,2027-02-10,,,,,,,,,,,,,,,,,,,,,,,,,,,,,,
Coventry City,Liverpool,2027-02-10 20:00:00,2027,2,2,,,,,,,,,,,,,,,,,,,,,,,,,,,,,,,,,,,,,0.0,,,,,,,,,,,,,,,,,,,,,,,,,,,,,,,,,,,0.0,,,,,,,,,0.0,,,,,,,,,,,,,,,,,,,,,,,,,,,,0.8,0.8,,,,,,0.0,,,,,,,,0.8,,,0.8,,,,,,,,,0.0,,,,1.6454918032786885,,,,1.4,0.8,11.0,,,,,,,,,,,,,,,,,,,,,,,,,,,,,,,,,,,,,,,,,,,,,,,,,,,,,,,,,,,,,,,,,,,,,,,,,,,,,,,,,,,,,,,,,,,,,2027-02-10 20:00:00,coventry city,liverpool,2027-02-10,,,,,,,,,,,,,,,,,,,,,,,,,,,,,,
Crystal Palace,Brentford,2027-02-10 20:00:00,2027,2,2,,,,,,,,,,,,,,,,,,,,,,,,,,,,,,,,,,,,,0.0,,,,,,,,,,,,,,,,,,,,,,,,,,,,,,,,,,,0.0,,,,,,,,,0.0,,,,,,,,,,,,,,,,,,,,,,,,,,,,2.6,2.1,,,,,,0.0,,,,,,,,2.6,,,2.1,,,,,,,,,0.0,,,1.193798449612403,1.358695652173913,1.4,2.6,3.0,2.0,1.6,9.0,,,,,,,,,,,,,,,,,,,,,,,,,,,,,,,,,,,,,,,,,,,,,,,,,,,,,,,,,,,,,,,,,,,,,,,,,,,,,,,,,,,,,,,,,,,,,2027-02-10 20:00:00,crystal palace,brentford,2027-02-10,,,,,,,,,,,,,,,,,,,,,,,,,,,,,,
Everton,Leeds,2027-02-10 20:00:00,2027,2,2,,,,,,,,,,,,,,,,,,,,,,,,,,,,,,,,,,,,,0.0,,,,,,,,,,,,,,,,,,,,,,,,,,,,,,,,,,,0.0,,,,,,,,,0.0,,,,,,,,,,,,,,,,,,,,,,,,,,,,1.0,0.8,,,,,,0.0,,,,,,,,1.0,,,0.8,,,,,,,,,0.0,,,1.5030800821355237,1.2986111111111112,1.4,0.6,10.0,1.2,1.0,7.0,,,,,,,,,,,,,,,,,,,,,,,,,,,,,,,,,,,,,,,,,,,,,,,,,,,,,,,,,,,,,,,,,,,,,,,,,,,,,,,,,,,,,,,,,,,,,2027-02-10 20:00:00,everton,leeds,2027-02-10,,,,,,,,,,,,,,,,,,,,,,,,,,,,,,
Fulham,Nott'm Forest,2027-02-10 20:00:00,2027,2,2,,,,,,,,,,,,,,,,,,,,,,,,,,,,,,,,,,,,,0.0,,,,,,,,,,,,,,,,,,,,,,,,,,,,,,,,,,,0.0,,,,,,,,,0.0,,,,,,,,,,,,,,,,,,,,,,,,,,,,2.0,1.9,,,,,,0.0,,,,,,,,2.0,,,1.9,,,,,,,,,0.0,,,1.3672316384180792,1.1506849315068493,1.4,1.8,4.0,1.6,2.0,7.0,,,,,,,,,,,,,,,,,,,,,,,,,,,,,,,,,,,,,,,,,,,,,,,,,,,,,,,,,,,,,,,,,,,,,,,,,,,,,,,,,,,,,,,,,,,,,2027-02-10 20:00:00,fulham,nott'm forest,2027-02-10,,,,,,,,,,,,,,,,,,,,,,,,,,,,,,
Hull City,Sunderland,2027-02-10 20:00:00,2027,2,2,,,,,,,,,,,,,,,,,,,,,,,,,,,,,,,,,,,,,0.0,,,,,,,,,,,,,,,,,,,,,,,,,,,,,,,,,,,0.0,,,,,,,,,0.0,,,,,,,,,,,,,,,,,,,,,,,,,,,,1.8,1.8,,,,,,0.0,,,,,,,,1.8,,,1.8,,,,,,,,,0.0,,,,0.8617021276595744,,,,1.4,1.8,7.0,,,,,,,,,,,,,,,,,,,,,,,,,,,,,,,,,,,,,,,,,,,,,,,,,,,,,,,,,,,,,,,,,,,,,,,,,,,,,,,,,,,,,,,,,,,,,2027-02-10 20:00:00,hull city,sunderland,2027-02-10,,,,,,,,,,,,,,,,,,,,,,,,,,,,,,
Ipswich Town,Arsenal,2027-02-10 20:00:00,2027,2,2,,,,,,,,,,,,,,,,,,,,,,,,,,,,,,,,,,,,,0.0,,,,,,,,,,,,,,,,,,,,,,,,,,,,,,,,,,,0.0,,,,,,,,,0.0,,,,,,,,,,,,,,,,,,,,,,,,,,,,0.8,0.8,,,,,,0.0,,,,,,,,0.8,,,0.8,,,,,,,,,0.0,,,,1.651639344262295,,,,1.6,0.8,13.0,,,,,,,,,,,,,,,,,,,,,,,,,,,,,,,,,,,,,,,,,,,,,,,,,,,,,,,,,,,,,,,,,,,,,,,,,,,,,,,,,,,,,,,,,,,,,2027-02-10 20:00:00,ipswich town,arsenal,2027-02-10,,,,,,,,,,,,,,,,,,,,,,,,,,,,,,
Man United,Brighton,2027-02-10 20:00:00,2027,2,2,,,,,,,,,,,,,,,,,,,,,,,,,,,,,,,,,,,,,0.0,,,,,,,,,,,,,,,,,,,,,,,,,,,,,,,,,,,0.0,,,,,,,,,0.0,,,,,,,,,,,,,,,,,,,,,,,,,,,,1.4,1.2999999999999998,,,,,,0.0,,,,,,,,1.4,,,1.2999999999999998,,,,,,,,,0.0,,,2.0351966873706004,1.2335329341317365,2.4,1.2,12.0,2.2,1.4,9.0,,,,,,,,,,,,,,,,,,,,,,,,,,,,,,,,,,,,,,,,,,,,,,,,,,,,,,,,,,,,,,,,,,,,,,,,,,,,,,,,,,,,,,,,,,,,,2027-02-10 20:00:00,man united,brighton,2027-02-10,,,,,,,,,,,,,,,,,,,,,,,,,,,,,,
Newcastle,Chelsea,2027-02-10 20:00:00,2027,2,2,,,,,,,,,,,,,,,,,,,,,,,,,,,,,,,,,,,,,0.0,,,,,,,,,,,,,,,,,,,,,,,,,,,,,,,,,,,0.0,,,,,,,,,0.0,,,,,,,,,,,,,,,,,,,,,,,,,,,,2.0,1.9,,,,,,0.0,,,,,,,,2.0,,,1.9,,,,,,,,,0.0,,,1.5714285714285714,1.5855670103092783,2.0,1.8,8.0,1.8,2.0,9.0,,,,,,,,,,,,,,,,,,,,,,,,,,,,,,,,,,,,,,,,,,,,,,,,,,,,,,,,,,,,,,,,,,,,,,,,,,,,,,,,,,,,,,,,,,,,,2027-02-10 20:00:00,newcastle,chelsea,2027-02-10,,,,,,,,,,,,,,,,,,,,,,,,,,,,,,
Tottenham,Man City,2027-02-10 20:00:00,2027,2,2,,,,,,,,,,,,,,,,,,,,,,,,,,,,,,,,,,,,,0.0,,,,,,,,,,,,,,,,,,,,,,,,,,,,,,,,,,,0.0,,,,,,,,,0.0,,,,,,,,,,,,,,,,,,,,,,,,,,,,2.4,1.6,,,,,,0.0,,,,,,,,2.4,,,1.6,,,,,,,,,0.0,,,1.8008213552361396,1.6365591397849462,0.8,2.4,1.0,2.0,0.8,13.0,,,,,,,,,,,,,,,,,,,,,,,,,,,,,,,,,,,,,,,,,,,,,,,,,,,,,,,,,,,,,,,,,,,,,,,,,,,,,,,,,,,,,,,,,,,,,2027-02-10 20:00:00,tottenham,man city,2027-02-10,,,,,,,,,,,,,,,,,,,,,,,,,,,,,,
Arsenal,Fulham,2027-02-20 15:00:00,2027,2,5,,,,,,,,,,,,,,,,,,,,,,,,,,,,,,,,,,,,,0.0,,,,,,,,,,,,,,,,,,,,,,,,,,,,,,,,,,,0.0,,,,,,,,,0.0,,,,,,,,,,,,,,,,,,,,,,,,,,,,1.6,1.3,,,,,,0.0,,,,,,,,1.6,,,1.3,,,,,,,,,0.0,,,2.145228215767635,0.9430199430199431,2.4,1.0,12.0,1.0,1.6,7.0,,,,,,,,,,,,,,,,,,,,,,,,,,,,,,,,,,,,,,,,,,,,,,,,,,,,,,,,,,,,,,,,,,,,,,,,,,,,,,,,,,,,,,,,,,,,,2027-02-20 15:00:00,arsenal,fulham,2027-02-20,,,,,,,,,,,,,,,,,,,,,,,,,,,,,,
Bournemouth,Crystal Palace,2027-02-20 15:00:00,2027,2,5,,,,,,,,,,,,,,,,,,,,,,,,,,,,,,,,,,,,,0.0,,,,,,,,,,,,,,,,,,,,,,,,,,,,,,,,,,,0.0,,,,,,,,,0.0,,,,,,,,,,,,,,,,,,,,,,,,,,,,1.4,1.2,,,,,,0.0,,,,,,,,1.4,,,1.2,,,,,,,,,0.0,,,1.3609467455621302,1.1450381679389312,0.8,1.0,4.0,1.4,1.4,9.0,,,,,,,,,,,,,,,,,,,,,,,,,,,,,,,,,,,,,,,,,,,,,,,,,,,,,,,,,,,,,,,,,,,,,,,,,,,,,,,,,,,,,,,,,,,,,2027-02-20 15:00:00,bournemouth,crystal palace,2027-02-20,,,,,,,,,,,,,,,,,,,,,,,,,,,,,,
Brentford,Coventry City,2027-02-20 15:00:00,2027,2,5,,,,,,,,,,,,,,,,,,,,,,,,,,,,,,,,,,,,,0.0,,,,,,,,,,,,,,,,,,,,,,,,,,,,,,,,,,,0.0,,,,,,,,,0.0,,,,,,,,,,,,,,,,,,,,,,,,,,,,0.8,0.8,,,,,,0.0,,,,,,,,0.8,,,0.8,,,,,,,,,0.0,,,1.684782608695652,,1.6,0.8,8.0,,,,,,,,,,,,,,,,,,,,,,,,,,,,,,,,,,,,,,,,,,,,,,,,,,,,,,,,,,,,,,,,,,,,,,,,,,,,,,,,,,,,,,,,,,,,,,,,2027-02-20 15:00:00,brentford,coventry city,2027-02-20,,,,,,,,,,,,,,,,,,,,,,,,,,,,,,
Brighton,Tottenham,2027-02-20 15:00:00,2027,2,5,,,,,,,,,,,,,,,,,,,,,,,,,,,,,,,,,,,,,0.0,,,,,,,,,,,,,,,,,,,,,,,,,,,,,,,,,,,0.0,,,,,,,,,0.0,,,,,,,,,,,,,,,,,,,,,,,,,,,,1.8,1.2,,,,,,0.0,,,,,,,,1.8,,,1.2,,,,,,,,,0.0,,,1.3511904761904763,1.402061855670103,2.0,0.6,10.0,0.6,1.8,5.0,,,,,,,,,,,,,,,,,,,,,,,,,,,,,,,,,,,,,,,,,,,,,,,,,,,,,,,,,,,,,,,,,,,,,,,,,,,,,,,,,,,,,,,,,,,,,2027-02-20 15:00:00,brighton,tottenham,2027-02-20,,,,,,,,,,,,,,,,,,,,,,,,,,,,,,
Chelsea,Ipswich Town,2027-02-20 15:00:00,2027,2,5,,,,,,,,,,,,,,,,,,,,,,,,,,,,,,,,,,,,,0.0,,,,,,,,,,,,,,,,,,,,,,,,,,,,,,,,,,,0.0,,,,,,,,,0.0,,,,,,,,,,,,,,,,,,,,,,,,,,,,2.0,2.0,,,,,,0.0,,,,,,,,2.0,,,2.0,,,,,,,,,0.0,,,2.041322314049587,,2.4,2.0,9.0,,,,,,,,,,,,,,,,,,,,,,,,,,,,,,,,,,,,,,,,,,,,,,,,,,,,,,,,,,,,,,,,,,,,,,,,,,,,,,,,,,,,,,,,,,,,,,,,2027-02-20 15:00:00,chelsea,ipswich town,2027-02-20,,,,,,,,,,,,,,,,,,,,,,,,,,,,,,
Leeds,Aston Villa,2027-02-20 15:00:00,2027,2,5,,,,,,,,,,,,,,,,,,,,,,,,,,,,,,,,,,,,,0.0,,,,,,,,,,,,,,,,,,,,,,,,,,,,,,,,,,,0.0,,,,,,,,,0.0,,,,,,,,,,,,,,,,,,,,,,,,,,,,1.8,1.3,,,,,,0.0,,,,,,,,1.8,,,1.3,,,,,,,,,0.0,,,1.4256756756756757,1.1495327102803738,1.0,0.8,5.0,0.8,1.8,7.0,,,,,,,,,,,,,,,,,,,,,,,,,,,,,,,,,,,,,,,,,,,,,,,,,,,,,,,,,,,,,,,,,,,,,,,,,,,,,,,,,,,,,,,,,,,,,2027-02-20 15:00:00,leeds,aston villa,2027-02-20,,,,,,,,,,,,,,,,,,,,,,,,,,,,,,
Liverpool,Hull City,2027-02-20 15:00:00,2027,2,5,,,,,,,,,,,,,,,,,,,,,,,,,,,,,,,,,,,,,0.0,,,,,,,,,,,,,,,,,,,,,,,,,,,,,,,,,,,0.0,,,,,,,,,0.0,,,,,,,,,,,,,,,,,,,,,,,,,,,,1.4,1.4,,,,,,0.0,,,,,,,,1.4,,,1.4,,,,,,,,,0.0,,,2.072463768115942,,2.4,1.4,8.0,,,,,,,,,,,,,,,,,,,,,,,,,,,,,,,,,,,,,,,,,,,,,,,,,,,,,,,,,,,,,,,,,,,,,,,,,,,,,,,,,,,,,,,,,,,,,,,,2027-02-20 15:00:00,liverpool,hull city,2027-02-20,,,,,,,,,,,,,,,,,,,,,,,,,,,,,,
Man City,Newcastle,2027-02-20 15:00:00,2027,2,5,,,,,,,,,,,,,,,,,,,,,,,,,,,,,,,,,,,,,0.0,,,,,,,,,,,,,,,,,,,,,,,,,,,,,,,,,,,0.0,,,,,,,,,0.0,,,,,,,,,,,,,,,,,,,,,,,,,,,,2.2,1.8,,,,,,0.0,,,,,,,,2.2,,,1.8,,,,,,,,,0.0,,,2.1931330472103006,1.1121076233183858,2.4,1.4,13.0,1.4,2.2,9.0,,,,,,,,,,,,,,,,,,,,,,,,,,,,,,,,,,,,,,,,,,,,,,,,,,,,,,,,,,,,,,,,,,,,,,,,,,,,,,,,,,,,,,,,,,,,,2027-02-20 15:00:00,man city,newcastle,2027-02-20,,,,,,,,,,,,,,,,,,,,,,,,,,,,,,
Nott'm Forest,Man United,2027-02-20 15:00:00,2027,2,5,,,,,,,,,,,,,,,,,,,,,,,,,,,,,,,,,,,,,0.0,,,,,,,,,,,,,,,,,,,,,,,,,,,,,,,,,,,0.0,,,,,,,,,0.0,,,,,,,,,,,,,,,,,,,,,,,,,,,,1.4,1.0,,,,,,0.0,,,,,,,,1.4,,,1.0,,,,,,,,,0.0,,,1.2602739726027397,1.5896907216494844,0.0,0.6,2.0,1.0,1.4,7.0,,,,,,,,,,,,,,,,,,,,,,,,,,,,,,,,,,,,,,,,,,,,,,,,,,,,,,,,,,,,,,,,,,,,,,,,,,,,,,,,,,,,,,,,,,,,,2027-02-20 15:00:00,nott'm forest,man united,2027-02-20,,,,,,,,,,,,,,,,,,,,,,,,,,,,,,
Sunderland,Everton,2027-02-20 15:00:00,2027,2,5,,,,,,,,,,,,,,,,,,,,,,,,,,,,,,,,,,,,,0.0,,,,,,,,,,,,,,,,,,,,,,,,,,,,,,,,,,,0.0,,,,,,,,,0.0,,,,,,,,,,,,,,,,,,,,,,,,,,,,1.2,1.1,,,,,,0.0,,,,,,,,1.2,,,1.1,,,,,,,,,0.0,,,1.103202846975089,1.05175983436853,1.0,1.2,6.0,1.4,1.0,9.0,,,,,,,,,,,,,,,,,,,,,,,,,,,,,,,,,,,,,,,,,,,,,,,,,,,,,,,,,,,,,,,,,,,,,,,,,,,,,,,,,,,,,,,,,,,,,2027-02-20 15:00:00,sunderland,everton,2027-02-20,,,,,,,,,,,,,,,,,,,,,,,,,,,,,,
Aston Villa,Chelsea,2027-02-27 15:00:00,2027,2,5,,,,,,,,,,,,,,,,,,,,,,,,,,,,,,,,,,,,,0.0,,,,,,,,,,,,,,,,,,,,,,,,,,,,,,,,,,,0.0,,,,,,,,,0.0,,,,,,,,,,,,,,,,,,,,,,,,,,,,2.0,1.8,,,,,,0.0,,,,,,,,2.0,,,1.8,,,,,,,,,0.0,,,1.3668224299065421,1.5855670103092783,0.8,1.6,4.0,1.8,2.0,9.0,,,,,,,,,,,,,,,,,,,,,,,,,,,,,,,,,,,,,,,,,,,,,,,,,,,,,,,,,,,,,,,,,,,,,,,,,,,,,,,,,,,,,,,,,,,,,2027-02-27 15:00:00,aston villa,chelsea,2027-02-27,,,,,,,,,,,,,,,,,,,,,,,,,,,,,,
Coventry City,Bournemouth,2027-02-27 15:00:00,2027,2,5,,,,,,,,,,,,,,,,,,,,,,,,,,,,,,,,,,,,,0.0,,,,,,,,,,,,,,,,,,,,,,,,,,,,,,,,,,,0.0,,,,,,,,,0.0,,,,,,,,,,,,,,,,,,,,,,,,,,,,1.0,1.0,,,,,,0.0,,,,,,,,1.0,,,1.0,,,,,,,,,0.0,,,,1.2574850299401197,,,,1.4,1.0,9.0,,,,,,,,,,,,,,,,,,,,,,,,,,,,,,,,,,,,,,,,,,,,,,,,,,,,,,,,,,,,,,,,,,,,,,,,,,,,,,,,,,,,,,,,,,,,,2027-02-27 15:00:00,coventry city,bournemouth,2027-02-27,,,,,,,,,,,,,,,,,,,,,,,,,,,,,,
Crystal Palace,Sunderland,2027-02-27 15:00:00,2027,2,5,,,,,,,,,,,,,,,,,,,,,,,,,,,,,,,,,,,,,0.0,,,,,,,,,,,,,,,,,,,,,,,,,,,,,,,,,,,0.0,,,,,,,,,0.0,,,,,,,,,,,,,,,,,,,,,,,,,,,,2.6,2.2,,,,,,0.0,,,,,,,,2.6,,,2.2,,,,,,,,,0.0,,,1.193798449612403,0.8617021276595744,1.4,2.6,3.0,1.4,1.8,7.0,,,,,,,,,,,,,,,,,,,,,,,,,,,,,,,,,,,,,,,,,,,,,,,,,,,,,,,,,,,,,,,,,,,,,,,,,,,,,,,,,,,,,,,,,,,,,2027-02-27 15:00:00,crystal palace,sunderland,2027-02-27,,,,,,,,,,,,,,,,,,,,,,,,,,,,,,
Everton,Nott'm Forest,2027-02-27 15:00:00,2027,2,5,,,,,,,,,,,,,,,,,,,,,,,,,,,,,,,,,,,,,0.0,,,,,,,,,,,,,,,,,,,,,,,,,,,,,,,,,,,0.0,,,,,,,,,0.0,,,,,,,,,,,,,,,,,,,,,,,,,,,,2.0,1.3,,,,,,0.0,,,,,,,,2.0,,,1.3,,,,,,,,,0.0,,,1.5030800821355237,1.1506849315068493,1.4,0.6,10.0,1.6,2.0,7.0,,,,,,,,,,,,,,,,,,,,,,,,,,,,,,,,,,,,,,,,,,,,,,,,,,,,,,,,,,,,,,,,,,,,,,,,,,,,,,,,,,,,,,,,,,,,,2027-02-27 15:00:00,everton,nott'm forest,2027-02-27,,,,,,,,,,,,,,,,,,,,,,,,,,,,,,
Fulham,Leeds,2027-02-27 15:00:00,2027,2,5,,,,,,,,,,,,,,,,,,,,,,,,,,,,,,,,,,,,,0.0,,,,,,,,,,,,,,,,,,,,,,,,,,,,,,,,,,,0.0,,,,,,,,,0.0,,,,,,,,,,,,,,,,,,,,,,,,,,,,1.8,1.4,,,,,,0.0,,,,,,,,1.8,,,1.4,,,,,,,,,0.0,,,1.3672316384180792,1.2986111111111112,1.4,1.8,4.0,1.2,1.0,7.0,,,,,,,,,,,,,,,,,,,,,,,,,,,,,,,,,,,,,,,,,,,,,,,,,,,,,,,,,,,,,,,,,,,,,,,,,,,,,,,,,,,,,,,,,,,,,2027-02-27 15:00:00,fulham,leeds,2027-02-27,,,,,,,,,,,,,,,,,,,,,,,,,,,,,,
Hull City,Man City,2027-02-27 15:00:00,2027,2,5,,,,,,,,,,,,,,,,,,,,,,,,,,,,,,,,,,,,,0.0,,,,,,,,,,,,,,,,,,,,,,,,,,,,,,,,,,,0.0,,,,,,,,,0.0,,,,,,,,,,,,,,,,,,,,,,,,,,,,0.8,0.8,,,,,,0.0,,,,,,,,0.8,,,0.8,,,,,,,,,0.0,,,,1.6365591397849462,,,,2.0,0.8,13.0,,,,,,,,,,,,,,,,,,,,,,,,,,,,,,,,,,,,,,,,,,,,,,,,,,,,,,,,,,,,,,,,,,,,,,,,,,,,,,,,,,,,,,,,,,,,,2027-02-27 15:00:00,hull city,man city,2027-02-27,,,,,,,,,,,,,,,,,,,,,,,,,,,,,,
Ipswich Town,Brighton,2027-02-27 15:00:00,2027,2,5,,,,,,,,,,,,,,,,,,,,,,,,,,,,,,,,,,,,,0.0,,,,,,,,,,,,,,,,,,,,,,,,,,,,,,,,,,,0.0,,,,,,,,,0.0,,,,,,,,,,,,,,,,,,,,,,,,,,,,1.4,1.4,,,,,,0.0,,,,,,,,1.4,,,1.4,,,,,,,,,0.0,,,,1.2335329341317365,,,,2.2,1.4,9.0,,,,,,,,,,,,,,,,,,,,,,,,,,,,,,,,,,,,,,,,,,,,,,,,,,,,,,,,,,,,,,,,,,,,,,,,,,,,,,,,,,,,,,,,,,,,,2027-02-27 15:00:00,ipswich town,brighton,2027-02-27,,,,,,,,,,,,,,,,,,,,,,,,,,,,,,
Man United,Arsenal,2027-02-27 15:00:00,2027,2,5,,,,,,,,,,,,,,,,,,,,,,,,,,,,,,,,,,,,,0.0,,,,,,,,,,,,,,,,,,,,,,,,,,,,,,,,,,,0.0,,,,,,,,,0.0,,,,,,,,,,,,,,,,,,,,,,,,,,,,1.2,1.0,,,,,,0.0,,,,,,,,1.2,,,1.0,,,,,,,,,0.0,,,2.0351966873706004,1.651639344262295,2.4,1.2,12.0,1.6,0.8,13.0,,,,,,,,,,,,,,,,,,,,,,,,,,,,,,,,,,,,,,,,,,,,,,,,,,,,,,,,,,,,,,,,,,,,,,,,,,,,,,,,,,,,,,,,,,,,,2027-02-27 15:00:00,man united,arsenal,2027-02-27,,,,,,,,,,,,,,,,,,,,,,,,,,,,,,
Newcastle,Brentford,2027-02-27 15:00:00,2027,2,5,,,,,,,,,,,,,,,,,,,,,,,,,,,,,,,,,,,,,0.0,,,,,,,,,,,,,,,,,,,,,,,,,,,,,,,,,,,0.0,,,,,,,,,0.0,,,,,,,,,,,,,,,,,,,,,,,,,,,,1.8,1.7000000000000002,,,,,,0.0,,,,,,,,1.8,,,1.7000000000000002,,,,,,,,,0.0,,,1.5714285714285714,1.358695652173913,2.0,1.8,8.0,2.0,1.6,9.0,,,,,,,,,,,,,,,,,,,,,,,,,,,,,,,,,,,,,,,,,,,,,,,,,,,,,,,,,,,,,,,,,,,,,,,,,,,,,,,,,,,,,,,,,,,,,2027-02-27 15:00:00,newcastle,brentford,2027-02-27,,,,,,,,,,,,,,,,,,,,,,,,,,,,,,
Tottenham,Liverpool,2027-02-27 15:00:00,2027,2,5,,,,,,,,,,,,,,,,,,,,,,,,,,,,,,,,,,,,,0.0,,,,,,,,,,,,,,,,,,,,,,,,,,,,,,,,,,,0.0,,,,,,,,,0.0,,,,,,,,,,,,,,,,,,,,,,,,,,,,2.4,1.6,,,,,,0.0,,,,,,,,2.4,,,1.6,,,,,,,,,0.0,,,1.8008213552361396,1.6454918032786885,0.8,2.4,1.0,1.4,0.8,11.0,,,,,,,,,,,,,,,,,,,,,,,,,,,,,,,,,,,,,,,,,,,,,,,,,,,,,,,,,,,,,,,,,,,,,,,,,,,,,,,,,,,,,,,,,,,,,2027-02-27 15:00:00,tottenham,liverpool,2027-02-27,,,,,,,,,,,,,,,,,,,,,,,,,,,,,,
Arsenal,Crystal Palace,2027-03-03 20:00:00,2027,3,2,,,,,,,,,,,,,,,,,,,,,,,,,,,,,,,,,,,,,0.0,,,,,,,,,,,,,,,,,,,,,,,,,,,,,,,,,,,0.0,,,,,,,,,0.0,,,,,,,,,,,,,,,,,,,,,,,,,,,,1.4,1.2,,,,,,0.0,,,,,,,,1.4,,,1.2,,,,,,,,,0.0,,,2.145228215767635,1.1450381679389312,2.4,1.0,12.0,1.4,1.4,9.0,,,,,,,,,,,,,,,,,,,,,,,,,,,,,,,,,,,,,,,,,,,,,,,,,,,,,,,,,,,,,,,,,,,,,,,,,,,,,,,,,,,,,,,,,,,,,2027-03-03 20:00:00,arsenal,crystal palace,2027-03-03,,,,,,,,,,,,,,,,,,,,,,,,,,,,,,
Bournemouth,Tottenham,2027-03-03 20:00:00,2027,3,2,,,,,,,,,,,,,,,,,,,,,,,,,,,,,,,,,,,,,0.0,,,,,,,,,,,,,,,,,,,,,,,,,,,,,,,,,,,0.0,,,,,,,,,0.0,,,,,,,,,,,,,,,,,,,,,,,,,,,,1.8,1.4,,,,,,0.0,,,,,,,,1.8,,,1.4,,,,,,,,,0.0,,,1.3609467455621302,1.402061855670103,0.8,1.0,4.0,0.6,1.8,5.0,,,,,,,,,,,,,,,,,,,,,,,,,,,,,,,,,,,,,,,,,,,,,,,,,,,,,,,,,,,,,,,,,,,,,,,,,,,,,,,,,,,,,,,,,,,,,2027-03-03 20:00:00,bournemouth,tottenham,2027-03-03,,,,,,,,,,,,,,,,,,,,,,,,,,,,,,
Brentford,Ipswich Town,2027-03-03 20:00:00,2027,3,2,,,,,,,,,,,,,,,,,,,,,,,,,,,,,,,,,,,,,0.0,,,,,,,,,,,,,,,,,,,,,,,,,,,,,,,,,,,0.0,,,,,,,,,0.0,,,,,,,,,,,,,,,,,,,,,,,,,,,,0.8,0.8,,,,,,0.0,,,,,,,,0.8,,,0.8,,,,,,,,,0.0,,,1.684782608695652,,1.6,0.8,8.0,,,,,,,,,,,,,,,,,,,,,,,,,,,,,,,,,,,,,,,,,,,,,,,,,,,,,,,,,,,,,,,,,,,,,,,,,,,,,,,,,,,,,,,,,,,,,,,,2027-03-03 20:00:00,brentford,ipswich town,2027-03-03,,,,,,,,,,,,,,,,,,,,,,,,,,,,,,
Brighton,Fulham,2027-03-03 20:00:00,2027,3,2,,,,,,,,,,,,,,,,,,,,,,,,,,,,,,,,,,,,,0.0,,,,,,,,,,,,,,,,,,,,,,,,,,,,,,,,,,,0.0,,,,,,,,,0.0,,,,,,,,,,,,,,,,,,,,,,,,,,,,1.6,1.1,,,,,,0.0,,,,,,,,1.6,,,1.1,,,,,,,,,0.0,,,1.3511904761904763,0.9430199430199431,2.0,0.6,10.0,1.0,1.6,7.0,,,,,,,,,,,,,,,,,,,,,,,,,,,,,,,,,,,,,,,,,,,,,,,,,,,,,,,,,,,,,,,,,,,,,,,,,,,,,,,,,,,,,,,,,,,,,2027-03-03 20:00:00,brighton,fulham,2027-03-03,,,,,,,,,,,,,,,,,,,,,,,,,,,,,,
Chelsea,Coventry City,2027-03-03 20:00:00,2027,3,2,,,,,,,,,,,,,,,,,,,,,,,,,,,,,,,,,,,,,0.0,,,,,,,,,,,,,,,,,,,,,,,,,,,,,,,,,,,0.0,,,,,,,,,0.0,,,,,,,,,,,,,,,,,,,,,,,,,,,,2.0,2.0,,,,,,0.0,,,,,,,,2.0,,,2.0,,,,,,,,,0.0,,,2.041322314049587,,2.4,2.0,9.0,,,,,,,,,,,,,,,,,,,,,,,,,,,,,,,,,,,,,,,,,,,,,,,,,,,,,,,,,,,,,,,,,,,,,,,,,,,,,,,,,,,,,,,,,,,,,,,,2027-03-03 20:00:00,chelsea,coventry city,2027-03-03,,,,,,,,,,,,,,,,,,,,,,,,,,,,,,
Leeds,Hull City,2027-03-03 20:00:00,2027,3,2,,,,,,,,,,,,,,,,,,,,,,,,,,,,,,,,,,,,,0.0,,,,,,,,,,,,,,,,,,,,,,,,,,,,,,,,,,,0.0,,,,,,,,,0.0,,,,,,,,,,,,,,,,,,,,,,,,,,,,0.8,0.8,,,,,,0.0,,,,,,,,0.8,,,0.8,,,,,,,,,0.0,,,1.4256756756756757,,1.0,0.8,5.0,,,,,,,,,,,,,,,,,,,,,,,,,,,,,,,,,,,,,,,,,,,,,,,,,,,,,,,,,,,,,,,,,,,,,,,,,,,,,,,,,,,,,,,,,,,,,,,,2027-03-03 20:00:00,leeds,hull city,2027-03-03,,,,,,,,,,,,,,,,,,,,,,,,,,,,,,
Liverpool,Aston Villa,2027-03-03 20:00:00,2027,3,2,,,,,,,,,,,,,,,,,,,,,,,,,,,,,,,,,,,,,0.0,,,,,,,,,,,,,,,,,,,,,,,,,,,,,,,,,,,0.0,,,,,,,,,0.0,,,,,,,,,,,,,,,,,,,,,,,,,,,,1.8,1.6,,,,,,0.0,,,,,,,,1.8,,,1.6,,,,,,,,,0.0,,,2.072463768115942,1.1495327102803738,2.4,1.4,8.0,0.8,1.8,7.0,,,,,,,,,,,,,,,,,,,,,,,,,,,,,,,,,,,,,,,,,,,,,,,,,,,,,,,,,,,,,,,,,,,,,,,,,,,,,,,,,,,,,,,,,,,,,2027-03-03 20:00:00,liverpool,aston villa,2027-03-03,,,,,,,,,,,,,,,,,,,,,,,,,,,,,,
Man City,Everton,2027-03-03 20:00:00,2027,3,2,,,,,,,,,,,,,,,,,,,,,,,,,,,,,,,,,,,,,0.0,,,,,,,,,,,,,,,,,,,,,,,,,,,,,,,,,,,0.0,,,,,,,,,0.0,,,,,,,,,,,,,,,,,,,,,,,,,,,,1.4,1.2,,,,,,0.0,,,,,,,,1.4,,,1.2,,,,,,,,,0.0,,,2.1931330472103006,1.05175983436853,2.4,1.4,13.0,1.4,1.0,9.0,,,,,,,,,,,,,,,,,,,,,,,,,,,,,,,,,,,,,,,,,,,,,,,,,,,,,,,,,,,,,,,,,,,,,,,,,,,,,,,,,,,,,,,,,,,,,2027-03-03 20:00:00,man city,everton,2027-03-03,,,,,,,,,,,,,,,,,,,,,,,,,,,,,,
Nott'm Forest,Newcastle,2027-03-03 20:00:00,2027,3,2,,,,,,,,,,,,,,,,,,,,,,,,,,,,,,,,,,,,,0.0,,,,,,,,,,,,,,,,,,,,,,,,,,,,,,,,,,,0.0,,,,,,,,,0.0,,,,,,,,,,,,,,,,,,,,,,,,,,,,2.2,1.4000000000000001,,,,,,0.0,,,,,,,,2.2,,,1.4000000000000001,,,,,,,,,0.0,,,1.2602739726027397,1.1121076233183858,0.0,0.6,2.0,1.4,2.2,9.0,,,,,,,,,,,,,,,,,,,,,,,,,,,,,,,,,,,,,,,,,,,,,,,,,,,,,,,,,,,,,,,,,,,,,,,,,,,,,,,,,,,,,,,,,,,,,2027-03-03 20:00:00,nott'm forest,newcastle,2027-03-03,,,,,,,,,,,,,,,,,,,,,,,,,,,,,,
Sunderland,Man United,2027-03-03 20:00:00,2027,3,2,,,,,,,,,,,,,,,,,,,,,,,,,,,,,,,,,,,,,0.0,,,,,,,,,,,,,,,,,,,,,,,,,,,,,,,,,,,0.0,,,,,,,,,0.0,,,,,,,,,,,,,,,,,,,,,,,,,,,,1.4,1.2999999999999998,,,,,,0.0,,,,,,,,1.4,,,1.2999999999999998,,,,,,,,,0.0,,,1.103202846975089,1.5896907216494844,1.0,1.2,6.0,1.0,1.4,7.0,,,,,,,,,,,,,,,,,,,,,,,,,,,,,,,,,,,,,,,,,,,,,,,,,,,,,,,,,,,,,,,,,,,,,,,,,,,,,,,,,,,,,,,,,,,,,2027-03-03 20:00:00,sunderland,man united,2027-03-03,,,,,,,,,,,,,,,,,,,,,,,,,,,,,,
Aston Villa,Hull City,2027-03-13 15:00:00,2027,3,5,,,,,,,,,,,,,,,,,,,,,,,,,,,,,,,,,,,,,0.0,,,,,,,,,,,,,,,,,,,,,,,,,,,,,,,,,,,0.0,,,,,,,,,0.0,,,,,,,,,,,,,,,,,,,,,,,,,,,,1.6,1.6,,,,,,0.0,,,,,,,,1.6,,,1.6,,,,,,,,,0.0,,,1.3668224299065421,,0.8,1.6,4.0,,,,,,,,,,,,,,,,,,,,,,,,,,,,,,,,,,,,,,,,,,,,,,,,,,,,,,,,,,,,,,,,,,,,,,,,,,,,,,,,,,,,,,,,,,,,,,,,2027-03-13 15:00:00,aston villa,hull city,2027-03-13,,,,,,,,,,,,,,,,,,,,,,,,,,,,,,
Bournemouth,Newcastle,2027-03-13 15:00:00,2027,3,5,,,,,,,,,,,,,,,,,,,,,,,,,,,,,,,,,,,,,0.0,,,,,,,,,,,,,,,,,,,,,,,,,,,,,,,,,,,0.0,,,,,,,,,0.0,,,,,,,,,,,,,,,,,,,,,,,,,,,,2.2,1.6,,,,,,0.0,,,,,,,,2.2,,,1.6,,,,,,,,,0.0,,,1.3609467455621302,1.1121076233183858,0.8,1.0,4.0,1.4,2.2,9.0,,,,,,,,,,,,,,,,,,,,,,,,,,,,,,,,,,,,,,,,,,,,,,,,,,,,,,,,,,,,,,,,,,,,,,,,,,,,,,,,,,,,,,,,,,,,,2027-03-13 15:00:00,bournemouth,newcastle,2027-03-13,,,,,,,,,,,,,,,,,,,,,,,,,,,,,,
Chelsea,Arsenal,2027-03-13 15:00:00,2027,3,5,,,,,,,,,,,,,,,,,,,,,,,,,,,,,,,,,,,,,0.0,,,,,,,,,,,,,,,,,,,,,,,,,,,,,,,,,,,0.0,,,,,,,,,0.0,,,,,,,,,,,,,,,,,,,,,,,,,,,,2.0,1.4,,,,,,0.0,,,,,,,,2.0,,,1.4,,,,,,,,,0.0,,,2.041322314049587,1.651639344262295,2.4,2.0,9.0,1.6,0.8,13.0,,,,,,,,,,,,,,,,,,,,,,,,,,,,,,,,,,,,,,,,,,,,,,,,,,,,,,,,,,,,,,,,,,,,,,,,,,,,,,,,,,,,,,,,,,,,,2027-03-13 15:00:00,chelsea,arsenal,2027-03-13,,,,,,,,,,,,,,,,,,,,,,,,,,,,,,
Coventry City,Man City,2027-03-13 15:00:00,2027,3,5,,,,,,,,,,,,,,,,,,,,,,,,,,,,,,,,,,,,,0.0,,,,,,,,,,,,,,,,,,,,,,,,,,,,,,,,,,,0.0,,,,,,,,,0.0,,,,,,,,,,,,,,,,,,,,,,,,,,,,0.8,0.8,,,,,,0.0,,,,,,,,0.8,,,0.8,,,,,,,,,0.0,,,,1.6365591397849462,,,,2.0,0.8,13.0,,,,,,,,,,,,,,,,,,,,,,,,,,,,,,,,,,,,,,,,,,,,,,,,,,,,,,,,,,,,,,,,,,,,,,,,,,,,,,,,,,,,,,,,,,,,,2027-03-13 15:00:00,coventry city,man city,2027-03-13,,,,,,,,,,,,,,,,,,,,,,,,,,,,,,
Crystal Palace,Fulham,2027-03-13 15:00:00,2027,3,5,,,,,,,,,,,,,,,,,,,,,,,,,,,,,,,,,,,,,0.0,,,,,,,,,,,,,,,,,,,,,,,,,,,,,,,,,,,0.0,,,,,,,,,0.0,,,,,,,,,,,,,,,,,,,,,,,,,,,,2.6,2.1,,,,,,0.0,,,,,,,,2.6,,,2.1,,,,,,,,,0.0,,,1.193798449612403,0.9430199430199431,1.4,2.6,3.0,1.0,1.6,7.0,,,,,,,,,,,,,,,,,,,,,,,,,,,,,,,,,,,,,,,,,,,,,,,,,,,,,,,,,,,,,,,,,,,,,,,,,,,,,,,,,,,,,,,,,,,,,2027-03-13 15:00:00,crystal palace,fulham,2027-03-13,,,,,,,,,,,,,,,,,,,,,,,,,,,,,,
Leeds,Brighton,2027-03-13 15:00:00,2027,3,5,,,,,,,,,,,,,,,,,,,,,,,,,,,,,,,,,,,,,0.0,,,,,,,,,,,,,,,,,,,,,,,,,,,,,,,,,,,0.0,,,,,,,,,0.0,,,,,,,,,,,,,,,,,,,,,,,,,,,,1.4,1.1,,,,,,0.0,,,,,,,,1.4,,,1.1,,,,,,,,,0.0,,,1.4256756756756757,1.2335329341317365,1.0,0.8,5.0,2.2,1.4,9.0,,,,,,,,,,,,,,,,,,,,,,,,,,,,,,,,,,,,,,,,,,,,,,,,,,,,,,,,,,,,,,,,,,,,,,,,,,,,,,,,,,,,,,,,,,,,,2027-03-13 15:00:00,leeds,brighton,2027-03-13,,,,,,,,,,,,,,,,,,,,,,,,,,,,,,
Liverpool,Ipswich Town,2027-03-13 15:00:00,2027,3,5,,,,,,,,,,,,,,,,,,,,,,,,,,,,,,,,,,,,,0.0,,,,,,,,,,,,,,,,,,,,,,,,,,,,,,,,,,,0.0,,,,,,,,,0.0,,,,,,,,,,,,,,,,,,,,,,,,,,,,1.4,1.4,,,,,,0.0,,,,,,,,1.4,,,1.4,,,,,,,,,0.0,,,2.072463768115942,,2.4,1.4,8.0,,,,,,,,,,,,,,,,,,,,,,,,,,,,,,,,,,,,,,,,,,,,,,,,,,,,,,,,,,,,,,,,,,,,,,,,,,,,,,,,,,,,,,,,,,,,,,,,2027-03-13 15:00:00,liverpool,ipswich town,2027-03-13,,,,,,,,,,,,,,,,,,,,,,,,,,,,,,
Man United,Everton,2027-03-13 15:00:00,2027,3,5,,,,,,,,,,,,,,,,,,,,,,,,,,,,,,,,,,,,,0.0,,,,,,,,,,,,,,,,,,,,,,,,,,,,,,,,,,,0.0,,,,,,,,,0.0,,,,,,,,,,,,,,,,,,,,,,,,,,,,1.2,1.1,,,,,,0.0,,,,,,,,1.2,,,1.1,,,,,,,,,0.0,,,2.0351966873706004,1.05175983436853,2.4,1.2,12.0,1.4,1.0,9.0,,,,,,,,,,,,,,,,,,,,,,,,,,,,,,,,,,,,,,,,,,,,,,,,,,,,,,,,,,,,,,,,,,,,,,,,,,,,,,,,,,,,,,,,,,,,,2027-03-13 15:00:00,man united,everton,2027-03-13,,,,,,,,,,,,,,,,,,,,,,,,,,,,,,
Sunderland,Brentford,2027-03-13 15:00:00,2027,3,5,,,,,,,,,,,,,,,,,,,,,,,,,,,,,,,,,,,,,0.0,,,,,,,,,,,,,,,,,,,,,,,,,,,,,,,,,,,0.0,,,,,,,,,0.0,,,,,,,,,,,,,,,,,,,,,,,,,,,,1.6,1.4,,,,,,0.0,,,,,,,,1.6,,,1.4,,,,,,,,,0.0,,,1.103202846975089,1.358695652173913,1.0,1.2,6.0,2.0,1.6,9.0,,,,,,,,,,,,,,,,,,,,,,,,,,,,,,,,,,,,,,,,,,,,,,,,,,,,,,,,,,,,,,,,,,,,,,,,,,,,,,,,,,,,,,,,,,,,,2027-03-13 15:00:00,sunderland,brentford,2027-03-13,,,,,,,,,,,,,,,,,,,,,,,,,,,,,,
Tottenham,Nott'm Forest,2027-03-13 15:00:00,2027,3,5,,,,,,,,,,,,,,,,,,,,,,,,,,,,,,,,,,,,,0.0,,,,,,,,,,,,,,,,,,,,,,,,,,,,,,,,,,,0.0,,,,,,,,,0.0,,,,,,,,,,,,,,,,,,,,,,,,,,,,2.4,2.2,,,,,,0.0,,,,,,,,2.4,,,2.2,,,,,,,,,0.0,,,1.8008213552361396,1.1506849315068493,0.8,2.4,1.0,1.6,2.0,7.0,,,,,,,,,,,,,,,,,,,,,,,,,,,,,,,,,,,,,,,,,,,,,,,,,,,,,,,,,,,,,,,,,,,,,,,,,,,,,,,,,,,,,,,,,,,,,2027-03-13 15:00:00,tottenham,nott'm forest,2027-03-13,,,,,,,,,,,,,,,,,,,,,,,,,,,,,,
Arsenal,Sunderland,2027-03-20 15:00:00,2027,3,5,,,,,,,,,,,,,,,,,,,,,,,,,,,,,,,,,,,,,0.0,,,,,,,,,,,,,,,,,,,,,,,,,,,,,,,,,,,0.0,,,,,,,,,0.0,,,,,,,,,,,,,,,,,,,,,,,,,,,,1.8,1.4,,,,,,0.0,,,,,,,,1.8,,,1.4,,,,,,,,,0.0,,,2.145228215767635,0.8617021276595744,2.4,1.0,12.0,1.4,1.8,7.0,,,,,,,,,,,,,,,,,,,,,,,,,,,,,,,,,,,,,,,,,,,,,,,,,,,,,,,,,,,,,,,,,,,,,,,,,,,,,,,,,,,,,,,,,,,,,2027-03-20 15:00:00,arsenal,sunderland,2027-03-20,,,,,,,,,,,,,,,,,,,,,,,,,,,,,,
Brentford,Bournemouth,2027-03-20 15:00:00,2027,3,5,,,,,,,,,,,,,,,,,,,,,,,,,,,,,,,,,,,,,0.0,,,,,,,,,,,,,,,,,,,,,,,,,,,,,,,,,,,0.0,,,,,,,,,0.0,,,,,,,,,,,,,,,,,,,,,,,,,,,,1.0,0.9,,,,,,0.0,,,,,,,,1.0,,,0.9,,,,,,,,,0.0,,,1.684782608695652,1.2574850299401197,1.6,0.8,8.0,1.4,1.0,9.0,,,,,,,,,,,,,,,,,,,,,,,,,,,,,,,,,,,,,,,,,,,,,,,,,,,,,,,,,,,,,,,,,,,,,,,,,,,,,,,,,,,,,,,,,,,,,2027-03-20 15:00:00,brentford,bournemouth,2027-03-20,,,,,,,,,,,,,,,,,,,,,,,,,,,,,,
Brighton,Coventry City,2027-03-20 15:00:00,2027,3,5,,,,,,,,,,,,,,,,,,,,,,,,,,,,,,,,,,,,,0.0,,,,,,,,,,,,,,,,,,,,,,,,,,,,,,,,,,,0.0,,,,,,,,,0.0,,,,,,,,,,,,,,,,,,,,,,,,,,,,0.6,0.6,,,,,,0.0,,,,,,,,0.6,,,0.6,,,,,,,,,0.0,,,1.3511904761904763,,2.0,0.6,10.0,,,,,,,,,,,,,,,,,,,,,,,,,,,,,,,,,,,,,,,,,,,,,,,,,,,,,,,,,,,,,,,,,,,,,,,,,,,,,,,,,,,,,,,,,,,,,,,,2027-03-20 15:00:00,brighton,coventry city,2027-03-20,,,,,,,,,,,,,,,,,,,,,,,,,,,,,,
Everton,Tottenham,2027-03-20 15:00:00,2027,3,5,,,,,,,,,,,,,,,,,,,,,,,,,,,,,,,,,,,,,0.0,,,,,,,,,,,,,,,,,,,,,,,,,,,,,,,,,,,0.0,,,,,,,,,0.0,,,,,,,,,,,,,,,,,,,,,,,,,,,,1.8,1.2,,,,,,0.0,,,,,,,,1.8,,,1.2,,,,,,,,,0.0,,,1.5030800821355237,1.402061855670103,1.4,0.6,10.0,0.6,1.8,5.0,,,,,,,,,,,,,,,,,,,,,,,,,,,,,,,,,,,,,,,,,,,,,,,,,,,,,,,,,,,,,,,,,,,,,,,,,,,,,,,,,,,,,,,,,,,,,2027-03-20 15:00:00,everton,tottenham,2027-03-20,,,,,,,,,,,,,,,,,,,,,,,,,,,,,,
Fulham,Liverpool,2027-03-20 15:00:00,2027,3,5,,,,,,,,,,,,,,,,,,,,,,,,,,,,,,,,,,,,,0.0,,,,,,,,,,,,,,,,,,,,,,,,,,,,,,,,,,,0.0,,,,,,,,,0.0,,,,,,,,,,,,,,,,,,,,,,,,,,,,1.8,1.3,,,,,,0.0,,,,,,,,1.8,,,1.3,,,,,,,,,0.0,,,1.3672316384180792,1.6454918032786885,1.4,1.8,4.0,1.4,0.8,11.0,,,,,,,,,,,,,,,,,,,,,,,,,,,,,,,,,,,,,,,,,,,,,,,,,,,,,,,,,,,,,,,,,,,,,,,,,,,,,,,,,,,,,,,,,,,,,2027-03-20 15:00:00,fulham,liverpool,2027-03-20,,,,,,,,,,,,,,,,,,,,,,,,,,,,,,
Hull City,Chelsea,2027-03-20 15:00:00,2027,3,5,,,,,,,,,,,,,,,,,,,,,,,,,,,,,,,,,,,,,0.0,,,,,,,,,,,,,,,,,,,,,,,,,,,,,,,,,,,0.0,,,,,,,,,0.0,,,,,,,,,,,,,,,,,,,,,,,,,,,,2.0,2.0,,,,,,0.0,,,,,,,,2.0,,,2.0,,,,,,,,,0.0,,,,1.5855670103092783,,,,1.8,2.0,9.0,,,,,,,,,,,,,,,,,,,,,,,,,,,,,,,,,,,,,,,,,,,,,,,,,,,,,,,,,,,,,,,,,,,,,,,,,,,,,,,,,,,,,,,,,,,,,2027-03-20 15:00:00,hull city,chelsea,2027-03-20,,,,,,,,,,,,,,,,,,,,,,,,,,,,,,
Ipswich Town,Crystal Palace,2027-03-20 15:00:00,2027,3,5,,,,,,,,,,,,,,,,,,,,,,,,,,,,,,,,,,,,,0.0,,,,,,,,,,,,,,,,,,,,,,,,,,,,,,,,,,,0.0,,,,,,,,,0.0,,,,,,,,,,,,,,,,,,,,,,,,,,,,1.4,1.4,,,,,,0.0,,,,,,,,1.4,,,1.4,,,,,,,,,0.0,,,,1.1450381679389312,,,,1.4,1.4,9.0,,,,,,,,,,,,,,,,,,,,,,,,,,,,,,,,,,,,,,,,,,,,,,,,,,,,,,,,,,,,,,,,,,,,,,,,,,,,,,,,,,,,,,,,,,,,,2027-03-20 15:00:00,ipswich town,crystal palace,2027-03-20,,,,,,,,,,,,,,,,,,,,,,,,,,,,,,
Man City,Man United,2027-03-20 15:00:00,2027,3,5,,,,,,,,,,,,,,,,,,,,,,,,,,,,,,,,,,,,,0.0,,,,,,,,,,,,,,,,,,,,,,,,,,,,,,,,,,,0.0,,,,,,,,,0.0,,,,,,,,,,,,,,,,,,,,,,,,,,,,1.4,1.4,,,,,,0.0,,,,,,,,1.4,,,1.4,,,,,,,,,0.0,,,2.1931330472103006,1.5896907216494844,2.4,1.4,13.0,1.0,1.4,7.0,,,,,,,,,,,,,,,,,,,,,,,,,,,,,,,,,,,,,,,,,,,,,,,,,,,,,,,,,,,,,,,,,,,,,,,,,,,,,,,,,,,,,,,,,,,,,2027-03-20 15:00:00,man city,man united,2027-03-20,,,,,,,,,,,,,,,,,,,,,,,,,,,,,,
Newcastle,Leeds,2027-03-20 15:00:00,2027,3,5,,,,,,,,,,,,,,,,,,,,,,,,,,,,,,,,,,,,,0.0,,,,,,,,,,,,,,,,,,,,,,,,,,,,,,,,,,,0.0,,,,,,,,,0.0,,,,,,,,,,,,,,,,,,,,,,,,,,,,1.8,1.4,,,,,,0.0,,,,,,,,1.8,,,1.4,,,,,,,,,0.0,,,1.5714285714285714,1.2986111111111112,2.0,1.8,8.0,1.2,1.0,7.0,,,,,,,,,,,,,,,,,,,,,,,,,,,,,,,,,,,,,,,,,,,,,,,,,,,,,,,,,,,,,,,,,,,,,,,,,,,,,,,,,,,,,,,,,,,,,2027-03-20 15:00:00,newcastle,leeds,2027-03-20,,,,,,,,,,,,,,,,,,,,,,,,,,,,,,
Nott'm Forest,Aston Villa,2027-03-20 15:00:00,2027,3,5,,,,,,,,,,,,,,,,,,,,,,,,,,,,,,,,,,,,,0.0,,,,,,,,,,,,,,,,,,,,,,,,,,,,,,,,,,,0.0,,,,,,,,,0.0,,,,,,,,,,,,,,,,,,,,,,,,,,,,1.8,1.2,,,,,,0.0,,,,,,,,1.8,,,1.2,,,,,,,,,0.0,,,1.2602739726027397,1.1495327102803738,0.0,0.6,2.0,0.8,1.8,7.0,,,,,,,,,,,,,,,,,,,,,,,,,,,,,,,,,,,,,,,,,,,,,,,,,,,,,,,,,,,,,,,,,,,,,,,,,,,,,,,,,,,,,,,,,,,,,2027-03-20 15:00:00,nott'm forest,aston villa,2027-03-20,,,,,,,,,,,,,,,,,,,,,,,,,,,,,,
Aston Villa,Brighton,2027-04-10 15:00:00,2027,4,5,,,,,,,,,,,,,,,,,,,,,,,,,,,,,,,,,,,,,0.0,,,,,,,,,,,,,,,,,,,,,,,,,,,,,,,,,,,0.0,,,,,,,,,0.0,,,,,,,,,,,,,,,,,,,,,,,,,,,,1.6,1.5,,,,,,0.0,,,,,,,,1.6,,,1.5,,,,,,,,,0.0,,,1.3668224299065421,1.2335329341317365,0.8,1.6,4.0,2.2,1.4,9.0,,,,,,,,,,,,,,,,,,,,,,,,,,,,,,,,,,,,,,,,,,,,,,,,,,,,,,,,,,,,,,,,,,,,,,,,,,,,,,,,,,,,,,,,,,,,,2027-04-10 15:00:00,aston villa,brighton,2027-04-10,,,,,,,,,,,,,,,,,,,,,,,,,,,,,,
Bournemouth,Man City,2027-04-10 15:00:00,2027,4,5,,,,,,,,,,,,,,,,,,,,,,,,,,,,,,,,,,,,,0.0,,,,,,,,,,,,,,,,,,,,,,,,,,,,,,,,,,,0.0,,,,,,,,,0.0,,,,,,,,,,,,,,,,,,,,,,,,,,,,1.0,0.9,,,,,,0.0,,,,,,,,1.0,,,0.9,,,,,,,,,0.0,,,1.3609467455621302,1.6365591397849462,0.8,1.0,4.0,2.0,0.8,13.0,,,,,,,,,,,,,,,,,,,,,,,,,,,,,,,,,,,,,,,,,,,,,,,,,,,,,,,,,,,,,,,,,,,,,,,,,,,,,,,,,,,,,,,,,,,,,2027-04-10 15:00:00,bournemouth,man city,2027-04-10,,,,,,,,,,,,,,,,,,,,,,,,,,,,,,
Chelsea,Fulham,2027-04-10 15:00:00,2027,4,5,,,,,,,,,,,,,,,,,,,,,,,,,,,,,,,,,,,,,0.0,,,,,,,,,,,,,,,,,,,,,,,,,,,,,,,,,,,0.0,,,,,,,,,0.0,,,,,,,,,,,,,,,,,,,,,,,,,,,,2.0,1.8,,,,,,0.0,,,,,,,,2.0,,,1.8,,,,,,,,,0.0,,,2.041322314049587,0.9430199430199431,2.4,2.0,9.0,1.0,1.6,7.0,,,,,,,,,,,,,,,,,,,,,,,,,,,,,,,,,,,,,,,,,,,,,,,,,,,,,,,,,,,,,,,,,,,,,,,,,,,,,,,,,,,,,,,,,,,,,2027-04-10 15:00:00,chelsea,fulham,2027-04-10,,,,,,,,,,,,,,,,,,,,,,,,,,,,,,
Coventry City,Arsenal,2027-04-10 15:00:00,2027,4,5,,,,,,,,,,,,,,,,,,,,,,,,,,,,,,,,,,,,,0.0,,,,,,,,,,,,,,,,,,,,,,,,,,,,,,,,,,,0.0,,,,,,,,,0.0,,,,,,,,,,,,,,,,,,,,,,,,,,,,0.8,0.8,,,,,,0.0,,,,,,,,0.8,,,0.8,,,,,,,,,0.0,,,,1.651639344262295,,,,1.6,0.8,13.0,,,,,,,,,,,,,,,,,,,,,,,,,,,,,,,,,,,,,,,,,,,,,,,,,,,,,,,,,,,,,,,,,,,,,,,,,,,,,,,,,,,,,,,,,,,,,2027-04-10 15:00:00,coventry city,arsenal,2027-04-10,,,,,,,,,,,,,,,,,,,,,,,,,,,,,,
Crystal Palace,Everton,2027-04-10 15:00:00,2027,4,5,,,,,,,,,,,,,,,,,,,,,,,,,,,,,,,,,,,,,0.0,,,,,,,,,,,,,,,,,,,,,,,,,,,,,,,,,,,0.0,,,,,,,,,0.0,,,,,,,,,,,,,,,,,,,,,,,,,,,,2.6,1.8,,,,,,0.0,,,,,,,,2.6,,,1.8,,,,,,,,,0.0,,,1.193798449612403,1.05175983436853,1.4,2.6,3.0,1.4,1.0,9.0,,,,,,,,,,,,,,,,,,,,,,,,,,,,,,,,,,,,,,,,,,,,,,,,,,,,,,,,,,,,,,,,,,,,,,,,,,,,,,,,,,,,,,,,,,,,,2027-04-10 15:00:00,crystal palace,everton,2027-04-10,,,,,,,,,,,,,,,,,,,,,,,,,,,,,,
Leeds,Nott'm Forest,2027-04-10 15:00:00,2027,4,5,,,,,,,,,,,,,,,,,,,,,,,,,,,,,,,,,,,,,0.0,,,,,,,,,,,,,,,,,,,,,,,,,,,,,,,,,,,0.0,,,,,,,,,0.0,,,,,,,,,,,,,,,,,,,,,,,,,,,,2.0,1.4,,,,,,0.0,,,,,,,,2.0,,,1.4,,,,,,,,,0.0,,,1.4256756756756757,1.1506849315068493,1.0,0.8,5.0,1.6,2.0,7.0,,,,,,,,,,,,,,,,,,,,,,,,,,,,,,,,,,,,,,,,,,,,,,,,,,,,,,,,,,,,,,,,,,,,,,,,,,,,,,,,,,,,,,,,,,,,,2027-04-10 15:00:00,leeds,nott'm forest,2027-04-10,,,,,,,,,,,,,,,,,,,,,,,,,,,,,,
Liverpool,Newcastle,2027-04-10 15:00:00,2027,4,5,,,,,,,,,,,,,,,,,,,,,,,,,,,,,,,,,,,,,0.0,,,,,,,,,,,,,,,,,,,,,,,,,,,,,,,,,,,0.0,,,,,,,,,0.0,,,,,,,,,,,,,,,,,,,,,,,,,,,,2.2,1.8,,,,,,0.0,,,,,,,,2.2,,,1.8,,,,,,,,,0.0,,,2.072463768115942,1.1121076233183858,2.4,1.4,8.0,1.4,2.2,9.0,,,,,,,,,,,,,,,,,,,,,,,,,,,,,,,,,,,,,,,,,,,,,,,,,,,,,,,,,,,,,,,,,,,,,,,,,,,,,,,,,,,,,,,,,,,,,2027-04-10 15:00:00,liverpool,newcastle,2027-04-10,,,,,,,,,,,,,,,,,,,,,,,,,,,,,,
Man United,Hull City,2027-04-10 15:00:00,2027,4,5,,,,,,,,,,,,,,,,,,,,,,,,,,,,,,,,,,,,,0.0,,,,,,,,,,,,,,,,,,,,,,,,,,,,,,,,,,,0.0,,,,,,,,,0.0,,,,,,,,,,,,,,,,,,,,,,,,,,,,1.2,1.2,,,,,,0.0,,,,,,,,1.2,,,1.2,,,,,,,,,0.0,,,2.0351966873706004,,2.4,1.2,12.0,,,,,,,,,,,,,,,,,,,,,,,,,,,,,,,,,,,,,,,,,,,,,,,,,,,,,,,,,,,,,,,,,,,,,,,,,,,,,,,,,,,,,,,,,,,,,,,,2027-04-10 15:00:00,man united,hull city,2027-04-10,,,,,,,,,,,,,,,,,,,,,,,,,,,,,,
Sunderland,Ipswich Town,2027-04-10 15:00:00,2027,4,5,,,,,,,,,,,,,,,,,,,,,,,,,,,,,,,,,,,,,0.0,,,,,,,,,,,,,,,,,,,,,,,,,,,,,,,,,,,0.0,,,,,,,,,0.0,,,,,,,,,,,,,,,,,,,,,,,,,,,,1.2,1.2,,,,,,0.0,,,,,,,,1.2,,,1.2,,,,,,,,,0.0,,,1.103202846975089,,1.0,1.2,6.0,,,,,,,,,,,,,,,,,,,,,,,,,,,,,,,,,,,,,,,,,,,,,,,,,,,,,,,,,,,,,,,,,,,,,,,,,,,,,,,,,,,,,,,,,,,,,,,,2027-04-10 15:00:00,sunderland,ipswich town,2027-04-10,,,,,,,,,,,,,,,,,,,,,,,,,,,,,,
Tottenham,Brentford,2027-04-10 15:00:00,2027,4,5,,,,,,,,,,,,,,,,,,,,,,,,,,,,,,,,,,,,,0.0,,,,,,,,,,,,,,,,,,,,,,,,,,,,,,,,,,,0.0,,,,,,,,,0.0,,,,,,,,,,,,,,,,,,,,,,,,,,,,2.4,2.0,,,,,,0.0,,,,,,,,2.4,,,2.0,,,,,,,,,0.0,,,1.8008213552361396,1.358695652173913,0.8,2.4,1.0,2.0,1.6,9.0,,,,,,,,,,,,,,,,,,,,,,,,,,,,,,,,,,,,,,,,,,,,,,,,,,,,,,,,,,,,,,,,,,,,,,,,,,,,,,,,,,,,,,,,,,,,,2027-04-10 15:00:00,tottenham,brentford,2027-04-10,,,,,,,,,,,,,,,,,,,,,,,,,,,,,,
Arsenal,Aston Villa,2027-04-17 15:00:00,2027,4,5,,,,,,,,,,,,,,,,,,,,,,,,,,,,,,,,,,,,,0.0,,,,,,,,,,,,,,,,,,,,,,,,,,,,,,,,,,,0.0,,,,,,,,,0.0,,,,,,,,,,,,,,,,,,,,,,,,,,,,1.8,1.4,,,,,,0.0,,,,,,,,1.8,,,1.4,,,,,,,,,0.0,,,2.145228215767635,1.1495327102803738,2.4,1.0,12.0,0.8,1.8,7.0,,,,,,,,,,,,,,,,,,,,,,,,,,,,,,,,,,,,,,,,,,,,,,,,,,,,,,,,,,,,,,,,,,,,,,,,,,,,,,,,,,,,,,,,,,,,,2027-04-17 15:00:00,arsenal,aston villa,2027-04-17,,,,,,,,,,,,,,,,,,,,,,,,,,,,,,
Brentford,Leeds,2027-04-17 15:00:00,2027,4,5,,,,,,,,,,,,,,,,,,,,,,,,,,,,,,,,,,,,,0.0,,,,,,,,,,,,,,,,,,,,,,,,,,,,,,,,,,,0.0,,,,,,,,,0.0,,,,,,,,,,,,,,,,,,,,,,,,,,,,1.0,0.9,,,,,,0.0,,,,,,,,1.0,,,0.9,,,,,,,,,0.0,,,1.684782608695652,1.2986111111111112,1.6,0.8,8.0,1.2,1.0,7.0,,,,,,,,,,,,,,,,,,,,,,,,,,,,,,,,,,,,,,,,,,,,,,,,,,,,,,,,,,,,,,,,,,,,,,,,,,,,,,,,,,,,,,,,,,,,,2027-04-17 15:00:00,brentford,leeds,2027-04-17,,,,,,,,,,,,,,,,,,,,,,,,,,,,,,
Brighton,Chelsea,2027-04-17 15:00:00,2027,4,5,,,,,,,,,,,,,,,,,,,,,,,,,,,,,,,,,,,,,0.0,,,,,,,,,,,,,,,,,,,,,,,,,,,,,,,,,,,0.0,,,,,,,,,0.0,,,,,,,,,,,,,,,,,,,,,,,,,,,,2.0,1.3,,,,,,0.0,,,,,,,,2.0,,,1.3,,,,,,,,,0.0,,,1.3511904761904763,1.5855670103092783,2.0,0.6,10.0,1.8,2.0,9.0,,,,,,,,,,,,,,,,,,,,,,,,,,,,,,,,,,,,,,,,,,,,,,,,,,,,,,,,,,,,,,,,,,,,,,,,,,,,,,,,,,,,,,,,,,,,,2027-04-17 15:00:00,brighton,chelsea,2027-04-17,,,,,,,,,,,,,,,,,,,,,,,,,,,,,,
Everton,Bournemouth,2027-04-17 15:00:00,2027,4,5,,,,,,,,,,,,,,,,,,,,,,,,,,,,,,,,,,,,,0.0,,,,,,,,,,,,,,,,,,,,,,,,,,,,,,,,,,,0.0,,,,,,,,,0.0,,,,,,,,,,,,,,,,,,,,,,,,,,,,1.0,0.8,,,,,,0.0,,,,,,,,1.0,,,0.8,,,,,,,,,0.0,,,1.5030800821355237,1.2574850299401197,1.4,0.6,10.0,1.4,1.0,9.0,,,,,,,,,,,,,,,,,,,,,,,,,,,,,,,,,,,,,,,,,,,,,,,,,,,,,,,,,,,,,,,,,,,,,,,,,,,,,,,,,,,,,,,,,,,,,2027-04-17 15:00:00,everton,bournemouth,2027-04-17,,,,,,,,,,,,,,,,,,,,,,,,,,,,,,
Fulham,Sunderland,2027-04-17 15:00:00,2027,4,5,,,,,,,,,,,,,,,,,,,,,,,,,,,,,,,,,,,,,0.0,,,,,,,,,,,,,,,,,,,,,,,,,,,,,,,,,,,0.0,,,,,,,,,0.0,,,,,,,,,,,,,,,,,,,,,,,,,,,,1.8,1.8,,,,,,0.0,,,,,,,,1.8,,,1.8,,,,,,,,,0.0,,,1.3672316384180792,0.8617021276595744,1.4,1.8,4.0,1.4,1.8,7.0,,,,,,,,,,,,,,,,,,,,,,,,,,,,,,,,,,,,,,,,,,,,,,,,,,,,,,,,,,,,,,,,,,,,,,,,,,,,,,,,,,,,,,,,,,,,,2027-04-17 15:00:00,fulham,sunderland,2027-04-17,,,,,,,,,,,,,,,,,,,,,,,,,,,,,,
Hull City,Coventry City,2027-04-17 15:00:00,2027,4,5,,,,,,,,,,,,,,,,,,,,,,,,,,,,,,,,,,,,,0.0,,,,,,,,,,,,,,,,,,,,,,,,,,,,,,,,,,,0.0,,,,,,,,,0.0,,,,,,,,,,,,,,,,,,,,,,,,,,,,,,,,,,,0.0,,,,,,,,,,,,,,,,,,,,0.0,,,,,,,,,,,,,,,,,,,,,,,,,,,,,,,,,,,,,,,,,,,,,,,,,,,,,,,,,,,,,,,,,,,,,,,,,,,,,,,,,,,,,,,,,,,,,,,,,,,,,,,2027-04-17 15:00:00,hull city,coventry city,2027-04-17,,,,,,,,,,,,,,,,,,,,,,,,,,,,,,
Ipswich Town,Man United,2027-04-17 15:00:00,2027,4,5,,,,,,,,,,,,,,,,,,,,,,,,,,,,,,,,,,,,,0.0,,,,,,,,,,,,,,,,,,,,,,,,,,,,,,,,,,,0.0,,,,,,,,,0.0,,,,,,,,,,,,,,,,,,,,,,,,,,,,1.4,1.4,,,,,,0.0,,,,,,,,1.4,,,1.4,,,,,,,,,0.0,,,,1.5896907216494844,,,,1.0,1.4,7.0,,,,,,,,,,,,,,,,,,,,,,,,,,,,,,,,,,,,,,,,,,,,,,,,,,,,,,,,,,,,,,,,,,,,,,,,,,,,,,,,,,,,,,,,,,,,,2027-04-17 15:00:00,ipswich town,man united,2027-04-17,,,,,,,,,,,,,,,,,,,,,,,,,,,,,,
Man City,Crystal Palace,2027-04-17 15:00:00,2027,4,5,,,,,,,,,,,,,,,,,,,,,,,,,,,,,,,,,,,,,0.0,,,,,,,,,,,,,,,,,,,,,,,,,,,,,,,,,,,0.0,,,,,,,,,0.0,,,,,,,,,,,,,,,,,,,,,,,,,,,,1.4,1.4,,,,,,0.0,,,,,,,,1.4,,,1.4,,,,,,,,,0.0,,,2.1931330472103006,1.1450381679389312,2.4,1.4,13.0,1.4,1.4,9.0,,,,,,,,,,,,,,,,,,,,,,,,,,,,,,,,,,,,,,,,,,,,,,,,,,,,,,,,,,,,,,,,,,,,,,,,,,,,,,,,,,,,,,,,,,,,,2027-04-17 15:00:00,man city,crystal palace,2027-04-17,,,,,,,,,,,,,,,,,,,,,,,,,,,,,,
Newcastle,Tottenham,2027-04-17 15:00:00,2027,4,5,,,,,,,,,,,,,,,,,,,,,,,,,,,,,,,,,,,,,0.0,,,,,,,,,,,,,,,,,,,,,,,,,,,,,,,,,,,0.0,,,,,,,,,0.0,,,,,,,,,,,,,,,,,,,,,,,,,,,,1.8,1.8,,,,,,0.0,,,,,,,,1.8,,,1.8,,,,,,,,,0.0,,,1.5714285714285714,1.402061855670103,2.0,1.8,8.0,0.6,1.8,5.0,,,,,,,,,,,,,,,,,,,,,,,,,,,,,,,,,,,,,,,,,,,,,,,,,,,,,,,,,,,,,,,,,,,,,,,,,,,,,,,,,,,,,,,,,,,,,2027-04-17 15:00:00,newcastle,tottenham,2027-04-17,,,,,,,,,,,,,,,,,,,,,,,,,,,,,,
Nott'm Forest,Liverpool,2027-04-17 15:00:00,2027,4,5,,,,,,,,,,,,,,,,,,,,,,,,,,,,,,,,,,,,,0.0,,,,,,,,,,,,,,,,,,,,,,,,,,,,,,,,,,,0.0,,,,,,,,,0.0,,,,,,,,,,,,,,,,,,,,,,,,,,,,0.8,0.7,,,,,,0.0,,,,,,,,0.8,,,0.7,,,,,,,,,0.0,,,1.2602739726027397,1.6454918032786885,0.0,0.6,2.0,1.4,0.8,11.0,,,,,,,,,,,,,,,,,,,,,,,,,,,,,,,,,,,,,,,,,,,,,,,,,,,,,,,,,,,,,,,,,,,,,,,,,,,,,,,,,,,,,,,,,,,,,2027-04-17 15:00:00,nott'm forest,liverpool,2027-04-17,,,,,,,,,,,,,,,,,,,,,,,,,,,,,,
Aston Villa,Coventry City,2027-04-24 15:00:00,2027,4,5,,,,,,,,,,,,,,,,,,,,,,,,,,,,,,,,,,,,,0.0,,,,,,,,,,,,,,,,,,,,,,,,,,,,,,,,,,,0.0,,,,,,,,,0.0,,,,,,,,,,,,,,,,,,,,,,,,,,,,1.6,1.6,,,,,,0.0,,,,,,,,1.6,,,1.6,,,,,,,,,0.0,,,1.3668224299065421,,0.8,1.6,4.0,,,,,,,,,,,,,,,,,,,,,,,,,,,,,,,,,,,,,,,,,,,,,,,,,,,,,,,,,,,,,,,,,,,,,,,,,,,,,,,,,,,,,,,,,,,,,,,,2027-04-24 15:00:00,aston villa,coventry city,2027-04-24,,,,,,,,,,,,,,,,,,,,,,,,,,,,,,
Bournemouth,Arsenal,2027-04-24 15:00:00,2027,4,5,,,,,,,,,,,,,,,,,,,,,,,,,,,,,,,,,,,,,0.0,,,,,,,,,,,,,,,,,,,,,,,,,,,,,,,,,,,0.0,,,,,,,,,0.0,,,,,,,,,,,,,,,,,,,,,,,,,,,,1.0,0.9,,,,,,0.0,,,,,,,,1.0,,,0.9,,,,,,,,,0.0,,,1.3609467455621302,1.651639344262295,0.8,1.0,4.0,1.6,0.8,13.0,,,,,,,,,,,,,,,,,,,,,,,,,,,,,,,,,,,,,,,,,,,,,,,,,,,,,,,,,,,,,,,,,,,,,,,,,,,,,,,,,,,,,,,,,,,,,2027-04-24 15:00:00,bournemouth,arsenal,2027-04-24,,,,,,,,,,,,,,,,,,,,,,,,,,,,,,
Brentford,Fulham,2027-04-24 15:00:00,2027,4,5,,,,,,,,,,,,,,,,,,,,,,,,,,,,,,,,,,,,,0.0,,,,,,,,,,,,,,,,,,,,,,,,,,,,,,,,,,,0.0,,,,,,,,,0.0,,,,,,,,,,,,,,,,,,,,,,,,,,,,1.6,1.2000000000000002,,,,,,0.0,,,,,,,,1.6,,,1.2000000000000002,,,,,,,,,0.0,,,1.684782608695652,0.9430199430199431,1.6,0.8,8.0,1.0,1.6,7.0,,,,,,,,,,,,,,,,,,,,,,,,,,,,,,,,,,,,,,,,,,,,,,,,,,,,,,,,,,,,,,,,,,,,,,,,,,,,,,,,,,,,,,,,,,,,,2027-04-24 15:00:00,brentford,fulham,2027-04-24,,,,,,,,,,,,,,,,,,,,,,,,,,,,,,
Chelsea,Man City,2027-04-24 15:00:00,2027,4,5,,,,,,,,,,,,,,,,,,,,,,,,,,,,,,,,,,,,,0.0,,,,,,,,,,,,,,,,,,,,,,,,,,,,,,,,,,,0.0,,,,,,,,,0.0,,,,,,,,,,,,,,,,,,,,,,,,,,,,2.0,1.4,,,,,,0.0,,,,,,,,2.0,,,1.4,,,,,,,,,0.0,,,2.041322314049587,1.6365591397849462,2.4,2.0,9.0,2.0,0.8,13.0,,,,,,,,,,,,,,,,,,,,,,,,,,,,,,,,,,,,,,,,,,,,,,,,,,,,,,,,,,,,,,,,,,,,,,,,,,,,,,,,,,,,,,,,,,,,,2027-04-24 15:00:00,chelsea,man city,2027-04-24,,,,,,,,,,,,,,,,,,,,,,,,,,,,,,
Everton,Brighton,2027-04-24 15:00:00,2027,4,5,,,,,,,,,,,,,,,,,,,,,,,,,,,,,,,,,,,,,0.0,,,,,,,,,,,,,,,,,,,,,,,,,,,,,,,,,,,0.0,,,,,,,,,0.0,,,,,,,,,,,,,,,,,,,,,,,,,,,,1.4,1.0,,,,,,0.0,,,,,,,,1.4,,,1.0,,,,,,,,,0.0,,,1.5030800821355237,1.2335329341317365,1.4,0.6,10.0,2.2,1.4,9.0,,,,,,,,,,,,,,,,,,,,,,,,,,,,,,,,,,,,,,,,,,,,,,,,,,,,,,,,,,,,,,,,,,,,,,,,,,,,,,,,,,,,,,,,,,,,,2027-04-24 15:00:00,everton,brighton,2027-04-24,,,,,,,,,,,,,,,,,,,,,,,,,,,,,,
Leeds,Liverpool,2027-04-24 15:00:00,2027,4,5,,,,,,,,,,,,,,,,,,,,,,,,,,,,,,,,,,,,,0.0,,,,,,,,,,,,,,,,,,,,,,,,,,,,,,,,,,,0.0,,,,,,,,,0.0,,,,,,,,,,,,,,,,,,,,,,,,,,,,0.8,0.8,,,,,,0.0,,,,,,,,0.8,,,0.8,,,,,,,,,0.0,,,1.4256756756756757,1.6454918032786885,1.0,0.8,5.0,1.4,0.8,11.0,,,,,,,,,,,,,,,,,,,,,,,,,,,,,,,,,,,,,,,,,,,,,,,,,,,,,,,,,,,,,,,,,,,,,,,,,,,,,,,,,,,,,,,,,,,,,2027-04-24 15:00:00,leeds,liverpool,2027-04-24,,,,,,,,,,,,,,,,,,,,,,,,,,,,,,
Man United,Crystal Palace,2027-04-24 15:00:00,2027,4,5,,,,,,,,,,,,,,,,,,,,,,,,,,,,,,,,,,,,,0.0,,,,,,,,,,,,,,,,,,,,,,,,,,,,,,,,,,,0.0,,,,,,,,,0.0,,,,,,,,,,,,,,,,,,,,,,,,,,,,1.4,1.2999999999999998,,,,,,0.0,,,,,,,,1.4,,,1.2999999999999998,,,,,,,,,0.0,,,2.0351966873706004,1.1450381679389312,2.4,1.2,12.0,1.4,1.4,9.0,,,,,,,,,,,,,,,,,,,,,,,,,,,,,,,,,,,,,,,,,,,,,,,,,,,,,,,,,,,,,,,,,,,,,,,,,,,,,,,,,,,,,,,,,,,,,2027-04-24 15:00:00,man united,crystal palace,2027-04-24,,,,,,,,,,,,,,,,,,,,,,,,,,,,,,
Newcastle,Ipswich Town,2027-04-24 15:00:00,2027,4,5,,,,,,,,,,,,,,,,,,,,,,,,,,,,,,,,,,,,,0.0,,,,,,,,,,,,,,,,,,,,,,,,,,,,,,,,,,,0.0,,,,,,,,,0.0,,,,,,,,,,,,,,,,,,,,,,,,,,,,1.8,1.8,,,,,,0.0,,,,,,,,1.8,,,1.8,,,,,,,,,0.0,,,1.5714285714285714,,2.0,1.8,8.0,,,,,,,,,,,,,,,,,,,,,,,,,,,,,,,,,,,,,,,,,,,,,,,,,,,,,,,,,,,,,,,,,,,,,,,,,,,,,,,,,,,,,,,,,,,,,,,,2027-04-24 15:00:00,newcastle,ipswich town,2027-04-24,,,,,,,,,,,,,,,,,,,,,,,,,,,,,,
Nott'm Forest,Sunderland,2027-04-24 15:00:00,2027,4,5,,,,,,,,,,,,,,,,,,,,,,,,,,,,,,,,,,,,,0.0,,,,,,,,,,,,,,,,,,,,,,,,,,,,,,,,,,,0.0,,,,,,,,,0.0,,,,,,,,,,,,,,,,,,,,,,,,,,,,1.8,1.2,,,,,,0.0,,,,,,,,1.8,,,1.2,,,,,,,,,0.0,,,1.2602739726027397,0.8617021276595744,0.0,0.6,2.0,1.4,1.8,7.0,,,,,,,,,,,,,,,,,,,,,,,,,,,,,,,,,,,,,,,,,,,,,,,,,,,,,,,,,,,,,,,,,,,,,,,,,,,,,,,,,,,,,,,,,,,,,2027-04-24 15:00:00,nott'm forest,sunderland,2027-04-24,,,,,,,,,,,,,,,,,,,,,,,,,,,,,,
Tottenham,Hull City,2027-04-24 15:00:00,2027,4,5,,,,,,,,,,,,,,,,,,,,,,,,,,,,,,,,,,,,,0.0,,,,,,,,,,,,,,,,,,,,,,,,,,,,,,,,,,,0.0,,,,,,,,,0.0,,,,,,,,,,,,,,,,,,,,,,,,,,,,2.4,2.4,,,,,,0.0,,,,,,,,2.4,,,2.4,,,,,,,,,0.0,,,1.8008213552361396,,0.8,2.4,1.0,,,,,,,,,,,,,,,,,,,,,,,,,,,,,,,,,,,,,,,,,,,,,,,,,,,,,,,,,,,,,,,,,,,,,,,,,,,,,,,,,,,,,,,,,,,,,,,,2027-04-24 15:00:00,tottenham,hull city,2027-04-24,,,,,,,,,,,,,,,,,,,,,,,,,,,,,,
Arsenal,Tottenham,2027-05-01 15:00:00,2027,5,5,,,,,,,,,,,,,,,,,,,,,,,,,,,,,,,,,,,,,0.0,,,,,,,,,,,,,,,,,,,,,,,,,,,,,,,,,,,0.0,,,,,,,,,0.0,,,,,,,,,,,,,,,,,,,,,,,,,,,,1.8,1.4,,,,,,0.0,,,,,,,,1.8,,,1.4,,,,,,,,,0.0,,,2.145228215767635,1.402061855670103,2.4,1.0,12.0,0.6,1.8,5.0,,,,,,,,,,,,,,,,,,,,,,,,,,,,,,,,,,,,,,,,,,,,,,,,,,,,,,,,,,,,,,,,,,,,,,,,,,,,,,,,,,,,,,,,,,,,,2027-05-01 15:00:00,arsenal,tottenham,2027-05-01,,,,,,,,,,,,,,,,,,,,,,,,,,,,,,
Brighton,Nott'm Forest,2027-05-01 15:00:00,2027,5,5,,,,,,,,,,,,,,,,,,,,,,,,,,,,,,,,,,,,,0.0,,,,,,,,,,,,,,,,,,,,,,,,,,,,,,,,,,,0.0,,,,,,,,,0.0,,,,,,,,,,,,,,,,,,,,,,,,,,,,2.0,1.3,,,,,,0.0,,,,,,,,2.0,,,1.3,,,,,,,,,0.0,,,1.3511904761904763,1.1506849315068493,2.0,0.6,10.0,1.6,2.0,7.0,,,,,,,,,,,,,,,,,,,,,,,,,,,,,,,,,,,,,,,,,,,,,,,,,,,,,,,,,,,,,,,,,,,,,,,,,,,,,,,,,,,,,,,,,,,,,2027-05-01 15:00:00,brighton,nott'm forest,2027-05-01,,,,,,,,,,,,,,,,,,,,,,,,,,,,,,
Coventry City,Man United,2027-05-01 15:00:00,2027,5,5,,,,,,,,,,,,,,,,,,,,,,,,,,,,,,,,,,,,,0.0,,,,,,,,,,,,,,,,,,,,,,,,,,,,,,,,,,,0.0,,,,,,,,,0.0,,,,,,,,,,,,,,,,,,,,,,,,,,,,1.4,1.4,,,,,,0.0,,,,,,,,1.4,,,1.4,,,,,,,,,0.0,,,,1.5896907216494844,,,,1.0,1.4,7.0,,,,,,,,,,,,,,,,,,,,,,,,,,,,,,,,,,,,,,,,,,,,,,,,,,,,,,,,,,,,,,,,,,,,,,,,,,,,,,,,,,,,,,,,,,,,,2027-05-01 15:00:00,coventry city,man united,2027-05-01,,,,,,,,,,,,,,,,,,,,,,,,,,,,,,
Crystal Palace,Aston Villa,2027-05-01 15:00:00,2027,5,5,,,,,,,,,,,,,,,,,,,,,,,,,,,,,,,,,,,,,0.0,,,,,,,,,,,,,,,,,,,,,,,,,,,,,,,,,,,0.0,,,,,,,,,0.0,,,,,,,,,,,,,,,,,,,,,,,,,,,,2.6,2.2,,,,,,0.0,,,,,,,,2.6,,,2.2,,,,,,,,,0.0,,,1.193798449612403,1.1495327102803738,1.4,2.6,3.0,0.8,1.8,7.0,,,,,,,,,,,,,,,,,,,,,,,,,,,,,,,,,,,,,,,,,,,,,,,,,,,,,,,,,,,,,,,,,,,,,,,,,,,,,,,,,,,,,,,,,,,,,2027-05-01 15:00:00,crystal palace,aston villa,2027-05-01,,,,,,,,,,,,,,,,,,,,,,,,,,,,,,
Fulham,Everton,2027-05-01 15:00:00,2027,5,5,,,,,,,,,,,,,,,,,,,,,,,,,,,,,,,,,,,,,0.0,,,,,,,,,,,,,,,,,,,,,,,,,,,,,,,,,,,0.0,,,,,,,,,0.0,,,,,,,,,,,,,,,,,,,,,,,,,,,,1.8,1.4,,,,,,0.0,,,,,,,,1.8,,,1.4,,,,,,,,,0.0,,,1.3672316384180792,1.05175983436853,1.4,1.8,4.0,1.4,1.0,9.0,,,,,,,,,,,,,,,,,,,,,,,,,,,,,,,,,,,,,,,,,,,,,,,,,,,,,,,,,,,,,,,,,,,,,,,,,,,,,,,,,,,,,,,,,,,,,2027-05-01 15:00:00,fulham,everton,2027-05-01,,,,,,,,,,,,,,,,,,,,,,,,,,,,,,
Hull City,Bournemouth,2027-05-01 15:00:00,2027,5,5,,,,,,,,,,,,,,,,,,,,,,,,,,,,,,,,,,,,,0.0,,,,,,,,,,,,,,,,,,,,,,,,,,,,,,,,,,,0.0,,,,,,,,,0.0,,,,,,,,,,,,,,,,,,,,,,,,,,,,1.0,1.0,,,,,,0.0,,,,,,,,1.0,,,1.0,,,,,,,,,0.0,,,,1.2574850299401197,,,,1.4,1.0,9.0,,,,,,,,,,,,,,,,,,,,,,,,,,,,,,,,,,,,,,,,,,,,,,,,,,,,,,,,,,,,,,,,,,,,,,,,,,,,,,,,,,,,,,,,,,,,,2027-05-01 15:00:00,hull city,bournemouth,2027-05-01,,,,,,,,,,,,,,,,,,,,,,,,,,,,,,
Ipswich Town,Leeds,2027-05-01 15:00:00,2027,5,5,,,,,,,,,,,,,,,,,,,,,,,,,,,,,,,,,,,,,0.0,,,,,,,,,,,,,,,,,,,,,,,,,,,,,,,,,,,0.0,,,,,,,,,0.0,,,,,,,,,,,,,,,,,,,,,,,,,,,,1.0,1.0,,,,,,0.0,,,,,,,,1.0,,,1.0,,,,,,,,,0.0,,,,1.2986111111111112,,,,1.2,1.0,7.0,,,,,,,,,,,,,,,,,,,,,,,,,,,,,,,,,,,,,,,,,,,,,,,,,,,,,,,,,,,,,,,,,,,,,,,,,,,,,,,,,,,,,,,,,,,,,2027-05-01 15:00:00,ipswich town,leeds,2027-05-01,,,,,,,,,,,,,,,,,,,,,,,,,,,,,,
Liverpool,Chelsea,2027-05-01 15:00:00,2027,5,5,,,,,,,,,,,,,,,,,,,,,,,,,,,,,,,,,,,,,0.0,,,,,,,,,,,,,,,,,,,,,,,,,,,,,,,,,,,0.0,,,,,,,,,0.0,,,,,,,,,,,,,,,,,,,,,,,,,,,,2.0,1.7,,,,,,0.0,,,,,,,,2.0,,,1.7,,,,,,,,,0.0,,,2.072463768115942,1.5855670103092783,2.4,1.4,8.0,1.8,2.0,9.0,,,,,,,,,,,,,,,,,,,,,,,,,,,,,,,,,,,,,,,,,,,,,,,,,,,,,,,,,,,,,,,,,,,,,,,,,,,,,,,,,,,,,,,,,,,,,2027-05-01 15:00:00,liverpool,chelsea,2027-05-01,,,,,,,,,,,,,,,,,,,,,,,,,,,,,,
Man City,Brentford,2027-05-01 15:00:00,2027,5,5,,,,,,,,,,,,,,,,,,,,,,,,,,,,,,,,,,,,,0.0,,,,,,,,,,,,,,,,,,,,,,,,,,,,,,,,,,,0.0,,,,,,,,,0.0,,,,,,,,,,,,,,,,,,,,,,,,,,,,1.6,1.5,,,,,,0.0,,,,,,,,1.6,,,1.5,,,,,,,,,0.0,,,2.1931330472103006,1.358695652173913,2.4,1.4,13.0,2.0,1.6,9.0,,,,,,,,,,,,,,,,,,,,,,,,,,,,,,,,,,,,,,,,,,,,,,,,,,,,,,,,,,,,,,,,,,,,,,,,,,,,,,,,,,,,,,,,,,,,,2027-05-01 15:00:00,man city,brentford,2027-05-01,,,,,,,,,,,,,,,,,,,,,,,,,,,,,,
Sunderland,Newcastle,2027-05-01 15:00:00,2027,5,5,,,,,,,,,,,,,,,,,,,,,,,,,,,,,,,,,,,,,0.0,,,,,,,,,,,,,,,,,,,,,,,,,,,,,,,,,,,0.0,,,,,,,,,0.0,,,,,,,,,,,,,,,,,,,,,,,,,,,,2.2,1.7000000000000002,,,,,,0.0,,,,,,,,2.2,,,1.7000000000000002,,,,,,,,,0.0,,,1.103202846975089,1.1121076233183858,1.0,1.2,6.0,1.4,2.2,9.0,,,,,,,,,,,,,,,,,,,,,,,,,,,,,,,,,,,,,,,,,,,,,,,,,,,,,,,,,,,,,,,,,,,,,,,,,,,,,,,,,,,,,,,,,,,,,2027-05-01 15:00:00,sunderland,newcastle,2027-05-01,,,,,,,,,,,,,,,,,,,,,,,,,,,,,,
Bournemouth,Man United,2027-05-08 15:00:00,2027,5,5,,,,,,,,,,,,,,,,,,,,,,,,,,,,,,,,,,,,,0.0,,,,,,,,,,,,,,,,,,,,,,,,,,,,,,,,,,,0.0,,,,,,,,,0.0,,,,,,,,,,,,,,,,,,,,,,,,,,,,1.4,1.2,,,,,,0.0,,,,,,,,1.4,,,1.2,,,,,,,,,0.0,,,1.3609467455621302,1.5896907216494844,0.8,1.0,4.0,1.0,1.4,7.0,,,,,,,,,,,,,,,,,,,,,,,,,,,,,,,,,,,,,,,,,,,,,,,,,,,,,,,,,,,,,,,,,,,,,,,,,,,,,,,,,,,,,,,,,,,,,2027-05-08 15:00:00,bournemouth,man united,2027-05-08,,,,,,,,,,,,,,,,,,,,,,,,,,,,,,
Brentford,Aston Villa,2027-05-08 15:00:00,2027,5,5,,,,,,,,,,,,,,,,,,,,,,,,,,,,,,,,,,,,,0.0,,,,,,,,,,,,,,,,,,,,,,,,,,,,,,,,,,,0.0,,,,,,,,,0.0,,,,,,,,,,,,,,,,,,,,,,,,,,,,1.8,1.3,,,,,,0.0,,,,,,,,1.8,,,1.3,,,,,,,,,0.0,,,1.684782608695652,1.1495327102803738,1.6,0.8,8.0,0.8,1.8,7.0,,,,,,,,,,,,,,,,,,,,,,,,,,,,,,,,,,,,,,,,,,,,,,,,,,,,,,,,,,,,,,,,,,,,,,,,,,,,,,,,,,,,,,,,,,,,,2027-05-08 15:00:00,brentford,aston villa,2027-05-08,,,,,,,,,,,,,,,,,,,,,,,,,,,,,,
Brighton,Sunderland,2027-05-08 15:00:00,2027,5,5,,,,,,,,,,,,,,,,,,,,,,,,,,,,,,,,,,,,,0.0,,,,,,,,,,,,,,,,,,,,,,,,,,,,,,,,,,,0.0,,,,,,,,,0.0,,,,,,,,,,,,,,,,,,,,,,,,,,,,1.8,1.2,,,,,,0.0,,,,,,,,1.8,,,1.2,,,,,,,,,0.0,,,1.3511904761904763,0.8617021276595744,2.0,0.6,10.0,1.4,1.8,7.0,,,,,,,,,,,,,,,,,,,,,,,,,,,,,,,,,,,,,,,,,,,,,,,,,,,,,,,,,,,,,,,,,,,,,,,,,,,,,,,,,,,,,,,,,,,,,2027-05-08 15:00:00,brighton,sunderland,2027-05-08,,,,,,,,,,,,,,,,,,,,,,,,,,,,,,
Everton,Hull City,2027-05-08 15:00:00,2027,5,5,,,,,,,,,,,,,,,,,,,,,,,,,,,,,,,,,,,,,0.0,,,,,,,,,,,,,,,,,,,,,,,,,,,,,,,,,,,0.0,,,,,,,,,0.0,,,,,,,,,,,,,,,,,,,,,,,,,,,,0.6,0.6,,,,,,0.0,,,,,,,,0.6,,,0.6,,,,,,,,,0.0,,,1.5030800821355237,,1.4,0.6,10.0,,,,,,,,,,,,,,,,,,,,,,,,,,,,,,,,,,,,,,,,,,,,,,,,,,,,,,,,,,,,,,,,,,,,,,,,,,,,,,,,,,,,,,,,,,,,,,,,2027-05-08 15:00:00,everton,hull city,2027-05-08,,,,,,,,,,,,,,,,,,,,,,,,,,,,,,
Fulham,Ipswich Town,2027-05-08 15:00:00,2027,5,5,,,,,,,,,,,,,,,,,,,,,,,,,,,,,,,,,,,,,0.0,,,,,,,,,,,,,,,,,,,,,,,,,,,,,,,,,,,0.0,,,,,,,,,0.0,,,,,,,,,,,,,,,,,,,,,,,,,,,,1.8,1.8,,,,,,0.0,,,,,,,,1.8,,,1.8,,,,,,,,,0.0,,,1.3672316384180792,,1.4,1.8,4.0,,,,,,,,,,,,,,,,,,,,,,,,,,,,,,,,,,,,,,,,,,,,,,,,,,,,,,,,,,,,,,,,,,,,,,,,,,,,,,,,,,,,,,,,,,,,,,,,2027-05-08 15:00:00,fulham,ipswich town,2027-05-08,,,,,,,,,,,,,,,,,,,,,,,,,,,,,,
Leeds,Arsenal,2027-05-08 15:00:00,2027,5,5,,,,,,,,,,,,,,,,,,,,,,,,,,,,,,,,,,,,,0.0,,,,,,,,,,,,,,,,,,,,,,,,,,,,,,,,,,,0.0,,,,,,,,,0.0,,,,,,,,,,,,,,,,,,,,,,,,,,,,0.8,0.8,,,,,,0.0,,,,,,,,0.8,,,0.8,,,,,,,,,0.0,,,1.4256756756756757,1.651639344262295,1.0,0.8,5.0,1.6,0.8,13.0,,,,,,,,,,,,,,,,,,,,,,,,,,,,,,,,,,,,,,,,,,,,,,,,,,,,,,,,,,,,,,,,,,,,,,,,,,,,,,,,,,,,,,,,,,,,,2027-05-08 15:00:00,leeds,arsenal,2027-05-08,,,,,,,,,,,,,,,,,,,,,,,,,,,,,,
Man City,Liverpool,2027-05-08 15:00:00,2027,5,5,,,,,,,,,,,,,,,,,,,,,,,,,,,,,,,,,,,,,0.0,,,,,,,,,,,,,,,,,,,,,,,,,,,,,,,,,,,0.0,,,,,,,,,0.0,,,,,,,,,,,,,,,,,,,,,,,,,,,,1.4,1.1,,,,,,0.0,,,,,,,,1.4,,,1.1,,,,,,,,,0.0,,,2.1931330472103006,1.6454918032786885,2.4,1.4,13.0,1.4,0.8,11.0,,,,,,,,,,,,,,,,,,,,,,,,,,,,,,,,,,,,,,,,,,,,,,,,,,,,,,,,,,,,,,,,,,,,,,,,,,,,,,,,,,,,,,,,,,,,,2027-05-08 15:00:00,man city,liverpool,2027-05-08,,,,,,,,,,,,,,,,,,,,,,,,,,,,,,
Newcastle,Coventry City,2027-05-08 15:00:00,2027,5,5,,,,,,,,,,,,,,,,,,,,,,,,,,,,,,,,,,,,,0.0,,,,,,,,,,,,,,,,,,,,,,,,,,,,,,,,,,,0.0,,,,,,,,,0.0,,,,,,,,,,,,,,,,,,,,,,,,,,,,1.8,1.8,,,,,,0.0,,,,,,,,1.8,,,1.8,,,,,,,,,0.0,,,1.5714285714285714,,2.0,1.8,8.0,,,,,,,,,,,,,,,,,,,,,,,,,,,,,,,,,,,,,,,,,,,,,,,,,,,,,,,,,,,,,,,,,,,,,,,,,,,,,,,,,,,,,,,,,,,,,,,,2027-05-08 15:00:00,newcastle,coventry city,2027-05-08,,,,,,,,,,,,,,,,,,,,,,,,,,,,,,
Nott'm Forest,Crystal Palace,2027-05-08 15:00:00,2027,5,5,,,,,,,,,,,,,,,,,,,,,,,,,,,,,,,,,,,,,0.0,,,,,,,,,,,,,,,,,,,,,,,,,,,,,,,,,,,0.0,,,,,,,,,0.0,,,,,,,,,,,,,,,,,,,,,,,,,,,,1.4,1.0,,,,,,0.0,,,,,,,,1.4,,,1.0,,,,,,,,,0.0,,,1.2602739726027397,1.1450381679389312,0.0,0.6,2.0,1.4,1.4,9.0,,,,,,,,,,,,,,,,,,,,,,,,,,,,,,,,,,,,,,,,,,,,,,,,,,,,,,,,,,,,,,,,,,,,,,,,,,,,,,,,,,,,,,,,,,,,,2027-05-08 15:00:00,nott'm forest,crystal palace,2027-05-08,,,,,,,,,,,,,,,,,,,,,,,,,,,,,,
Tottenham,Chelsea,2027-05-08 15:00:00,2027,5,5,,,,,,,,,,,,,,,,,,,,,,,,,,,,,,,,,,,,,0.0,,,,,,,,,,,,,,,,,,,,,,,,,,,,,,,,,,,0.0,,,,,,,,,0.0,,,,,,,,,,,,,,,,,,,,,,,,,,,,2.4,2.2,,,,,,0.0,,,,,,,,2.4,,,2.2,,,,,,,,,0.0,,,1.8008213552361396,1.5855670103092783,0.8,2.4,1.0,1.8,2.0,9.0,,,,,,,,,,,,,,,,,,,,,,,,,,,,,,,,,,,,,,,,,,,,,,,,,,,,,,,,,,,,,,,,,,,,,,,,,,,,,,,,,,,,,,,,,,,,,2027-05-08 15:00:00,tottenham,chelsea,2027-05-08,,,,,,,,,,,,,,,,,,,,,,,,,,,,,,
Arsenal,Nott'm Forest,2027-05-15 15:00:00,2027,5,5,,,,,,,,,,,,,,,,,,,,,,,,,,,,,,,,,,,,,0.0,,,,,,,,,,,,,,,,,,,,,,,,,,,,,,,,,,,0.0,,,,,,,,,0.0,,,,,,,,,,,,,,,,,,,,,,,,,,,,2.0,1.5,,,,,,0.0,,,,,,,,2.0,,,1.5,,,,,,,,,0.0,,,2.145228215767635,1.1506849315068493,2.4,1.0,12.0,1.6,2.0,7.0,,,,,,,,,,,,,,,,,,,,,,,,,,,,,,,,,,,,,,,,,,,,,,,,,,,,,,,,,,,,,,,,,,,,,,,,,,,,,,,,,,,,,,,,,,,,,2027-05-15 15:00:00,arsenal,nott'm forest,2027-05-15,,,,,,,,,,,,,,,,,,,,,,,,,,,,,,
Aston Villa,Newcastle,2027-05-15 15:00:00,2027,5,5,,,,,,,,,,,,,,,,,,,,,,,,,,,,,,,,,,,,,0.0,,,,,,,,,,,,,,,,,,,,,,,,,,,,,,,,,,,0.0,,,,,,,,,0.0,,,,,,,,,,,,,,,,,,,,,,,,,,,,2.2,1.9000000000000001,,,,,,0.0,,,,,,,,2.2,,,1.9000000000000001,,,,,,,,,0.0,,,1.3668224299065421,1.1121076233183858,0.8,1.6,4.0,1.4,2.2,9.0,,,,,,,,,,,,,,,,,,,,,,,,,,,,,,,,,,,,,,,,,,,,,,,,,,,,,,,,,,,,,,,,,,,,,,,,,,,,,,,,,,,,,,,,,,,,,2027-05-15 15:00:00,aston villa,newcastle,2027-05-15,,,,,,,,,,,,,,,,,,,,,,,,,,,,,,
Chelsea,Everton,2027-05-15 15:00:00,2027,5,5,,,,,,,,,,,,,,,,,,,,,,,,,,,,,,,,,,,,,0.0,,,,,,,,,,,,,,,,,,,,,,,,,,,,,,,,,,,0.0,,,,,,,,,0.0,,,,,,,,,,,,,,,,,,,,,,,,,,,,2.0,1.5,,,,,,0.0,,,,,,,,2.0,,,1.5,,,,,,,,,0.0,,,2.041322314049587,1.05175983436853,2.4,2.0,9.0,1.4,1.0,9.0,,,,,,,,,,,,,,,,,,,,,,,,,,,,,,,,,,,,,,,,,,,,,,,,,,,,,,,,,,,,,,,,,,,,,,,,,,,,,,,,,,,,,,,,,,,,,2027-05-15 15:00:00,chelsea,everton,2027-05-15,,,,,,,,,,,,,,,,,,,,,,,,,,,,,,
Coventry City,Tottenham,2027-05-15 15:00:00,2027,5,5,,,,,,,,,,,,,,,,,,,,,,,,,,,,,,,,,,,,,0.0,,,,,,,,,,,,,,,,,,,,,,,,,,,,,,,,,,,0.0,,,,,,,,,0.0,,,,,,,,,,,,,,,,,,,,,,,,,,,,1.8,1.8,,,,,,0.0,,,,,,,,1.8,,,1.8,,,,,,,,,0.0,,,,1.402061855670103,,,,0.6,1.8,5.0,,,,,,,,,,,,,,,,,,,,,,,,,,,,,,,,,,,,,,,,,,,,,,,,,,,,,,,,,,,,,,,,,,,,,,,,,,,,,,,,,,,,,,,,,,,,,2027-05-15 15:00:00,coventry city,tottenham,2027-05-15,,,,,,,,,,,,,,,,,,,,,,,,,,,,,,
Crystal Palace,Brighton,2027-05-15 15:00:00,2027,5,5,,,,,,,,,,,,,,,,,,,,,,,,,,,,,,,,,,,,,0.0,,,,,,,,,,,,,,,,,,,,,,,,,,,,,,,,,,,0.0,,,,,,,,,0.0,,,,,,,,,,,,,,,,,,,,,,,,,,,,2.6,2.0,,,,,,0.0,,,,,,,,2.6,,,2.0,,,,,,,,,0.0,,,1.193798449612403,1.2335329341317365,1.4,2.6,3.0,2.2,1.4,9.0,,,,,,,,,,,,,,,,,,,,,,,,,,,,,,,,,,,,,,,,,,,,,,,,,,,,,,,,,,,,,,,,,,,,,,,,,,,,,,,,,,,,,,,,,,,,,2027-05-15 15:00:00,crystal palace,brighton,2027-05-15,,,,,,,,,,,,,,,,,,,,,,,,,,,,,,
Hull City,Fulham,2027-05-15 15:00:00,2027,5,5,,,,,,,,,,,,,,,,,,,,,,,,,,,,,,,,,,,,,0.0,,,,,,,,,,,,,,,,,,,,,,,,,,,,,,,,,,,0.0,,,,,,,,,0.0,,,,,,,,,,,,,,,,,,,,,,,,,,,,1.6,1.6,,,,,,0.0,,,,,,,,1.6,,,1.6,,,,,,,,,0.0,,,,0.9430199430199431,,,,1.0,1.6,7.0,,,,,,,,,,,,,,,,,,,,,,,,,,,,,,,,,,,,,,,,,,,,,,,,,,,,,,,,,,,,,,,,,,,,,,,,,,,,,,,,,,,,,,,,,,,,,2027-05-15 15:00:00,hull city,fulham,2027-05-15,,,,,,,,,,,,,,,,,,,,,,,,,,,,,,
Ipswich Town,Man City,2027-05-15 15:00:00,2027,5,5,,,,,,,,,,,,,,,,,,,,,,,,,,,,,,,,,,,,,0.0,,,,,,,,,,,,,,,,,,,,,,,,,,,,,,,,,,,0.0,,,,,,,,,0.0,,,,,,,,,,,,,,,,,,,,,,,,,,,,0.8,0.8,,,,,,0.0,,,,,,,,0.8,,,0.8,,,,,,,,,0.0,,,,1.6365591397849462,,,,2.0,0.8,13.0,,,,,,,,,,,,,,,,,,,,,,,,,,,,,,,,,,,,,,,,,,,,,,,,,,,,,,,,,,,,,,,,,,,,,,,,,,,,,,,,,,,,,,,,,,,,,2027-05-15 15:00:00,ipswich town,man city,2027-05-15,,,,,,,,,,,,,,,,,,,,,,,,,,,,,,
Liverpool,Brentford,2027-05-15 15:00:00,2027,5,5,,,,,,,,,,,,,,,,,,,,,,,,,,,,,,,,,,,,,0.0,,,,,,,,,,,,,,,,,,,,,,,,,,,,,,,,,,,0.0,,,,,,,,,0.0,,,,,,,,,,,,,,,,,,,,,,,,,,,,1.6,1.5,,,,,,0.0,,,,,,,,1.6,,,1.5,,,,,,,,,0.0,,,2.072463768115942,1.358695652173913,2.4,1.4,8.0,2.0,1.6,9.0,,,,,,,,,,,,,,,,,,,,,,,,,,,,,,,,,,,,,,,,,,,,,,,,,,,,,,,,,,,,,,,,,,,,,,,,,,,,,,,,,,,,,,,,,,,,,2027-05-15 15:00:00,liverpool,brentford,2027-05-15,,,,,,,,,,,,,,,,,,,,,,,,,,,,,,
Man United,Leeds,2027-05-15 15:00:00,2027,5,5,,,,,,,,,,,,,,,,,,,,,,,,,,,,,,,,,,,,,0.0,,,,,,,,,,,,,,,,,,,,,,,,,,,,,,,,,,,0.0,,,,,,,,,0.0,,,,,,,,,,,,,,,,,,,,,,,,,,,,1.2,1.1,,,,,,0.0,,,,,,,,1.2,,,1.1,,,,,,,,,0.0,,,2.0351966873706004,1.2986111111111112,2.4,1.2,12.0,1.2,1.0,7.0,,,,,,,,,,,,,,,,,,,,,,,,,,,,,,,,,,,,,,,,,,,,,,,,,,,,,,,,,,,,,,,,,,,,,,,,,,,,,,,,,,,,,,,,,,,,,2027-05-15 15:00:00,man united,leeds,2027-05-15,,,,,,,,,,,,,,,,,,,,,,,,,,,,,,
Sunderland,Bournemouth,2027-05-15 15:00:00,2027,5,5,,,,,,,,,,,,,,,,,,,,,,,,,,,,,,,,,,,,,0.0,,,,,,,,,,,,,,,,,,,,,,,,,,,,,,,,,,,0.0,,,,,,,,,0.0,,,,,,,,,,,,,,,,,,,,,,,,,,,,1.2,1.1,,,,,,0.0,,,,,,,,1.2,,,1.1,,,,,,,,,0.0,,,1.103202846975089,1.2574850299401197,1.0,1.2,6.0,1.4,1.0,9.0,,,,,,,,,,,,,,,,,,,,,,,,,,,,,,,,,,,,,,,,,,,,,,,,,,,,,,,,,,,,,,,,,,,,,,,,,,,,,,,,,,,,,,,,,,,,,2027-05-15 15:00:00,sunderland,bournemouth,2027-05-15,,,,,,,,,,,,,,,,,,,,,,,,,,,,,,
Bournemouth,Chelsea,2027-05-23 15:00:00,2027,5,6,,,,,,,,,,,,,,,,,,,,,,,,,,,,,,,,,,,,,0.0,,,,,,,,,,,,,,,,,,,,,,,,,,,,,,,,,,,0.0,,,,,,,,,0.0,,,,,,,,,,,,,,,,,,,,,,,,,,,,2.0,1.5,,,,,,0.0,,,,,,,,2.0,,,1.5,,,,,,,,,0.0,,,1.3609467455621302,1.5855670103092783,0.8,1.0,4.0,1.8,2.0,9.0,,,,,,,,,,,,,,,,,,,,,,,,,,,,,,,,,,,,,,,,,,,,,,,,,,,,,,,,,,,,,,,,,,,,,,,,,,,,,,,,,,,,,,,,,,,,,2027-05-23 15:00:00,bournemouth,chelsea,2027-05-23,,,,,,,,,,,,,,,,,,,,,,,,,,,,,,
Brentford,Hull City,2027-05-23 15:00:00,2027,5,6,,,,,,,,,,,,,,,,,,,,,,,,,,,,,,,,,,,,,0.0,,,,,,,,,,,,,,,,,,,,,,,,,,,,,,,,,,,0.0,,,,,,,,,0.0,,,,,,,,,,,,,,,,,,,,,,,,,,,,0.8,0.8,,,,,,0.0,,,,,,,,0.8,,,0.8,,,,,,,,,0.0,,,1.684782608695652,,1.6,0.8,8.0,,,,,,,,,,,,,,,,,,,,,,,,,,,,,,,,,,,,,,,,,,,,,,,,,,,,,,,,,,,,,,,,,,,,,,,,,,,,,,,,,,,,,,,,,,,,,,,,2027-05-23 15:00:00,brentford,hull city,2027-05-23,,,,,,,,,,,,,,,,,,,,,,,,,,,,,,
Brighton,Liverpool,2027-05-23 15:00:00,2027,5,6,,,,,,,,,,,,,,,,,,,,,,,,,,,,,,,,,,,,,0.0,,,,,,,,,,,,,,,,,,,,,,,,,,,,,,,,,,,0.0,,,,,,,,,0.0,,,,,,,,,,,,,,,,,,,,,,,,,,,,0.8,0.7,,,,,,0.0,,,,,,,,0.8,,,0.7,,,,,,,,,0.0,,,1.3511904761904763,1.6454918032786885,2.0,0.6,10.0,1.4,0.8,11.0,,,,,,,,,,,,,,,,,,,,,,,,,,,,,,,,,,,,,,,,,,,,,,,,,,,,,,,,,,,,,,,,,,,,,,,,,,,,,,,,,,,,,,,,,,,,,2027-05-23 15:00:00,brighton,liverpool,2027-05-23,,,,,,,,,,,,,,,,,,,,,,,,,,,,,,
Everton,Arsenal,2027-05-23 15:00:00,2027,5,6,,,,,,,,,,,,,,,,,,,,,,,,,,,,,,,,,,,,,0.0,,,,,,,,,,,,,,,,,,,,,,,,,,,,,,,,,,,0.0,,,,,,,,,0.0,,,,,,,,,,,,,,,,,,,,,,,,,,,,0.8,0.7,,,,,,0.0,,,,,,,,0.8,,,0.7,,,,,,,,,0.0,,,1.5030800821355237,1.651639344262295,1.4,0.6,10.0,1.6,0.8,13.0,,,,,,,,,,,,,,,,,,,,,,,,,,,,,,,,,,,,,,,,,,,,,,,,,,,,,,,,,,,,,,,,,,,,,,,,,,,,,,,,,,,,,,,,,,,,,2027-05-23 15:00:00,everton,arsenal,2027-05-23,,,,,,,,,,,,,,,,,,,,,,,,,,,,,,
Fulham,Coventry City,2027-05-23 15:00:00,2027,5,6,,,,,,,,,,,,,,,,,,,,,,,,,,,,,,,,,,,,,0.0,,,,,,,,,,,,,,,,,,,,,,,,,,,,,,,,,,,0.0,,,,,,,,,0.0,,,,,,,,,,,,,,,,,,,,,,,,,,,,1.8,1.8,,,,,,0.0,,,,,,,,1.8,,,1.8,,,,,,,,,0.0,,,1.3672316384180792,,1.4,1.8,4.0,,,,,,,,,,,,,,,,,,,,,,,,,,,,,,,,,,,,,,,,,,,,,,,,,,,,,,,,,,,,,,,,,,,,,,,,,,,,,,,,,,,,,,,,,,,,,,,,2027-05-23 15:00:00,fulham,coventry city,2027-05-23,,,,,,,,,,,,,,,,,,,,,,,,,,,,,,
Leeds,Sunderland,2027-05-23 15:00:00,2027,5,6,,,,,,,,,,,,,,,,,,,,,,,,,,,,,,,,,,,,,0.0,,,,,,,,,,,,,,,,,,,,,,,,,,,,,,,,,,,0.0,,,,,,,,,0.0,,,,,,,,,,,,,,,,,,,,,,,,,,,,1.8,1.3,,,,,,0.0,,,,,,,,1.8,,,1.3,,,,,,,,,0.0,,,1.4256756756756757,0.8617021276595744,1.0,0.8,5.0,1.4,1.8,7.0,,,,,,,,,,,,,,,,,,,,,,,,,,,,,,,,,,,,,,,,,,,,,,,,,,,,,,,,,,,,,,,,,,,,,,,,,,,,,,,,,,,,,,,,,,,,,2027-05-23 15:00:00,leeds,sunderland,2027-05-23,,,,,,,,,,,,,,,,,,,,,,,,,,,,,,
Man City,Aston Villa,2027-05-23 15:00:00,2027,5,6,,,,,,,,,,,,,,,,,,,,,,,,,,,,,,,,,,,,,0.0,,,,,,,,,,,,,,,,,,,,,,,,,,,,,,,,,,,0.0,,,,,,,,,0.0,,,,,,,,,,,,,,,,,,,,,,,,,,,,1.8,1.6,,,,,,0.0,,,,,,,,1.8,,,1.6,,,,,,,,,0.0,,,2.1931330472103006,1.1495327102803738,2.4,1.4,13.0,0.8,1.8,7.0,,,,,,,,,,,,,,,,,,,,,,,,,,,,,,,,,,,,,,,,,,,,,,,,,,,,,,,,,,,,,,,,,,,,,,,,,,,,,,,,,,,,,,,,,,,,,2027-05-23 15:00:00,man city,aston villa,2027-05-23,,,,,,,,,,,,,,,,,,,,,,,,,,,,,,
Newcastle,Crystal Palace,2027-05-23 15:00:00,2027,5,6,,,,,,,,,,,,,,,,,,,,,,,,,,,,,,,,,,,,,0.0,,,,,,,,,,,,,,,,,,,,,,,,,,,,,,,,,,,0.0,,,,,,,,,0.0,,,,,,,,,,,,,,,,,,,,,,,,,,,,1.8,1.6,,,,,,0.0,,,,,,,,1.8,,,1.6,,,,,,,,,0.0,,,1.5714285714285714,1.1450381679389312,2.0,1.8,8.0,1.4,1.4,9.0,,,,,,,,,,,,,,,,,,,,,,,,,,,,,,,,,,,,,,,,,,,,,,,,,,,,,,,,,,,,,,,,,,,,,,,,,,,,,,,,,,,,,,,,,,,,,2027-05-23 15:00:00,newcastle,crystal palace,2027-05-23,,,,,,,,,,,,,,,,,,,,,,,,,,,,,,
Nott'm Forest,Ipswich Town,2027-05-23 15:00:00,2027,5,6,,,,,,,,,,,,,,,,,,,,,,,,,,,,,,,,,,,,,0.0,,,,,,,,,,,,,,,,,,,,,,,,,,,,,,,,,,,0.0,,,,,,,,,0.0,,,,,,,,,,,,,,,,,,,,,,,,,,,,0.6,0.6,,,,,,0.0,,,,,,,,0.6,,,0.6,,,,,,,,,0.0,,,1.2602739726027397,,0.0,0.6,2.0,,,,,,,,,,,,,,,,,,,,,,,,,,,,,,,,,,,,,,,,,,,,,,,,,,,,,,,,,,,,,,,,,,,,,,,,,,,,,,,,,,,,,,,,,,,,,,,,2027-05-23 15:00:00,nott'm forest,ipswich town,2027-05-23,,,,,,,,,,,,,,,,,,,,,,,,,,,,,,
Tottenham,Man United,2027-05-23 15:00:00,2027,5,6,,,,,,,,,,,,,,,,,,,,,,,,,,,,,,,,,,,,,0.0,,,,,,,,,,,,,,,,,,,,,,,,,,,,,,,,,,,0.0,,,,,,,,,0.0,,,,,,,,,,,,,,,,,,,,,,,,,,,,2.4,1.9,,,,,,0.0,,,,,,,,2.4,,,1.9,,,,,,,,,0.0,,,1.8008213552361396,1.5896907216494844,0.8,2.4,1.0,1.0,1.4,7.0,,,,,,,,,,,,,,,,,,,,,,,,,,,,,,,,,,,,,,,,,,,,,,,,,,,,,,,,,,,,,,,,,,,,,,,,,,,,,,,,,,,,,,,,,,,,,2027-05-23 15:00:00,tottenham,man united,2027-05-23,,,,,,,,,,,,,,,,,,,,,,,,,,,,,,
Arsenal,Brighton,2027-05-30 16:00:00,2027,5,6,,,,,,,,,,,,,,,,,,,,,,,,,,,,,,,,,,,,,0.0,,,,,,,,,,,,,,,,,,,,,,,,,,,,,,,,,,,0.0,,,,,,,,,0.0,,,,,,,,,,,,,,,,,,,,,,,,,,,,1.4,1.2,,,,,,0.0,,,,,,,,1.4,,,1.2,,,,,,,,,0.0,,,2.145228215767635,1.2335329341317365,2.4,1.0,12.0,2.2,1.4,9.0,,,,,,,,,,,,,,,,,,,,,,,,,,,,,,,,,,,,,,,,,,,,,,,,,,,,,,,,,,,,,,,,,,,,,,,,,,,,,,,,,,,,,,,,,,,,,2027-05-30 16:00:00,arsenal,brighton,2027-05-30,,,,,,,,,,,,,,,,,,,,,,,,,,,,,,
Aston Villa,Tottenham,2027-05-30 16:00:00,2027,5,6,,,,,,,,,,,,,,,,,,,,,,,,,,,,,,,,,,,,,0.0,,,,,,,,,,,,,,,,,,,,,,,,,,,,,,,,,,,0.0,,,,,,,,,0.0,,,,,,,,,,,,,,,,,,,,,,,,,,,,1.8,1.7000000000000002,,,,,,0.0,,,,,,,,1.8,,,1.7000000000000002,,,,,,,,,0.0,,,1.3668224299065421,1.402061855670103,0.8,1.6,4.0,0.6,1.8,5.0,,,,,,,,,,,,,,,,,,,,,,,,,,,,,,,,,,,,,,,,,,,,,,,,,,,,,,,,,,,,,,,,,,,,,,,,,,,,,,,,,,,,,,,,,,,,,2027-05-30 16:00:00,aston villa,tottenham,2027-05-30,,,,,,,,,,,,,,,,,,,,,,,,,,,,,,
Chelsea,Brentford,2027-05-30 16:00:00,2027,5,6,,,,,,,,,,,,,,,,,,,,,,,,,,,,,,,,,,,,,0.0,,,,,,,,,,,,,,,,,,,,,,,,,,,,,,,,,,,0.0,,,,,,,,,0.0,,,,,,,,,,,,,,,,,,,,,,,,,,,,2.0,1.8,,,,,,0.0,,,,,,,,2.0,,,1.8,,,,,,,,,0.0,,,2.041322314049587,1.358695652173913,2.4,2.0,9.0,2.0,1.6,9.0,,,,,,,,,,,,,,,,,,,,,,,,,,,,,,,,,,,,,,,,,,,,,,,,,,,,,,,,,,,,,,,,,,,,,,,,,,,,,,,,,,,,,,,,,,,,,2027-05-30 16:00:00,chelsea,brentford,2027-05-30,,,,,,,,,,,,,,,,,,,,,,,,,,,,,,
Coventry City,Nott'm Forest,2027-05-30 16:00:00,2027,5,6,,,,,,,,,,,,,,,,,,,,,,,,,,,,,,,,,,,,,0.0,,,,,,,,,,,,,,,,,,,,,,,,,,,,,,,,,,,0.0,,,,,,,,,0.0,,,,,,,,,,,,,,,,,,,,,,,,,,,,2.0,2.0,,,,,,0.0,,,,,,,,2.0,,,2.0,,,,,,,,,0.0,,,,1.1506849315068493,,,,1.6,2.0,7.0,,,,,,,,,,,,,,,,,,,,,,,,,,,,,,,,,,,,,,,,,,,,,,,,,,,,,,,,,,,,,,,,,,,,,,,,,,,,,,,,,,,,,,,,,,,,,2027-05-30 16:00:00,coventry city,nott'm forest,2027-05-30,,,,,,,,,,,,,,,,,,,,,,,,,,,,,,
Crystal Palace,Leeds,2027-05-30 16:00:00,2027,5,6,,,,,,,,,,,,,,,,,,,,,,,,,,,,,,,,,,,,,0.0,,,,,,,,,,,,,,,,,,,,,,,,,,,,,,,,,,,0.0,,,,,,,,,0.0,,,,,,,,,,,,,,,,,,,,,,,,,,,,2.6,1.8,,,,,,0.0,,,,,,,,2.6,,,1.8,,,,,,,,,0.0,,,1.193798449612403,1.2986111111111112,1.4,2.6,3.0,1.2,1.0,7.0,,,,,,,,,,,,,,,,,,,,,,,,,,,,,,,,,,,,,,,,,,,,,,,,,,,,,,,,,,,,,,,,,,,,,,,,,,,,,,,,,,,,,,,,,,,,,2027-05-30 16:00:00,crystal palace,leeds,2027-05-30,,,,,,,,,,,,,,,,,,,,,,,,,,,,,,
Hull City,Newcastle,2027-05-30 16:00:00,2027,5,6,,,,,,,,,,,,,,,,,,,,,,,,,,,,,,,,,,,,,0.0,,,,,,,,,,,,,,,,,,,,,,,,,,,,,,,,,,,0.0,,,,,,,,,0.0,,,,,,,,,,,,,,,,,,,,,,,,,,,,2.2,2.2,,,,,,0.0,,,,,,,,2.2,,,2.2,,,,,,,,,0.0,,,,1.1121076233183858,,,,1.4,2.2,9.0,,,,,,,,,,,,,,,,,,,,,,,,,,,,,,,,,,,,,,,,,,,,,,,,,,,,,,,,,,,,,,,,,,,,,,,,,,,,,,,,,,,,,,,,,,,,,2027-05-30 16:00:00,hull city,newcastle,2027-05-30,,,,,,,,,,,,,,,,,,,,,,,,,,,,,,
Ipswich Town,Everton,2027-05-30 16:00:00,2027,5,6,,,,,,,,,,,,,,,,,,,,,,,,,,,,,,,,,,,,,0.0,,,,,,,,,,,,,,,,,,,,,,,,,,,,,,,,,,,0.0,,,,,,,,,0.0,,,,,,,,,,,,,,,,,,,,,,,,,,,,1.0,1.0,,,,,,0.0,,,,,,,,1.0,,,1.0,,,,,,,,,0.0,,,,1.05175983436853,,,,1.4,1.0,9.0,,,,,,,,,,,,,,,,,,,,,,,,,,,,,,,,,,,,,,,,,,,,,,,,,,,,,,,,,,,,,,,,,,,,,,,,,,,,,,,,,,,,,,,,,,,,,2027-05-30 16:00:00,ipswich town,everton,2027-05-30,,,,,,,,,,,,,,,,,,,,,,,,,,,,,,
Liverpool,Bournemouth,2027-05-30 16:00:00,2027,5,6,,,,,,,,,,,,,,,,,,,,,,,,,,,,,,,,,,,,,0.0,,,,,,,,,,,,,,,,,,,,,,,,,,,,,,,,,,,0.0,,,,,,,,,0.0,,,,,,,,,,,,,,,,,,,,,,,,,,,,1.4,1.2,,,,,,0.0,,,,,,,,1.4,,,1.2,,,,,,,,,0.0,,,2.072463768115942,1.2574850299401197,2.4,1.4,8.0,1.4,1.0,9.0,,,,,,,,,,,,,,,,,,,,,,,,,,,,,,,,,,,,,,,,,,,,,,,,,,,,,,,,,,,,,,,,,,,,,,,,,,,,,,,,,,,,,,,,,,,,,2027-05-30 16:00:00,liverpool,bournemouth,2027-05-30,,,,,,,,,,,,,,,,,,,,,,,,,,,,,,
Man United,Fulham,2027-05-30 16:00:00,2027,5,6,,,,,,,,,,,,,,,,,,,,,,,,,,,,,,,,,,,,,0.0,,,,,,,,,,,,,,,,,,,,,,,,,,,,,,,,,,,0.0,,,,,,,,,0.0,,,,,,,,,,,,,,,,,,,,,,,,,,,,1.6,1.4,,,,,,0.0,,,,,,,,1.6,,,1.4,,,,,,,,,0.0,,,2.0351966873706004,0.9430199430199431,2.4,1.2,12.0,1.0,1.6,7.0,,,,,,,,,,,,,,,,,,,,,,,,,,,,,,,,,,,,,,,,,,,,,,,,,,,,,,,,,,,,,,,,,,,,,,,,,,,,,,,,,,,,,,,,,,,,,2027-05-30 16:00:00,man united,fulham,2027-05-30,,,,,,,,,,,,,,,,,,,,,,,,,,,,,,
Sunderland,Man City,2027-05-30 16:00:00,2027,5,6,,,,,,,,,,,,,,,,,,,,,,,,,,,,,,,,,,,,,0.0,,,,,,,,,,,,,,,,,,,,,,,,,,,,,,,,,,,0.0,,,,,,,,,0.0,,,,,,,,,,,,,,,,,,,,,,,,,,,,1.2,1.0,,,,,,0.0,,,,,,,,1.2,,,1.0,,,,,,,,,0.0,,,1.103202846975089,1.6365591397849462,1.0,1.2,6.0,2.0,0.8,13.0,,,,,,,,,,,,,,,,,,,,,,,,,,,,,,,,,,,,,,,,,,,,,,,,,,,,,,,,,,,,,,,,,,,,,,,,,,,,,,,,,,,,,,,,,,,,,2027-05-30 16:00:00,sunderland,man city,2027-05-30,,,,,,,,,,,,,,,,,,,,,,,,,,,,,,
