Div,Date,Time,HomeTeam,AwayTeam,FTHG,FTAG,FTR,HTHG,HTAG,HTR,Attendance,Referee,HS,AS,HST,AST,HHW,AHW,HC,AC,HF,AF,HO,AO,HY,AY,HR,AR,1XBH,1XBD,1XBA,B365H,B365D,B365A,B365>2.5,B365<2.5,B365AHH,B365AHA,B365AH,BFH,BFD,BFA,BFEH,BFED,BFEA,BFDH,BFDD,BFDA,BMGMH,BMGMD,BMGMA,BVH,BVD,BVA,VCH,VCD,VCA,BSH,BSD,BSA,BWH,BWD,BWA,CLH,CLD,CLA,GBH,GBD,GBA,GB>2.5,GB<2.5,GBAHH,GBAHA,GBAH,IWH,IWD,IWA,LBH,LBD,LBA,LBAHH,LBAHA,LBAH,PSH,PSD,PSA,P>2.5,P<2.5,PAHH,PAHA,SOH,SOD,SOA,SBH,SBD,SBA,SJH,SJD,SJA,SYH,SYD,SYA,WHH,WHD,WHA,Bb1X2,BbMxH,BbAvH,BbMxD,BbAvD,BbMxA,BbAvA,BbOU,BbMx>2.5,BbAv>2.5,BbMx<2.5,BbAv<2.5,BbAH,BbAHh,BbMxAHH,BbAvAHH,BbMxAHA,BbAvAHA,MaxH,MaxD,MaxA,AvgH,AvgD,AvgA,Max>2.5,Max<2.5,Avg>2.5,Avg<2.5,MaxAHH,MaxAHA,AvgAHH,AvgAHA,AHh,HomeWin,Season,Year,Month,DayOfWeek,HomeTeam_mean_FTHG,AwayTeam_mean_FTAG,HomeRecentGF,HomeRecentGA,HomeRecentPts,AwayRecentGF,AwayRecentGA,AwayRecentPts,HomeTeam_Arsenal,HomeTeam_Aston Villa,HomeTeam_Birmingham,HomeTeam_Blackburn,HomeTeam_Blackpool,HomeTeam_Bolton,HomeTeam_Bournemouth,HomeTeam_Bradford,HomeTeam_Brentford,HomeTeam_Brighton,HomeTeam_Burnley,HomeTeam_Cardiff,HomeTeam_Charlton,HomeTeam_Chelsea,HomeTeam_Coventry,HomeTeam_Crystal Palace,HomeTeam_Derby,HomeTeam_Everton,HomeTeam_Fulham,HomeTeam_Huddersfield,HomeTeam_Hull,HomeTeam_Ipswich,HomeTeam_Leeds,HomeTeam_Leicester,HomeTeam_Liverpool,HomeTeam_Luton,HomeTeam_Man City,HomeTeam_Man United,HomeTeam_Middlesbrough,HomeTeam_Newcastle,HomeTeam_Norwich,HomeTeam_Nott'm Forest,HomeTeam_Portsmouth,HomeTeam_QPR,HomeTeam_Reading,HomeTeam_Sheffield United,HomeTeam_Southampton,HomeTeam_Stoke,HomeTeam_Sunderland,HomeTeam_Swansea,HomeTeam_Tottenham,HomeTeam_Watford,HomeTeam_West Brom,HomeTeam_West Ham,HomeTeam_Wigan,HomeTeam_Wolves,AwayTeam_Arsenal,AwayTeam_Aston Villa,AwayTeam_Birmingham,AwayTeam_Blackburn,AwayTeam_Blackpool,AwayTeam_Bolton,AwayTeam_Bournemouth,AwayTeam_Bradford,AwayTeam_Brentford,AwayTeam_Brighton,AwayTeam_Burnley,AwayTeam_Cardiff,AwayTeam_Charlton,AwayTeam_Chelsea,AwayTeam_Coventry,AwayTeam_Crystal Palace,AwayTeam_Derby,AwayTeam_Everton,AwayTeam_Fulham,AwayTeam_Huddersfield,AwayTeam_Hull,AwayTeam_Ipswich,AwayTeam_Leeds,AwayTeam_Leicester,AwayTeam_Liverpool,AwayTeam_Luton,AwayTeam_Man City,AwayTeam_Man United,AwayTeam_Middlesbrough,AwayTeam_Newcastle,AwayTeam_Norwich,AwayTeam_Nott'm Forest,AwayTeam_Portsmouth,AwayTeam_QPR,AwayTeam_Reading,AwayTeam_Sheffield United,AwayTeam_Southampton,AwayTeam_Stoke,AwayTeam_Sunderland,AwayTeam_Swansea,AwayTeam_Tottenham,AwayTeam_Watford,AwayTeam_West Brom,AwayTeam_West Ham,AwayTeam_Wigan,AwayTeam_Wolves,Kickoff,home_team,away_team,date,pinnacle_AHH_-2.0,pinnacle_AHA_2.0,onexbet_AHH_-2.5,onexbet_AHA_2.5,betonlineag_AHH_-2.0,betonlineag_AHA_2.0,pinnacle_AHH_1.25,pinnacle_AHA_-1.25,onexbet_AHH_1.5,onexbet_AHA_-1.5,betonlineag_AHH_1.0,betonlineag_AHA_-1.0,pinnacle_AHA_0.25,pinnacle_AHH_-0.25,onexbet_AHA_0.0,onexbet_AHH_0.0,betonlineag_AHA_0.5,betonlineag_AHH_-0.5,pinnacle_AHH_0.0,pinnacle_AHA_-0.0,betonlineag_AHH_0.0,betonlineag_AHA_0.0,pinnacle_AHA_1.25,pinnacle_AHH_-1.25,onexbet_AHA_1.5,onexbet_AHH_-1.5,betonlineag_AHA_1.5,betonlineag_AHH_-1.5,pinnacle_AHA_-0.25,pinnacle_AHH_0.25,betonlineag_AHA_-0.5,betonlineag_AHH_0.5
,2026-08-21 20:00:00,,Arsenal,Coventry City,,,,,,,,,,,,,,,,,,,,,,,,,1.15,8.03,16.29,1.15,8.03,16.29,1.55,2.25,,,,1.15,8.03,16.29,1.15,8.03,16.29,1.15,8.03,16.29,1.15,8.03,16.29,1.15,8.03,16.29,,8.03,16.29,,8.03,16.29,1.15,8.03,16.29,1.15,8.03,16.29,1.15,8.03,16.29,1.55,2.25,,,,1.15,8.03,16.29,1.17,7.5,15.0,,,,1.15,8.03,16.29,1.55,2.25,,,1.15,8.03,16.29,1.15,8.03,16.29,1.15,8.03,16.29,1.15,8.03,16.29,1.17,7.5,13.0,,1.15,1.15,8.03,8.03,16.29,16.29,,1.55,1.55,2.25,2.25,,,,,,,1.15,8.03,16.29,1.15,8.03,16.29,1.55,2.25,1.55,2.25,,,,,,,,,,,2.138144329896907,,1.6,0.4,12.0,,16.29,,,,,,,,,,,,,,,,,,,,,,,,,,,,,,,,,,,,,,,,,,,,,,,,,,,,,,,,,,,,,,,,,,,,,,,,,,,,,,,,,,,,,,,,,,,,,,2026-08-21 20:00:00,arsenal,coventry city,2026-08-21,1.85,1.98,2.45,1.65,1.88,1.97,,,,,,,,,,,,,,,,,,,,,,,,,,
,2026-08-22 12:30:00,,Hull City,Man United,,,,,,,,,,,,,,,,,,,,,,,,,6.88,4.27,1.45,6.88,4.27,1.45,1.7,2.0,,,,6.88,4.27,1.45,6.88,4.27,1.45,6.88,4.27,1.45,6.88,4.27,1.45,6.88,4.27,1.45,,4.27,1.45,,4.27,1.45,6.88,4.27,1.45,6.88,4.27,1.45,6.88,4.27,1.45,1.7,2.0,,,,6.88,4.27,1.45,6.5,4.5,1.44,,,,6.88,4.27,1.45,1.7,2.0,,,6.88,4.27,1.45,6.88,4.27,1.45,6.88,4.27,1.45,6.88,4.27,1.45,6.0,4.5,1.44,,6.88,6.88,4.27,4.27,1.45,1.45,,1.7,1.7,2.0,2.0,,,,,,,6.88,4.27,1.45,6.88,4.27,1.45,1.7,2.0,1.7,2.0,,,,,,,,,,,,1.5925925925925926,,1.45,,1.4,0.8,9.0,,,,,,,,,,,,,,,,,,,,,,,,,,,,,,,,,,,,,,,,,,,,,,,,,,,,,,,,,,,,,,,,,,,,,,,,,,,,,,,,,,,,,,,,,,,,,2026-08-22 12:30:00,hull city,man united,2026-08-22,,,,,,,1.82,2.01,1.69,2.35,2.19,1.74,,,,,,,,,,,,,,,,,,,,
,2026-08-22 15:00:00,,Everton,Crystal Palace,,,,,,,,,,,,,,,,,,,,,,,,,2.13,3.37,3.38,2.13,3.37,3.38,1.93,1.88,,,,2.13,3.37,3.38,2.13,3.37,3.38,2.13,3.37,3.38,2.13,3.37,3.38,2.13,3.37,3.38,,3.37,3.38,,3.37,3.38,2.13,3.37,3.38,2.13,3.37,3.38,2.13,3.37,3.38,1.93,1.88,,,,2.13,3.37,3.38,2.1,3.5,3.25,,,,2.13,3.37,3.38,1.93,1.88,,,2.13,3.37,3.38,2.13,3.37,3.38,2.13,3.37,3.38,2.13,3.37,3.38,2.0,3.4,3.4,,2.13,2.13,3.37,3.37,3.38,3.38,,1.93,1.93,1.88,1.88,,,,,,,2.13,3.37,3.38,2.13,3.37,3.38,1.93,1.88,1.93,1.88,,,,,,,,,,,1.5061475409836065,1.1406844106463878,2.0,1.6,7.0,1.2,2.4,7.0,,,,,,,,,,,,,,,,,,,,,,,,,,,,,,,,,,,,,,,,,,,,,,,,,,,,,,,,,,,,,,,,,,,,,,,,,,,,,,,,,,,,,,,,,,,,,2026-08-22 15:00:00,everton,crystal palace,2026-08-22,,,,,,,,,,,,,1.98,1.85,2.55,1.61,1.79,2.1,,,,,,,,,,,,,,
,2026-08-22 15:00:00,,Ipswich Town,Sunderland,,,,,,,,,,,,,,,,,,,,,,,,,2.71,3.27,2.6,2.71,3.27,2.6,1.9,1.9,,,,2.71,3.27,2.6,2.71,3.27,2.6,2.71,3.27,2.6,2.71,3.27,2.6,2.71,3.27,2.6,,3.27,2.6,,3.27,2.6,2.71,3.27,2.6,2.71,3.27,2.6,2.71,3.27,2.6,1.9,1.9,,,,2.71,3.27,2.6,2.7,3.3,2.6,,,,2.71,3.27,2.6,1.9,1.9,,,2.71,3.27,2.6,2.71,3.27,2.6,2.71,3.27,2.6,2.71,3.27,2.6,2.62,3.3,2.5,,2.71,2.71,3.27,3.27,2.6,2.6,,1.9,1.9,1.9,1.9,,,,,,,2.71,3.27,2.6,2.71,3.27,2.6,1.9,1.9,1.9,1.9,,,,,,,,,,,,0.872791519434629,,2.6,,2.0,1.4,11.0,,,,,,,,,,,,,,,,,,,,,,,,,,,,,,,,,,,,,,,,,,,,,,,,,,,,,,,,,,,,,,,,,,,,,,,,,,,,,,,,,,,,,,,,,,,,,2026-08-22 15:00:00,ipswich town,sunderland,2026-08-22,,,,,,,,,,,,,,,1.93,2.01,,,1.95,1.87,1.97,1.88,,,,,,,,,,
,2026-08-22 15:00:00,,Nott'm Forest,Leeds,,,,,,,,,,,,,,,,,,,,,,,,,2.23,3.3,3.23,2.23,3.3,3.23,1.94,1.85,,,,2.23,3.3,3.23,2.23,3.3,3.23,2.23,3.3,3.23,2.23,3.3,3.23,2.23,3.3,3.23,,3.3,3.23,,3.3,3.23,2.23,3.3,3.23,2.23,3.3,3.23,2.23,3.3,3.23,1.94,1.85,,,,2.23,3.3,3.23,2.2,3.5,3.1,,,,2.23,3.3,3.23,1.94,1.85,,,2.23,3.3,3.23,2.23,3.3,3.23,2.23,3.3,3.23,2.23,3.3,3.23,2.2,3.4,3.1,,2.23,2.23,3.3,3.3,3.23,3.23,,1.94,1.94,1.85,1.85,,,,,,,2.23,3.3,3.23,2.23,3.3,3.23,1.94,1.85,1.94,1.85,,,,,,,,,,,1.32,1.2925170068027212,1.4,0.8,7.0,1.0,1.4,7.0,,,,,,,,,,,,,,,,,,,,,,,,,,,,,,,,,,,,,,,,,,,,,,,,,,,,,,,,,,,,,,,,,,,,,,,,,,,,,,,,,,,,,,,,,,,,,2026-08-22 15:00:00,nott'm forest,leeds,2026-08-22,,,,,,,,,,,,,1.89,1.93,2.4,1.67,1.71,2.24,,,,,,,,,,,,,,
,2026-08-22 17:30:00,,Brentford,Tottenham,,,,,,,,,,,,,,,,,,,,,,,,,2.11,3.76,3.1,2.11,3.76,3.1,1.57,2.2,,,,2.11,3.76,3.1,2.11,3.76,3.1,2.11,3.76,3.1,2.11,3.76,3.1,2.11,3.76,3.1,,3.76,3.1,,3.76,3.1,2.11,3.76,3.1,2.11,3.76,3.1,2.11,3.76,3.1,1.57,2.2,,,,2.11,3.76,3.1,2.25,3.5,3.0,,,,2.11,3.76,3.1,1.57,2.2,,,2.11,3.76,3.1,2.11,3.76,3.1,2.11,3.76,3.1,2.11,3.76,3.1,2.25,3.5,2.75,,2.11,2.11,3.76,3.76,3.1,3.1,,1.57,1.57,2.2,2.2,,,,,,,2.11,3.76,3.1,2.11,3.76,3.1,1.57,2.2,1.57,2.2,,,,,,,,,,,1.6702127659574468,1.403688524590164,1.8,1.2,7.0,1.0,1.0,9.0,,,,,,,,,,,,,,,,,,,,,,,,,,,,,,,,,,,,,,,,,,,,,,,,,,,,,,,,,,,,,,,,,,,,,,,,,,,,,,,,,,,,,,,,,,,,,2026-08-22 17:30:00,brentford,tottenham,2026-08-22,,,,,,,,,,,,,1.96,1.86,2.38,1.68,,,,,1.66,2.34,,,,,,,,,,
,2026-08-23 14:00:00,,Brighton,Aston Villa,,,,,,,,,,,,,,,,,,,,,,,,,2.24,3.57,2.99,2.24,3.57,2.99,1.55,2.25,,,,2.24,3.57,2.99,2.24,3.57,2.99,2.24,3.57,2.99,2.24,3.57,2.99,2.24,3.57,2.99,,3.57,2.99,,3.57,2.99,2.24,3.57,2.99,2.24,3.57,2.99,2.24,3.57,2.99,1.55,2.25,,,,2.24,3.57,2.99,2.3,3.6,2.87,,,,2.24,3.57,2.99,1.55,2.25,,,2.24,3.57,2.99,2.24,3.57,2.99,2.24,3.57,2.99,2.24,3.57,2.99,2.25,3.6,2.88,,2.24,2.24,3.57,3.57,2.99,2.99,,1.55,1.55,2.25,2.25,,,,,,,2.24,3.57,2.99,2.24,3.57,2.99,1.55,2.25,1.55,2.25,,,,,,,,,,,1.3431952662721893,1.1511627906976745,1.6,1.0,9.0,1.2,1.6,7.0,,,,,,,,,,,,,,,,,,,,,,,,,,,,,,,,,,,,,,,,,,,,,,,,,,,,,,,,,,,,,,,,,,,,,,,,,,,,,,,,,,,,,,,,,,,,,2026-08-23 14:00:00,brighton,aston villa,2026-08-23,,,,,,,,,,,,,1.86,1.96,2.29,1.73,1.68,2.3,,,,,,,,,,,,,,
,2026-08-23 14:00:00,,Man City,Bournemouth,,,,,,,,,,,,,,,,,,,,,,,,,1.43,4.95,5.88,1.43,4.95,5.88,1.36,2.9,,,,1.43,4.95,5.88,1.43,4.95,5.88,1.43,4.95,5.88,1.43,4.95,5.88,1.43,4.95,5.88,,4.95,5.88,,4.95,5.88,1.43,4.95,5.88,1.43,4.95,5.88,1.43,4.95,5.88,1.36,2.9,,,,1.43,4.95,5.88,1.44,4.8,6.0,,,,1.43,4.95,5.88,1.36,2.9,,,1.43,4.95,5.88,1.43,4.95,5.88,1.43,4.95,5.88,1.43,4.95,5.88,1.4,5.0,6.5,,1.43,1.43,4.95,4.95,5.88,5.88,,1.36,1.36,2.9,2.9,,,,,,,1.43,4.95,5.88,1.43,4.95,5.88,1.36,2.9,1.36,2.9,,,,,,,,,,,2.190578158458244,1.2529411764705882,2.2,1.0,10.0,1.2,0.6,11.0,,,,,,,,,,,,,,,,,,,,,,,,,,,,,,,,,,,,,,,,,,,,,,,,,,,,,,,,,,,,,,,,,,,,,,,,,,,,,,,,,,,,,,,,,,,,,2026-08-23 14:00:00,man city,bournemouth,2026-08-23,,,,,,,,,,,,,,,,,,,,,,,1.9,1.92,1.78,2.2,1.77,2.14,,,,
,2026-08-23 16:30:00,,Newcastle,Liverpool,,,,,,,,,,,,,,,,,,,,,,,,,2.96,3.73,2.2,2.96,3.73,2.2,1.4,2.88,,,,2.96,3.73,2.2,2.96,3.73,2.2,2.96,3.73,2.2,2.96,3.73,2.2,2.96,3.73,2.2,,3.73,2.2,,3.73,2.2,2.96,3.73,2.2,2.96,3.73,2.2,2.96,3.73,2.2,1.4,2.88,,,,2.96,3.73,2.2,2.8,3.8,2.25,,,,2.96,3.73,2.2,1.4,2.88,,,2.96,3.73,2.2,2.96,3.73,2.2,2.96,3.73,2.2,2.96,3.73,2.2,2.75,3.8,2.2,,2.96,2.96,3.73,3.73,2.2,2.2,,1.4,1.4,2.88,2.88,,,,,,,2.96,3.73,2.2,2.96,3.73,2.2,1.4,2.88,1.4,2.88,,,,,,,,,,,1.5723830734966593,1.6462167689161553,2.0,1.4,9.0,1.6,2.4,7.0,,,,,,,,,,,,,,,,,,,,,,,,,,,,,,,,,,,,,,,,,,,,,,,,,,,,,,,,,,,,,,,,,,,,,,,,,,,,,,,,,,,,,,,,,,,,,2026-08-23 16:30:00,newcastle,liverpool,2026-08-23,,,,,,,,,,,,,,,1.73,2.29,,,,,,,,,,,,,1.93,1.88,2.23,1.72
,2026-08-24 20:00:00,,Fulham,Chelsea,,,,,,,,,,,,,,,,,,,,,,,,,2.94,3.67,2.23,2.94,3.67,2.23,1.59,2.17,,,,2.94,3.67,2.23,2.94,3.67,2.23,2.94,3.67,2.23,2.94,3.67,2.23,2.94,3.67,2.23,,3.67,2.23,,3.67,2.23,2.94,3.67,2.23,2.94,3.67,2.23,2.94,3.67,2.23,1.59,2.17,,,,2.94,3.67,2.23,3.0,3.6,2.2,,,,2.94,3.67,2.23,1.59,2.17,,,2.94,3.67,2.23,2.94,3.67,2.23,2.94,3.67,2.23,2.94,3.67,2.23,3.25,3.6,2.0,,2.94,2.94,3.67,3.67,2.23,2.23,,1.59,1.59,2.17,2.17,,,,,,,2.94,3.67,2.23,2.94,3.67,2.23,1.59,2.17,1.59,2.17,,,,,,,,,,,1.3661971830985915,1.5781893004115226,1.2,0.6,9.0,1.2,2.0,7.0,,,,,,,,,,,,,,,,,,,,,,,,,,,,,,,,,,,,,,,,,,,,,,,,,,,,,,,,,,,,,,,,,,,,,,,,,,,,,,,,,,,,,,,,,,,,,2026-08-24 20:00:00,fulham,chelsea,2026-08-24,,,,,,,,,,,,,,,1.72,2.3,,,,,,,,,,,,,1.95,1.86,2.17,1.75
,2026-08-28 20:00:00,,Crystal Palace,Man City,,,,,,,,,,,,,,,,,,,,,,,,,,,,,,,,,,,,,,,,,,,,,,,,,,,,,,,,,,,,,,,,,,,,,,,,,,,,,,,,,,,,,,,,,,,,,,,,,,,,,,,,,,,,,,,,,,,,,,,,,,,,,,,,,,,,,,,,,,,,1.1877394636015326,1.6346153846153846,1.0,1.0,6.0,1.8,1.0,9.0,,,,,,,,,,,,,,,,,,,,,,,,,,,,,,,,,,,,,,,,,,,,,,,,,,,,,,,,,,,,,,,,,,,,,,,,,,,,,,,,,,,,,,,,,,,,,2026-08-28 20:00:00,crystal palace,man city,2026-08-28,,,,,,,,,,,,,,,,,,,,,,,,,,,,,,,,
,2026-08-29 12:30:00,,Liverpool,Nott'm Forest,,,,,,,,,,,,,,,,,,,,,,,,,,,,,,,,,,,,,,,,,,,,,,,,,,,,,,,,,,,,,,,,,,,,,,,,,,,,,,,,,,,,,,,,,,,,,,,,,,,,,,,,,,,,,,,,,,,,,,,,,,,,,,,,,,,,,,,,,,,,2.07201646090535,1.24,1.6,0.8,9.0,3.0,1.2,11.0,,,,,,,,,,,,,,,,,,,,,,,,,,,,,,,,,,,,,,,,,,,,,,,,,,,,,,,,,,,,,,,,,,,,,,,,,,,,,,,,,,,,,,,,,,,,,2026-08-29 12:30:00,liverpool,nott'm forest,2026-08-29,,,,,,,,,,,,,,,,,,,,,,,,,,,,,,,,
,2026-08-29 15:00:00,,Bournemouth,Everton,,,,,,,,,,,,,,,,,,,,,,,,,,,,,,,,,,,,,,,,,,,,,,,,,,,,,,,,,,,,,,,,,,,,,,,,,,,,,,,,,,,,,,,,,,,,,,,,,,,,,,,,,,,,,,,,,,,,,,,,,,,,,,,,,,,,,,,,,,,,1.3823529411764706,1.0534979423868314,1.6,1.0,7.0,1.0,1.8,5.0,,,,,,,,,,,,,,,,,,,,,,,,,,,,,,,,,,,,,,,,,,,,,,,,,,,,,,,,,,,,,,,,,,,,,,,,,,,,,,,,,,,,,,,,,,,,,2026-08-29 15:00:00,bournemouth,everton,2026-08-29,,,,,,,,,,,,,,,,,,,,,,,,,,,,,,,,
,2026-08-29 15:00:00,,Coventry City,Hull City,,,,,,,,,,,,,,,,,,,,,,,,,,,,,,,,,,,,,,,,,,,,,,,,,,,,,,,,,,,,,,,,,,,,,,,,,,,,,,,,,,,,,,,,,,,,,,,,,,,,,,,,,,,,,,,,,,,,,,,,,,,,,,,,,,,,,,,,,,,,,,,,,,,,,,,,,,,,,,,,,,,,,,,,,,,,,,,,,,,,,,,,,,,,,,,,,,,,,,,,,,,,,,,,,,,,,,,,,,,,,,,,,,,,,,,,,,,,,,,,2026-08-29 15:00:00,coventry city,hull city,2026-08-29,,,,,,,,,,,,,,,,,,,,,,,,,,,,,,,,
,2026-08-29 17:30:00,,Tottenham,Newcastle,,,,,,,,,,,,,,,,,,,,,,,,,,,,,,,,,,,,,,,,,,,,,,,,,,,,,,,,,,,,,,,,,,,,,,,,,,,,,,,,,,,,,,,,,,,,,,,,,,,,,,,,,,,,,,,,,,,,,,,,,,,,,,,,,,,,,,,,,,,,1.8012295081967213,1.1046770601336302,1.0,1.8,5.0,0.6,1.2,7.0,,,,,,,,,,,,,,,,,,,,,,,,,,,,,,,,,,,,,,,,,,,,,,,,,,,,,,,,,,,,,,,,,,,,,,,,,,,,,,,,,,,,,,,,,,,,,2026-08-29 17:30:00,tottenham,newcastle,2026-08-29,,,,,,,,,,,,,,,,,,,,,,,,,,,,,,,,
,2026-08-30 14:00:00,,Chelsea,Brighton,,,,,,,,,,,,,,,,,,,,,,,,,,,,,,,,,,,,,,,,,,,,,,,,,,,,,,,,,,,,,,,,,,,,,,,,,,,,,,,,,,,,,,,,,,,,,,,,,,,,,,,,,,,,,,,,,,,,,,,,,,,,,,,,,,,,,,,,,,,,2.02258726899384,1.2,0.6,1.8,3.0,1.2,1.2,9.0,,,,,,,,,,,,,,,,,,,,,,,,,,,,,,,,,,,,,,,,,,,,,,,,,,,,,,,,,,,,,,,,,,,,,,,,,,,,,,,,,,,,,,,,,,,,,2026-08-30 14:00:00,chelsea,brighton,2026-08-30,,,,,,,,,,,,,,,,,,,,,,,,,,,,,,,,
,2026-08-30 14:00:00,,Leeds,Brentford,,,,,,,,,,,,,,,,,,,,,,,,,,,,,,,,,,,,,,,,,,,,,,,,,,,,,,,,,,,,,,,,,,,,,,,,,,,,,,,,,,,,,,,,,,,,,,,,,,,,,,,,,,,,,,,,,,,,,,,,,,,,,,,,,,,,,,,,,,,,1.429530201342282,1.3191489361702127,1.4,0.4,10.0,0.4,1.2,5.0,,,,,,,,,,,,,,,,,,,,,,,,,,,,,,,,,,,,,,,,,,,,,,,,,,,,,,,,,,,,,,,,,,,,,,,,,,,,,,,,,,,,,,,,,,,,,2026-08-30 14:00:00,leeds,brentford,2026-08-30,,,,,,,,,,,,,,,,,,,,,,,,,,,,,,,,
,2026-08-30 14:00:00,,Sunderland,Fulham,,,,,,,,,,,,,,,,,,,,,,,,,,,,,,,,,,,,,,,,,,,,,,,,,,,,,,,,,,,,,,,,,,,,,,,,,,,,,,,,,,,,,,,,,,,,,,,,,,,,,,,,,,,,,,,,,,,,,,,,,,,,,,,,,,,,,,,,,,,,1.0985915492957747,0.9378531073446328,0.6,1.4,7.0,0.2,1.2,5.0,,,,,,,,,,,,,,,,,,,,,,,,,,,,,,,,,,,,,,,,,,,,,,,,,,,,,,,,,,,,,,,,,,,,,,,,,,,,,,,,,,,,,,,,,,,,,2026-08-30 14:00:00,sunderland,fulham,2026-08-30,,,,,,,,,,,,,,,,,,,,,,,,,,,,,,,,
,2026-08-30 16:30:00,,Man United,Ipswich Town,,,,,,,,,,,,,,,,,,,,,,,,,,,,,,,,,,,,,,,,,,,,,,,,,,,,,,,,,,,,,,,,,,,,,,,,,,,,,,,,,,,,,,,,,,,,,,,,,,,,,,,,,,,,,,,,,,,,,,,,,,,,,,,,,,,,,,,,,,,,2.037037037037037,,2.4,1.6,12.0,,,,,,,,,,,,,,,,,,,,,,,,,,,,,,,,,,,,,,,,,,,,,,,,,,,,,,,,,,,,,,,,,,,,,,,,,,,,,,,,,,,,,,,,,,,,,,,,2026-08-30 16:30:00,man united,ipswich town,2026-08-30,,,,,,,,,,,,,,,,,,,,,,,,,,,,,,,,
,2026-08-31 20:00:00,,Aston Villa,Arsenal,,,,,,,,,,,,,,,,,,,,,,,,,,,,,,,,,,,,,,,,,,,,,,,,,,,,,,,,,,,,,,,,,,,,,,,,,,,,,,,,,,,,,,,,,,,,,,,,,,,,,,,,,,,,,,,,,,,,,,,,,,,,,,,,,,,,,,,,,,,,1.3837209302325582,1.653688524590164,2.4,2.2,9.0,1.8,0.8,13.0,,,,,,,,,,,,,,,,,,,,,,,,,,,,,,,,,,,,,,,,,,,,,,,,,,,,,,,,,,,,,,,,,,,,,,,,,,,,,,,,,,,,,,,,,,,,,2026-08-31 20:00:00,aston villa,arsenal,2026-08-31,,,,,,,,,,,,,,,,,,,,,,,,,,,,,,,,
,2026-09-04 20:00:00,,Ipswich Town,Liverpool,,,,,,,,,,,,,,,,,,,,,,,,,,,,,,,,,,,,,,,,,,,,,,,,,,,,,,,,,,,,,,,,,,,,,,,,,,,,,,,,,,,,,,,,,,,,,,,,,,,,,,,,,,,,,,,,,,,,,,,,,,,,,,,,,,,,,,,,,,,,,1.6462167689161553,,,,1.6,2.4,7.0,,,,,,,,,,,,,,,,,,,,,,,,,,,,,,,,,,,,,,,,,,,,,,,,,,,,,,,,,,,,,,,,,,,,,,,,,,,,,,,,,,,,,,,,,,,,,2026-09-04 20:00:00,ipswich town,liverpool,2026-09-04,,,,,,,,,,,,,,,,,,,,,,,,,,,,,,,,
,2026-09-05 12:30:00,,Newcastle,Bournemouth,,,,,,,,,,,,,,,,,,,,,,,,,,,,,,,,,,,,,,,,,,,,,,,,,,,,,,,,,,,,,,,,,,,,,,,,,,,,,,,,,,,,,,,,,,,,,,,,,,,,,,,,,,,,,,,,,,,,,,,,,,,,,,,,,,,,,,,,,,,,1.5723830734966593,1.2529411764705882,2.0,1.4,9.0,1.2,0.6,11.0,,,,,,,,,,,,,,,,,,,,,,,,,,,,,,,,,,,,,,,,,,,,,,,,,,,,,,,,,,,,,,,,,,,,,,,,,,,,,,,,,,,,,,,,,,,,,2026-09-05 12:30:00,newcastle,bournemouth,2026-09-05,,,,,,,,,,,,,,,,,,,,,,,,,,,,,,,,
,2026-09-05 15:00:00,,Brentford,Sunderland,,,,,,,,,,,,,,,,,,,,,,,,,,,,,,,,,,,,,,,,,,,,,,,,,,,,,,,,,,,,,,,,,,,,,,,,,,,,,,,,,,,,,,,,,,,,,,,,,,,,,,,,,,,,,,,,,,,,,,,,,,,,,,,,,,,,,,,,,,,,1.6702127659574468,0.872791519434629,1.8,1.2,7.0,2.0,1.4,11.0,,,,,,,,,,,,,,,,,,,,,,,,,,,,,,,,,,,,,,,,,,,,,,,,,,,,,,,,,,,,,,,,,,,,,,,,,,,,,,,,,,,,,,,,,,,,,2026-09-05 15:00:00,brentford,sunderland,2026-09-05,,,,,,,,,,,,,,,,,,,,,,,,,,,,,,,,
,2026-09-05 15:00:00,,Brighton,Leeds,,,,,,,,,,,,,,,,,,,,,,,,,,,,,,,,,,,,,,,,,,,,,,,,,,,,,,,,,,,,,,,,,,,,,,,,,,,,,,,,,,,,,,,,,,,,,,,,,,,,,,,,,,,,,,,,,,,,,,,,,,,,,,,,,,,,,,,,,,,,1.3431952662721893,1.2925170068027212,1.6,1.0,9.0,1.0,1.4,7.0,,,,,,,,,,,,,,,,,,,,,,,,,,,,,,,,,,,,,,,,,,,,,,,,,,,,,,,,,,,,,,,,,,,,,,,,,,,,,,,,,,,,,,,,,,,,,2026-09-05 15:00:00,brighton,leeds,2026-09-05,,,,,,,,,,,,,,,,,,,,,,,,,,,,,,,,
,2026-09-05 15:00:00,,Fulham,Crystal Palace,,,,,,,,,,,,,,,,,,,,,,,,,,,,,,,,,,,,,,,,,,,,,,,,,,,,,,,,,,,,,,,,,,,,,,,,,,,,,,,,,,,,,,,,,,,,,,,,,,,,,,,,,,,,,,,,,,,,,,,,,,,,,,,,,,,,,,,,,,,,1.3661971830985915,1.1406844106463878,1.2,0.6,9.0,1.2,2.4,7.0,,,,,,,,,,,,,,,,,,,,,,,,,,,,,,,,,,,,,,,,,,,,,,,,,,,,,,,,,,,,,,,,,,,,,,,,,,,,,,,,,,,,,,,,,,,,,2026-09-05 15:00:00,fulham,crystal palace,2026-09-05,,,,,,,,,,,,,,,,,,,,,,,,,,,,,,,,
,2026-09-05 15:00:00,,Man City,Coventry City,,,,,,,,,,,,,,,,,,,,,,,,,,,,,,,,,,,,,,,,,,,,,,,,,,,,,,,,,,,,,,,,,,,,,,,,,,,,,,,,,,,,,,,,,,,,,,,,,,,,,,,,,,,,,,,,,,,,,,,,,,,,,,,,,,,,,,,,,,,,2.190578158458244,,2.2,1.0,10.0,,,,,,,,,,,,,,,,,,,,,,,,,,,,,,,,,,,,,,,,,,,,,,,,,,,,,,,,,,,,,,,,,,,,,,,,,,,,,,,,,,,,,,,,,,,,,,,,2026-09-05 15:00:00,man city,coventry city,2026-09-05,,,,,,,,,,,,,,,,,,,,,,,,,,,,,,,,
,2026-09-05 15:00:00,,Nott'm Forest,Tottenham,,,,,,,,,,,,,,,,,,,,,,,,,,,,,,,,,,,,,,,,,,,,,,,,,,,,,,,,,,,,,,,,,,,,,,,,,,,,,,,,,,,,,,,,,,,,,,,,,,,,,,,,,,,,,,,,,,,,,,,,,,,,,,,,,,,,,,,,,,,,1.32,1.403688524590164,1.4,0.8,7.0,1.0,1.0,9.0,,,,,,,,,,,,,,,,,,,,,,,,,,,,,,,,,,,,,,,,,,,,,,,,,,,,,,,,,,,,,,,,,,,,,,,,,,,,,,,,,,,,,,,,,,,,,2026-09-05 15:00:00,nott'm forest,tottenham,2026-09-05,,,,,,,,,,,,,,,,,,,,,,,,,,,,,,,,
,2026-09-05 17:30:00,,Hull City,Aston Villa,,,,,,,,,,,,,,,,,,,,,,,,,,,,,,,,,,,,,,,,,,,,,,,,,,,,,,,,,,,,,,,,,,,,,,,,,,,,,,,,,,,,,,,,,,,,,,,,,,,,,,,,,,,,,,,,,,,,,,,,,,,,,,,,,,,,,,,,,,,,,1.1511627906976745,,,,1.2,1.6,7.0,,,,,,,,,,,,,,,,,,,,,,,,,,,,,,,,,,,,,,,,,,,,,,,,,,,,,,,,,,,,,,,,,,,,,,,,,,,,,,,,,,,,,,,,,,,,,2026-09-05 17:30:00,hull city,aston villa,2026-09-05,,,,,,,,,,,,,,,,,,,,,,,,,,,,,,,,
,2026-09-06 14:00:00,,Everton,Man United,,,,,,,,,,,,,,,,,,,,,,,,,,,,,,,,,,,,,,,,,,,,,,,,,,,,,,,,,,,,,,,,,,,,,,,,,,,,,,,,,,,,,,,,,,,,,,,,,,,,,,,,,,,,,,,,,,,,,,,,,,,,,,,,,,,,,,,,,,,,1.5061475409836065,1.5925925925925926,2.0,1.6,7.0,1.4,0.8,9.0,,,,,,,,,,,,,,,,,,,,,,,,,,,,,,,,,,,,,,,,,,,,,,,,,,,,,,,,,,,,,,,,,,,,,,,,,,,,,,,,,,,,,,,,,,,,,2026-09-06 14:00:00,everton,man united,2026-09-06,,,,,,,,,,,,,,,,,,,,,,,,,,,,,,,,
,2026-09-06 16:30:00,,Arsenal,Chelsea,,,,,,,,,,,,,,,,,,,,,,,,,,,,,,,,,,,,,,,,,,,,,,,,,,,,,,,,,,,,,,,,,,,,,,,,,,,,,,,,,,,,,,,,,,,,,,,,,,,,,,,,,,,,,,,,,,,,,,,,,,,,,,,,,,,,,,,,,,,,2.138144329896907,1.5781893004115226,1.6,0.4,12.0,1.2,2.0,7.0,,,,,,,,,,,,,,,,,,,,,,,,,,,,,,,,,,,,,,,,,,,,,,,,,,,,,,,,,,,,,,,,,,,,,,,,,,,,,,,,,,,,,,,,,,,,,2026-09-06 16:30:00,arsenal,chelsea,2026-09-06,,,,,,,,,,,,,,,,,,,,,,,,,,,,,,,,
,2026-09-12 15:00:00,,Aston Villa,Nott'm Forest,,,,,,,,,,,,,,,,,,,,,,,,,,,,,,,,,,,,,,,,,,,,,,,,,,,,,,,,,,,,,,,,,,,,,,,,,,,,,,,,,,,,,,,,,,,,,,,,,,,,,,,,,,,,,,,,,,,,,,,,,,,,,,,,,,,,,,,,,,,,1.3837209302325582,1.24,2.4,2.2,9.0,3.0,1.2,11.0,,,,,,,,,,,,,,,,,,,,,,,,,,,,,,,,,,,,,,,,,,,,,,,,,,,,,,,,,,,,,,,,,,,,,,,,,,,,,,,,,,,,,,,,,,,,,2026-09-12 15:00:00,aston villa,nott'm forest,2026-09-12,,,,,,,,,,,,,,,,,,,,,,,,,,,,,,,,
,2026-09-12 15:00:00,,Bournemouth,Brentford,,,,,,,,,,,,,,,,,,,,,,,,,,,,,,,,,,,,,,,,,,,,,,,,,,,,,,,,,,,,,,,,,,,,,,,,,,,,,,,,,,,,,,,,,,,,,,,,,,,,,,,,,,,,,,,,,,,,,,,,,,,,,,,,,,,,,,,,,,,,1.3823529411764706,1.3191489361702127,1.6,1.0,7.0,0.4,1.2,5.0,,,,,,,,,,,,,,,,,,,,,,,,,,,,,,,,,,,,,,,,,,,,,,,,,,,,,,,,,,,,,,,,,,,,,,,,,,,,,,,,,,,,,,,,,,,,,2026-09-12 15:00:00,bournemouth,brentford,2026-09-12,,,,,,,,,,,,,,,,,,,,,,,,,,,,,,,,
,2026-09-12 15:00:00,,Chelsea,Hull City,,,,,,,,,,,,,,,,,,,,,,,,,,,,,,,,,,,,,,,,,,,,,,,,,,,,,,,,,,,,,,,,,,,,,,,,,,,,,,,,,,,,,,,,,,,,,,,,,,,,,,,,,,,,,,,,,,,,,,,,,,,,,,,,,,,,,,,,,,,,2.02258726899384,,0.6,1.8,3.0,,,,,,,,,,,,,,,,,,,,,,,,,,,,,,,,,,,,,,,,,,,,,,,,,,,,,,,,,,,,,,,,,,,,,,,,,,,,,,,,,,,,,,,,,,,,,,,,2026-09-12 15:00:00,chelsea,hull city,2026-09-12,,,,,,,,,,,,,,,,,,,,,,,,,,,,,,,,
,2026-09-12 15:00:00,,Crystal Palace,Ipswich Town,,,,,,,,,,,,,,,,,,,,,,,,,,,,,,,,,,,,,,,,,,,,,,,,,,,,,,,,,,,,,,,,,,,,,,,,,,,,,,,,,,,,,,,,,,,,,,,,,,,,,,,,,,,,,,,,,,,,,,,,,,,,,,,,,,,,,,,,,,,,1.1877394636015326,,1.0,1.0,6.0,,,,,,,,,,,,,,,,,,,,,,,,,,,,,,,,,,,,,,,,,,,,,,,,,,,,,,,,,,,,,,,,,,,,,,,,,,,,,,,,,,,,,,,,,,,,,,,,2026-09-12 15:00:00,crystal palace,ipswich town,2026-09-12,,,,,,,,,,,,,,,,,,,,,,,,,,,,,,,,
,2026-09-12 15:00:00,,Liverpool,Fulham,,,,,,,,,,,,,,,,,,,,,,,,,,,,,,,,,,,,,,,,,,,,,,,,,,,,,,,,,,,,,,,,,,,,,,,,,,,,,,,,,,,,,,,,,,,,,,,,,,,,,,,,,,,,,,,,,,,,,,,,,,,,,,,,,,,,,,,,,,,,2.07201646090535,0.9378531073446328,1.6,0.8,9.0,0.2,1.2,5.0,,,,,,,,,,,,,,,,,,,,,,,,,,,,,,,,,,,,,,,,,,,,,,,,,,,,,,,,,,,,,,,,,,,,,,,,,,,,,,,,,,,,,,,,,,,,,2026-09-12 15:00:00,liverpool,fulham,2026-09-12,,,,,,,,,,,,,,,,,,,,,,,,,,,,,,,,
,2026-09-12 17:30:00,,Tottenham,Everton,,,,,,,,,,,,,,,,,,,,,,,,,,,,,,,,,,,,,,,,,,,,,,,,,,,,,,,,,,,,,,,,,,,,,,,,,,,,,,,,,,,,,,,,,,,,,,,,,,,,,,,,,,,,,,,,,,,,,,,,,,,,,,,,,,,,,,,,,,,,1.8012295081967213,1.0534979423868314,1.0,1.8,5.0,1.0,1.8,5.0,,,,,,,,,,,,,,,,,,,,,,,,,,,,,,,,,,,,,,,,,,,,,,,,,,,,,,,,,,,,,,,,,,,,,,,,,,,,,,,,,,,,,,,,,,,,,2026-09-12 17:30:00,tottenham,everton,2026-09-12,,,,,,,,,,,,,,,,,,,,,,,,,,,,,,,,
,2026-09-12 20:00:00,,Sunderland,Arsenal,,,,,,,,,,,,,,,,,,,,,,,,,,,,,,,,,,,,,,,,,,,,,,,,,,,,,,,,,,,,,,,,,,,,,,,,,,,,,,,,,,,,,,,,,,,,,,,,,,,,,,,,,,,,,,,,,,,,,,,,,,,,,,,,,,,,,,,,,,,,1.0985915492957747,1.653688524590164,0.6,1.4,7.0,1.8,0.8,13.0,,,,,,,,,,,,,,,,,,,,,,,,,,,,,,,,,,,,,,,,,,,,,,,,,,,,,,,,,,,,,,,,,,,,,,,,,,,,,,,,,,,,,,,,,,,,,2026-09-12 20:00:00,sunderland,arsenal,2026-09-12,,,,,,,,,,,,,,,,,,,,,,,,,,,,,,,,
,2026-09-13 14:00:00,,Coventry City,Brighton,,,,,,,,,,,,,,,,,,,,,,,,,,,,,,,,,,,,,,,,,,,,,,,,,,,,,,,,,,,,,,,,,,,,,,,,,,,,,,,,,,,,,,,,,,,,,,,,,,,,,,,,,,,,,,,,,,,,,,,,,,,,,,,,,,,,,,,,,,,,,1.2,,,,1.2,1.2,9.0,,,,,,,,,,,,,,,,,,,,,,,,,,,,,,,,,,,,,,,,,,,,,,,,,,,,,,,,,,,,,,,,,,,,,,,,,,,,,,,,,,,,,,,,,,,,,2026-09-13 14:00:00,coventry city,brighton,2026-09-13,,,,,,,,,,,,,,,,,,,,,,,,,,,,,,,,
,2026-09-13 16:30:00,,Man United,Man City,,,,,,,,,,,,,,,,,,,,,,,,,,,,,,,,,,,,,,,,,,,,,,,,,,,,,,,,,,,,,,,,,,,,,,,,,,,,,,,,,,,,,,,,,,,,,,,,,,,,,,,,,,,,,,,,,,,,,,,,,,,,,,,,,,,,,,,,,,,,2.037037037037037,1.6346153846153846,2.4,1.6,12.0,1.8,1.0,9.0,,,,,,,,,,,,,,,,,,,,,,,,,,,,,,,,,,,,,,,,,,,,,,,,,,,,,,,,,,,,,,,,,,,,,,,,,,,,,,,,,,,,,,,,,,,,,2026-09-13 16:30:00,man united,man city,2026-09-13,,,,,,,,,,,,,,,,,,,,,,,,,,,,,,,,
,2026-09-14 20:00:00,,Leeds,Newcastle,,,,,,,,,,,,,,,,,,,,,,,,,,,,,,,,,,,,,,,,,,,,,,,,,,,,,,,,,,,,,,,,,,,,,,,,,,,,,,,,,,,,,,,,,,,,,,,,,,,,,,,,,,,,,,,,,,,,,,,,,,,,,,,,,,,,,,,,,,,,1.429530201342282,1.1046770601336302,1.4,0.4,10.0,0.6,1.2,7.0,,,,,,,,,,,,,,,,,,,,,,,,,,,,,,,,,,,,,,,,,,,,,,,,,,,,,,,,,,,,,,,,,,,,,,,,,,,,,,,,,,,,,,,,,,,,,2026-09-14 20:00:00,leeds,newcastle,2026-09-14,,,,,,,,,,,,,,,,,,,,,,,,,,,,,,,,
,2026-09-18 20:00:00,,Brentford,Chelsea,,,,,,,,,,,,,,,,,,,,,,,,,,,,,,,,,,,,,,,,,,,,,,,,,,,,,,,,,,,,,,,,,,,,,,,,,,,,,,,,,,,,,,,,,,,,,,,,,,,,,,,,,,,,,,,,,,,,,,,,,,,,,,,,,,,,,,,,,,,,1.6702127659574468,1.5781893004115226,1.8,1.2,7.0,1.2,2.0,7.0,,,,,,,,,,,,,,,,,,,,,,,,,,,,,,,,,,,,,,,,,,,,,,,,,,,,,,,,,,,,,,,,,,,,,,,,,,,,,,,,,,,,,,,,,,,,,2026-09-18 20:00:00,brentford,chelsea,2026-09-18,,,,,,,,,,,,,,,,,,,,,,,,,,,,,,,,
,2026-09-19 12:30:00,,Tottenham,Aston Villa,,,,,,,,,,,,,,,,,,,,,,,,,,,,,,,,,,,,,,,,,,,,,,,,,,,,,,,,,,,,,,,,,,,,,,,,,,,,,,,,,,,,,,,,,,,,,,,,,,,,,,,,,,,,,,,,,,,,,,,,,,,,,,,,,,,,,,,,,,,,1.8012295081967213,1.1511627906976745,1.0,1.8,5.0,1.2,1.6,7.0,,,,,,,,,,,,,,,,,,,,,,,,,,,,,,,,,,,,,,,,,,,,,,,,,,,,,,,,,,,,,,,,,,,,,,,,,,,,,,,,,,,,,,,,,,,,,2026-09-19 12:30:00,tottenham,aston villa,2026-09-19,,,,,,,,,,,,,,,,,,,,,,,,,,,,,,,,
,2026-09-19 15:00:00,,Brighton,Arsenal,,,,,,,,,,,,,,,,,,,,,,,,,,,,,,,,,,,,,,,,,,,,,,,,,,,,,,,,,,,,,,,,,,,,,,,,,,,,,,,,,,,,,,,,,,,,,,,,,,,,,,,,,,,,,,,,,,,,,,,,,,,,,,,,,,,,,,,,,,,,1.3431952662721893,1.653688524590164,1.6,1.0,9.0,1.8,0.8,13.0,,,,,,,,,,,,,,,,,,,,,,,,,,,,,,,,,,,,,,,,,,,,,,,,,,,,,,,,,,,,,,,,,,,,,,,,,,,,,,,,,,,,,,,,,,,,,2026-09-19 15:00:00,brighton,arsenal,2026-09-19,,,,,,,,,,,,,,,,,,,,,,,,,,,,,,,,
,2026-09-19 15:00:00,,Everton,Ipswich Town,,,,,,,,,,,,,,,,,,,,,,,,,,,,,,,,,,,,,,,,,,,,,,,,,,,,,,,,,,,,,,,,,,,,,,,,,,,,,,,,,,,,,,,,,,,,,,,,,,,,,,,,,,,,,,,,,,,,,,,,,,,,,,,,,,,,,,,,,,,,1.5061475409836065,,2.0,1.6,7.0,,,,,,,,,,,,,,,,,,,,,,,,,,,,,,,,,,,,,,,,,,,,,,,,,,,,,,,,,,,,,,,,,,,,,,,,,,,,,,,,,,,,,,,,,,,,,,,,2026-09-19 15:00:00,everton,ipswich town,2026-09-19,,,,,,,,,,,,,,,,,,,,,,,,,,,,,,,,
,2026-09-19 15:00:00,,Leeds,Crystal Palace,,,,,,,,,,,,,,,,,,,,,,,,,,,,,,,,,,,,,,,,,,,,,,,,,,,,,,,,,,,,,,,,,,,,,,,,,,,,,,,,,,,,,,,,,,,,,,,,,,,,,,,,,,,,,,,,,,,,,,,,,,,,,,,,,,,,,,,,,,,,1.429530201342282,1.1406844106463878,1.4,0.4,10.0,1.2,2.4,7.0,,,,,,,,,,,,,,,,,,,,,,,,,,,,,,,,,,,,,,,,,,,,,,,,,,,,,,,,,,,,,,,,,,,,,,,,,,,,,,,,,,,,,,,,,,,,,2026-09-19 15:00:00,leeds,crystal palace,2026-09-19,,,,,,,,,,,,,,,,,,,,,,,,,,,,,,,,
,2026-09-19 15:00:00,,Man City,Sunderland,,,,,,,,,,,,,,,,,,,,,,,,,,,,,,,,,,,,,,,,,,,,,,,,,,,,,,,,,,,,,,,,,,,,,,,,,,,,,,,,,,,,,,,,,,,,,,,,,,,,,,,,,,,,,,,,,,,,,,,,,,,,,,,,,,,,,,,,,,,,2.190578158458244,0.872791519434629,2.2,1.0,10.0,2.0,1.4,11.0,,,,,,,,,,,,,,,,,,,,,,,,,,,,,,,,,,,,,,,,,,,,,,,,,,,,,,,,,,,,,,,,,,,,,,,,,,,,,,,,,,,,,,,,,,,,,2026-09-19 15:00:00,man city,sunderland,2026-09-19,,,,,,,,,,,,,,,,,,,,,,,,,,,,,,,,
,2026-09-19 15:00:00,,Newcastle,Hull City,,,,,,,,,,,,,,,,,,,,,,,,,,,,,,,,,,,,,,,,,,,,,,,,,,,,,,,,,,,,,,,,,,,,,,,,,,,,,,,,,,,,,,,,,,,,,,,,,,,,,,,,,,,,,,,,,,,,,,,,,,,,,,,,,,,,,,,,,,,,1.5723830734966593,,2.0,1.4,9.0,,,,,,,,,,,,,,,,,,,,,,,,,,,,,,,,,,,,,,,,,,,,,,,,,,,,,,,,,,,,,,,,,,,,,,,,,,,,,,,,,,,,,,,,,,,,,,,,2026-09-19 15:00:00,newcastle,hull city,2026-09-19,,,,,,,,,,,,,,,,,,,,,,,,,,,,,,,,
,2026-09-19 17:30:00,,Nott'm Forest,Coventry City,,,,,,,,,,,,,,,,,,,,,,,,,,,,,,,,,,,,,,,,,,,,,,,,,,,,,,,,,,,,,,,,,,,,,,,,,,,,,,,,,,,,,,,,,,,,,,,,,,,,,,,,,,,,,,,,,,,,,,,,,,,,,,,,,,,,,,,,,,,,1.32,,1.4,0.8,7.0,,,,,,,,,,,,,,,,,,,,,,,,,,,,,,,,,,,,,,,,,,,,,,,,,,,,,,,,,,,,,,,,,,,,,,,,,,,,,,,,,,,,,,,,,,,,,,,,2026-09-19 17:30:00,nott'm forest,coventry city,2026-09-19,,,,,,,,,,,,,,,,,,,,,,,,,,,,,,,,
,2026-09-20 14:00:00,,Bournemouth,Liverpool,,,,,,,,,,,,,,,,,,,,,,,,,,,,,,,,,,,,,,,,,,,,,,,,,,,,,,,,,,,,,,,,,,,,,,,,,,,,,,,,,,,,,,,,,,,,,,,,,,,,,,,,,,,,,,,,,,,,,,,,,,,,,,,,,,,,,,,,,,,,1.3823529411764706,1.6462167689161553,1.6,1.0,7.0,1.6,2.4,7.0,,,,,,,,,,,,,,,,,,,,,,,,,,,,,,,,,,,,,,,,,,,,,,,,,,,,,,,,,,,,,,,,,,,,,,,,,,,,,,,,,,,,,,,,,,,,,2026-09-20 14:00:00,bournemouth,liverpool,2026-09-20,,,,,,,,,,,,,,,,,,,,,,,,,,,,,,,,
,2026-09-20 16:30:00,,Fulham,Man United,,,,,,,,,,,,,,,,,,,,,,,,,,,,,,,,,,,,,,,,,,,,,,,,,,,,,,,,,,,,,,,,,,,,,,,,,,,,,,,,,,,,,,,,,,,,,,,,,,,,,,,,,,,,,,,,,,,,,,,,,,,,,,,,,,,,,,,,,,,,1.3661971830985915,1.5925925925925926,1.2,0.6,9.0,1.4,0.8,9.0,,,,,,,,,,,,,,,,,,,,,,,,,,,,,,,,,,,,,,,,,,,,,,,,,,,,,,,,,,,,,,,,,,,,,,,,,,,,,,,,,,,,,,,,,,,,,2026-09-20 16:30:00,fulham,man united,2026-09-20,,,,,,,,,,,,,,,,,,,,,,,,,,,,,,,,
,2026-10-10 15:00:00,,Arsenal,Leeds,,,,,,,,,,,,,,,,,,,,,,,,,,,,,,,,,,,,,,,,,,,,,,,,,,,,,,,,,,,,,,,,,,,,,,,,,,,,,,,,,,,,,,,,,,,,,,,,,,,,,,,,,,,,,,,,,,,,,,,,,,,,,,,,,,,,,,,,,,,,2.138144329896907,1.2925170068027212,1.6,0.4,12.0,1.0,1.4,7.0,,,,,,,,,,,,,,,,,,,,,,,,,,,,,,,,,,,,,,,,,,,,,,,,,,,,,,,,,,,,,,,,,,,,,,,,,,,,,,,,,,,,,,,,,,,,,2026-10-10 15:00:00,arsenal,leeds,2026-10-10,,,,,,,,,,,,,,,,,,,,,,,,,,,,,,,,
,2026-10-10 15:00:00,,Aston Villa,Brentford,,,,,,,,,,,,,,,,,,,,,,,,,,,,,,,,,,,,,,,,,,,,,,,,,,,,,,,,,,,,,,,,,,,,,,,,,,,,,,,,,,,,,,,,,,,,,,,,,,,,,,,,,,,,,,,,,,,,,,,,,,,,,,,,,,,,,,,,,,,,1.3837209302325582,1.3191489361702127,2.4,2.2,9.0,0.4,1.2,5.0,,,,,,,,,,,,,,,,,,,,,,,,,,,,,,,,,,,,,,,,,,,,,,,,,,,,,,,,,,,,,,,,,,,,,,,,,,,,,,,,,,,,,,,,,,,,,2026-10-10 15:00:00,aston villa,brentford,2026-10-10,,,,,,,,,,,,,,,,,,,,,,,,,,,,,,,,
,2026-10-10 15:00:00,,Chelsea,Bournemouth,,,,,,,,,,,,,,,,,,,,,,,,,,,,,,,,,,,,,,,,,,,,,,,,,,,,,,,,,,,,,,,,,,,,,,,,,,,,,,,,,,,,,,,,,,,,,,,,,,,,,,,,,,,,,,,,,,,,,,,,,,,,,,,,,,,,,,,,,,,,2.02258726899384,1.2529411764705882,0.6,1.8,3.0,1.2,0.6,11.0,,,,,,,,,,,,,,,,,,,,,,,,,,,,,,,,,,,,,,,,,,,,,,,,,,,,,,,,,,,,,,,,,,,,,,,,,,,,,,,,,,,,,,,,,,,,,2026-10-10 15:00:00,chelsea,bournemouth,2026-10-10,,,,,,,,,,,,,,,,,,,,,,,,,,,,,,,,
,2026-10-10 15:00:00,,Coventry City,Newcastle,,,,,,,,,,,,,,,,,,,,,,,,,,,,,,,,,,,,,,,,,,,,,,,,,,,,,,,,,,,,,,,,,,,,,,,,,,,,,,,,,,,,,,,,,,,,,,,,,,,,,,,,,,,,,,,,,,,,,,,,,,,,,,,,,,,,,,,,,,,,,1.1046770601336302,,,,0.6,1.2,7.0,,,,,,,,,,,,,,,,,,,,,,,,,,,,,,,,,,,,,,,,,,,,,,,,,,,,,,,,,,,,,,,,,,,,,,,,,,,,,,,,,,,,,,,,,,,,,2026-10-10 15:00:00,coventry city,newcastle,2026-10-10,,,,,,,,,,,,,,,,,,,,,,,,,,,,,,,,
,2026-10-10 15:00:00,,Crystal Palace,Nott'm Forest,,,,,,,,,,,,,,,,,,,,,,,,,,,,,,,,,,,,,,,,,,,,,,,,,,,,,,,,,,,,,,,,,,,,,,,,,,,,,,,,,,,,,,,,,,,,,,,,,,,,,,,,,,,,,,,,,,,,,,,,,,,,,,,,,,,,,,,,,,,,1.1877394636015326,1.24,1.0,1.0,6.0,3.0,1.2,11.0,,,,,,,,,,,,,,,,,,,,,,,,,,,,,,,,,,,,,,,,,,,,,,,,,,,,,,,,,,,,,,,,,,,,,,,,,,,,,,,,,,,,,,,,,,,,,2026-10-10 15:00:00,crystal palace,nott'm forest,2026-10-10,,,,,,,,,,,,,,,,,,,,,,,,,,,,,,,,
,2026-10-10 15:00:00,,Hull City,Everton,,,,,,,,,,,,,,,,,,,,,,,,,,,,,,,,,,,,,,,,,,,,,,,,,,,,,,,,,,,,,,,,,,,,,,,,,,,,,,,,,,,,,,,,,,,,,,,,,,,,,,,,,,,,,,,,,,,,,,,,,,,,,,,,,,,,,,,,,,,,,1.0534979423868314,,,,1.0,1.8,5.0,,,,,,,,,,,,,,,,,,,,,,,,,,,,,,,,,,,,,,,,,,,,,,,,,,,,,,,,,,,,,,,,,,,,,,,,,,,,,,,,,,,,,,,,,,,,,2026-10-10 15:00:00,hull city,everton,2026-10-10,,,,,,,,,,,,,,,,,,,,,,,,,,,,,,,,
,2026-10-10 15:00:00,,Ipswich Town,Fulham,,,,,,,,,,,,,,,,,,,,,,,,,,,,,,,,,,,,,,,,,,,,,,,,,,,,,,,,,,,,,,,,,,,,,,,,,,,,,,,,,,,,,,,,,,,,,,,,,,,,,,,,,,,,,,,,,,,,,,,,,,,,,,,,,,,,,,,,,,,,,0.9378531073446328,,,,0.2,1.2,5.0,,,,,,,,,,,,,,,,,,,,,,,,,,,,,,,,,,,,,,,,,,,,,,,,,,,,,,,,,,,,,,,,,,,,,,,,,,,,,,,,,,,,,,,,,,,,,2026-10-10 15:00:00,ipswich town,fulham,2026-10-10,,,,,,,,,,,,,,,,,,,,,,,,,,,,,,,,
,2026-10-10 15:00:00,,Liverpool,Man City,,,,,,,,,,,,,,,,,,,,,,,,,,,,,,,,,,,,,,,,,,,,,,,,,,,,,,,,,,,,,,,,,,,,,,,,,,,,,,,,,,,,,,,,,,,,,,,,,,,,,,,,,,,,,,,,,,,,,,,,,,,,,,,,,,,,,,,,,,,,2.07201646090535,1.6346153846153846,1.6,0.8,9.0,1.8,1.0,9.0,,,,,,,,,,,,,,,,,,,,,,,,,,,,,,,,,,,,,,,,,,,,,,,,,,,,,,,,,,,,,,,,,,,,,,,,,,,,,,,,,,,,,,,,,,,,,2026-10-10 15:00:00,liverpool,man city,2026-10-10,,,,,,,,,,,,,,,,,,,,,,,,,,,,,,,,
,2026-10-10 15:00:00,,Man United,Tottenham,,,,,,,,,,,,,,,,,,,,,,,,,,,,,,,,,,,,,,,,,,,,,,,,,,,,,,,,,,,,,,,,,,,,,,,,,,,,,,,,,,,,,,,,,,,,,,,,,,,,,,,,,,,,,,,,,,,,,,,,,,,,,,,,,,,,,,,,,,,,2.037037037037037,1.403688524590164,2.4,1.6,12.0,1.0,1.0,9.0,,,,,,,,,,,,,,,,,,,,,,,,,,,,,,,,,,,,,,,,,,,,,,,,,,,,,,,,,,,,,,,,,,,,,,,,,,,,,,,,,,,,,,,,,,,,,2026-10-10 15:00:00,man united,tottenham,2026-10-10,,,,,,,,,,,,,,,,,,,,,,,,,,,,,,,,
,2026-10-10 15:00:00,,Sunderland,Brighton,,,,,,,,,,,,,,,,,,,,,,,,,,,,,,,,,,,,,,,,,,,,,,,,,,,,,,,,,,,,,,,,,,,,,,,,,,,,,,,,,,,,,,,,,,,,,,,,,,,,,,,,,,,,,,,,,,,,,,,,,,,,,,,,,,,,,,,,,,,,1.0985915492957747,1.2,0.6,1.4,7.0,1.2,1.2,9.0,,,,,,,,,,,,,,,,,,,,,,,,,,,,,,,,,,,,,,,,,,,,,,,,,,,,,,,,,,,,,,,,,,,,,,,,,,,,,,,,,,,,,,,,,,,,,2026-10-10 15:00:00,sunderland,brighton,2026-10-10,,,,,,,,,,,,,,,,,,,,,,,,,,,,,,,,
,2026-10-17 15:00:00,,Bournemouth,Sunderland,,,,,,,,,,,,,,,,,,,,,,,,,,,,,,,,,,,,,,,,,,,,,,,,,,,,,,,,,,,,,,,,,,,,,,,,,,,,,,,,,,,,,,,,,,,,,,,,,,,,,,,,,,,,,,,,,,,,,,,,,,,,,,,,,,,,,,,,,,,,1.3823529411764706,0.872791519434629,1.6,1.0,7.0,2.0,1.4,11.0,,,,,,,,,,,,,,,,,,,,,,,,,,,,,,,,,,,,,,,,,,,,,,,,,,,,,,,,,,,,,,,,,,,,,,,,,,,,,,,,,,,,,,,,,,,,,2026-10-17 15:00:00,bournemouth,sunderland,2026-10-17,,,,,,,,,,,,,,,,,,,,,,,,,,,,,,,,
,2026-10-17 15:00:00,,Brentford,Liverpool,,,,,,,,,,,,,,,,,,,,,,,,,,,,,,,,,,,,,,,,,,,,,,,,,,,,,,,,,,,,,,,,,,,,,,,,,,,,,,,,,,,,,,,,,,,,,,,,,,,,,,,,,,,,,,,,,,,,,,,,,,,,,,,,,,,,,,,,,,,,1.6702127659574468,1.6462167689161553,1.8,1.2,7.0,1.6,2.4,7.0,,,,,,,,,,,,,,,,,,,,,,,,,,,,,,,,,,,,,,,,,,,,,,,,,,,,,,,,,,,,,,,,,,,,,,,,,,,,,,,,,,,,,,,,,,,,,2026-10-17 15:00:00,brentford,liverpool,2026-10-17,,,,,,,,,,,,,,,,,,,,,,,,,,,,,,,,
,2026-10-17 15:00:00,,Brighton,Crystal Palace,,,,,,,,,,,,,,,,,,,,,,,,,,,,,,,,,,,,,,,,,,,,,,,,,,,,,,,,,,,,,,,,,,,,,,,,,,,,,,,,,,,,,,,,,,,,,,,,,,,,,,,,,,,,,,,,,,,,,,,,,,,,,,,,,,,,,,,,,,,,1.3431952662721893,1.1406844106463878,1.6,1.0,9.0,1.2,2.4,7.0,,,,,,,,,,,,,,,,,,,,,,,,,,,,,,,,,,,,,,,,,,,,,,,,,,,,,,,,,,,,,,,,,,,,,,,,,,,,,,,,,,,,,,,,,,,,,2026-10-17 15:00:00,brighton,crystal palace,2026-10-17,,,,,,,,,,,,,,,,,,,,,,,,,,,,,,,,
,2026-10-17 15:00:00,,Everton,Chelsea,,,,,,,,,,,,,,,,,,,,,,,,,,,,,,,,,,,,,,,,,,,,,,,,,,,,,,,,,,,,,,,,,,,,,,,,,,,,,,,,,,,,,,,,,,,,,,,,,,,,,,,,,,,,,,,,,,,,,,,,,,,,,,,,,,,,,,,,,,,,1.5061475409836065,1.5781893004115226,2.0,1.6,7.0,1.2,2.0,7.0,,,,,,,,,,,,,,,,,,,,,,,,,,,,,,,,,,,,,,,,,,,,,,,,,,,,,,,,,,,,,,,,,,,,,,,,,,,,,,,,,,,,,,,,,,,,,2026-10-17 15:00:00,everton,chelsea,2026-10-17,,,,,,,,,,,,,,,,,,,,,,,,,,,,,,,,
,2026-10-17 15:00:00,,Fulham,Hull City,,,,,,,,,,,,,,,,,,,,,,,,,,,,,,,,,,,,,,,,,,,,,,,,,,,,,,,,,,,,,,,,,,,,,,,,,,,,,,,,,,,,,,,,,,,,,,,,,,,,,,,,,,,,,,,,,,,,,,,,,,,,,,,,,,,,,,,,,,,,1.3661971830985915,,1.2,0.6,9.0,,,,,,,,,,,,,,,,,,,,,,,,,,,,,,,,,,,,,,,,,,,,,,,,,,,,,,,,,,,,,,,,,,,,,,,,,,,,,,,,,,,,,,,,,,,,,,,,2026-10-17 15:00:00,fulham,hull city,2026-10-17,,,,,,,,,,,,,,,,,,,,,,,,,,,,,,,,
,2026-10-17 15:00:00,,Leeds,Man United,,,,,,,,,,,,,,,,,,,,,,,,,,,,,,,,,,,,,,,,,,,,,,,,,,,,,,,,,,,,,,,,,,,,,,,,,,,,,,,,,,,,,,,,,,,,,,,,,,,,,,,,,,,,,,,,,,,,,,,,,,,,,,,,,,,,,,,,,,,,1.429530201342282,1.5925925925925926,1.4,0.4,10.0,1.4,0.8,9.0,,,,,,,,,,,,,,,,,,,,,,,,,,,,,,,,,,,,,,,,,,,,,,,,,,,,,,,,,,,,,,,,,,,,,,,,,,,,,,,,,,,,,,,,,,,,,2026-10-17 15:00:00,leeds,man united,2026-10-17,,,,,,,,,,,,,,,,,,,,,,,,,,,,,,,,
,2026-10-17 15:00:00,,Man City,Ipswich Town,,,,,,,,,,,,,,,,,,,,,,,,,,,,,,,,,,,,,,,,,,,,,,,,,,,,,,,,,,,,,,,,,,,,,,,,,,,,,,,,,,,,,,,,,,,,,,,,,,,,,,,,,,,,,,,,,,,,,,,,,,,,,,,,,,,,,,,,,,,,2.190578158458244,,2.2,1.0,10.0,,,,,,,,,,,,,,,,,,,,,,,,,,,,,,,,,,,,,,,,,,,,,,,,,,,,,,,,,,,,,,,,,,,,,,,,,,,,,,,,,,,,,,,,,,,,,,,,2026-10-17 15:00:00,man city,ipswich town,2026-10-17,,,,,,,,,,,,,,,,,,,,,,,,,,,,,,,,
,2026-10-17 15:00:00,,Newcastle,Aston Villa,,,,,,,,,,,,,,,,,,,,,,,,,,,,,,,,,,,,,,,,,,,,,,,,,,,,,,,,,,,,,,,,,,,,,,,,,,,,,,,,,,,,,,,,,,,,,,,,,,,,,,,,,,,,,,,,,,,,,,,,,,,,,,,,,,,,,,,,,,,,1.5723830734966593,1.1511627906976745,2.0,1.4,9.0,1.2,1.6,7.0,,,,,,,,,,,,,,,,,,,,,,,,,,,,,,,,,,,,,,,,,,,,,,,,,,,,,,,,,,,,,,,,,,,,,,,,,,,,,,,,,,,,,,,,,,,,,2026-10-17 15:00:00,newcastle,aston villa,2026-10-17,,,,,,,,,,,,,,,,,,,,,,,,,,,,,,,,
,2026-10-17 15:00:00,,Nott'm Forest,Arsenal,,,,,,,,,,,,,,,,,,,,,,,,,,,,,,,,,,,,,,,,,,,,,,,,,,,,,,,,,,,,,,,,,,,,,,,,,,,,,,,,,,,,,,,,,,,,,,,,,,,,,,,,,,,,,,,,,,,,,,,,,,,,,,,,,,,,,,,,,,,,1.32,1.653688524590164,1.4,0.8,7.0,1.8,0.8,13.0,,,,,,,,,,,,,,,,,,,,,,,,,,,,,,,,,,,,,,,,,,,,,,,,,,,,,,,,,,,,,,,,,,,,,,,,,,,,,,,,,,,,,,,,,,,,,2026-10-17 15:00:00,nott'm forest,arsenal,2026-10-17,,,,,,,,,,,,,,,,,,,,,,,,,,,,,,,,
,2026-10-17 15:00:00,,Tottenham,Coventry City,,,,,,,,,,,,,,,,,,,,,,,,,,,,,,,,,,,,,,,,,,,,,,,,,,,,,,,,,,,,,,,,,,,,,,,,,,,,,,,,,,,,,,,,,,,,,,,,,,,,,,,,,,,,,,,,,,,,,,,,,,,,,,,,,,,,,,,,,,,,1.8012295081967213,,1.0,1.8,5.0,,,,,,,,,,,,,,,,,,,,,,,,,,,,,,,,,,,,,,,,,,,,,,,,,,,,,,,,,,,,,,,,,,,,,,,,,,,,,,,,,,,,,,,,,,,,,,,,2026-10-17 15:00:00,tottenham,coventry city,2026-10-17,,,,,,,,,,,,,,,,,,,,,,,,,,,,,,,,
,2026-10-24 15:00:00,,Arsenal,Everton,,,,,,,,,,,,,,,,,,,,,,,,,,,,,,,,,,,,,,,,,,,,,,,,,,,,,,,,,,,,,,,,,,,,,,,,,,,,,,,,,,,,,,,,,,,,,,,,,,,,,,,,,,,,,,,,,,,,,,,,,,,,,,,,,,,,,,,,,,,,2.138144329896907,1.0534979423868314,1.6,0.4,12.0,1.0,1.8,5.0,,,,,,,,,,,,,,,,,,,,,,,,,,,,,,,,,,,,,,,,,,,,,,,,,,,,,,,,,,,,,,,,,,,,,,,,,,,,,,,,,,,,,,,,,,,,,2026-10-24 15:00:00,arsenal,everton,2026-10-24,,,,,,,,,,,,,,,,,,,,,,,,,,,,,,,,
,2026-10-24 15:00:00,,Aston Villa,Man City,,,,,,,,,,,,,,,,,,,,,,,,,,,,,,,,,,,,,,,,,,,,,,,,,,,,,,,,,,,,,,,,,,,,,,,,,,,,,,,,,,,,,,,,,,,,,,,,,,,,,,,,,,,,,,,,,,,,,,,,,,,,,,,,,,,,,,,,,,,,1.3837209302325582,1.6346153846153846,2.4,2.2,9.0,1.8,1.0,9.0,,,,,,,,,,,,,,,,,,,,,,,,,,,,,,,,,,,,,,,,,,,,,,,,,,,,,,,,,,,,,,,,,,,,,,,,,,,,,,,,,,,,,,,,,,,,,2026-10-24 15:00:00,aston villa,man city,2026-10-24,,,,,,,,,,,,,,,,,,,,,,,,,,,,,,,,
,2026-10-24 15:00:00,,Chelsea,Tottenham,,,,,,,,,,,,,,,,,,,,,,,,,,,,,,,,,,,,,,,,,,,,,,,,,,,,,,,,,,,,,,,,,,,,,,,,,,,,,,,,,,,,,,,,,,,,,,,,,,,,,,,,,,,,,,,,,,,,,,,,,,,,,,,,,,,,,,,,,,,,2.02258726899384,1.403688524590164,0.6,1.8,3.0,1.0,1.0,9.0,,,,,,,,,,,,,,,,,,,,,,,,,,,,,,,,,,,,,,,,,,,,,,,,,,,,,,,,,,,,,,,,,,,,,,,,,,,,,,,,,,,,,,,,,,,,,2026-10-24 15:00:00,chelsea,tottenham,2026-10-24,,,,,,,,,,,,,,,,,,,,,,,,,,,,,,,,
,2026-10-24 15:00:00,,Coventry City,Fulham,,,,,,,,,,,,,,,,,,,,,,,,,,,,,,,,,,,,,,,,,,,,,,,,,,,,,,,,,,,,,,,,,,,,,,,,,,,,,,,,,,,,,,,,,,,,,,,,,,,,,,,,,,,,,,,,,,,,,,,,,,,,,,,,,,,,,,,,,,,,,0.9378531073446328,,,,0.2,1.2,5.0,,,,,,,,,,,,,,,,,,,,,,,,,,,,,,,,,,,,,,,,,,,,,,,,,,,,,,,,,,,,,,,,,,,,,,,,,,,,,,,,,,,,,,,,,,,,,2026-10-24 15:00:00,coventry city,fulham,2026-10-24,,,,,,,,,,,,,,,,,,,,,,,,,,,,,,,,
,2026-10-24 15:00:00,,Crystal Palace,Newcastle,,,,,,,,,,,,,,,,,,,,,,,,,,,,,,,,,,,,,,,,,,,,,,,,,,,,,,,,,,,,,,,,,,,,,,,,,,,,,,,,,,,,,,,,,,,,,,,,,,,,,,,,,,,,,,,,,,,,,,,,,,,,,,,,,,,,,,,,,,,,1.1877394636015326,1.1046770601336302,1.0,1.0,6.0,0.6,1.2,7.0,,,,,,,,,,,,,,,,,,,,,,,,,,,,,,,,,,,,,,,,,,,,,,,,,,,,,,,,,,,,,,,,,,,,,,,,,,,,,,,,,,,,,,,,,,,,,2026-10-24 15:00:00,crystal palace,newcastle,2026-10-24,,,,,,,,,,,,,,,,,,,,,,,,,,,,,,,,
,2026-10-24 15:00:00,,Hull City,Brentford,,,,,,,,,,,,,,,,,,,,,,,,,,,,,,,,,,,,,,,,,,,,,,,,,,,,,,,,,,,,,,,,,,,,,,,,,,,,,,,,,,,,,,,,,,,,,,,,,,,,,,,,,,,,,,,,,,,,,,,,,,,,,,,,,,,,,,,,,,,,,1.3191489361702127,,,,0.4,1.2,5.0,,,,,,,,,,,,,,,,,,,,,,,,,,,,,,,,,,,,,,,,,,,,,,,,,,,,,,,,,,,,,,,,,,,,,,,,,,,,,,,,,,,,,,,,,,,,,2026-10-24 15:00:00,hull city,brentford,2026-10-24,,,,,,,,,,,,,,,,,,,,,,,,,,,,,,,,
,2026-10-24 15:00:00,,Ipswich Town,Nott'm Forest,,,,,,,,,,,,,,,,,,,,,,,,,,,,,,,,,,,,,,,,,,,,,,,,,,,,,,,,,,,,,,,,,,,,,,,,,,,,,,,,,,,,,,,,,,,,,,,,,,,,,,,,,,,,,,,,,,,,,,,,,,,,,,,,,,,,,,,,,,,,,1.24,,,,3.0,1.2,11.0,,,,,,,,,,,,,,,,,,,,,,,,,,,,,,,,,,,,,,,,,,,,,,,,,,,,,,,,,,,,,,,,,,,,,,,,,,,,,,,,,,,,,,,,,,,,,2026-10-24 15:00:00,ipswich town,nott'm forest,2026-10-24,,,,,,,,,,,,,,,,,,,,,,,,,,,,,,,,
,2026-10-24 15:00:00,,Liverpool,Brighton,,,,,,,,,,,,,,,,,,,,,,,,,,,,,,,,,,,,,,,,,,,,,,,,,,,,,,,,,,,,,,,,,,,,,,,,,,,,,,,,,,,,,,,,,,,,,,,,,,,,,,,,,,,,,,,,,,,,,,,,,,,,,,,,,,,,,,,,,,,,2.07201646090535,1.2,1.6,0.8,9.0,1.2,1.2,9.0,,,,,,,,,,,,,,,,,,,,,,,,,,,,,,,,,,,,,,,,,,,,,,,,,,,,,,,,,,,,,,,,,,,,,,,,,,,,,,,,,,,,,,,,,,,,,2026-10-24 15:00:00,liverpool,brighton,2026-10-24,,,,,,,,,,,,,,,,,,,,,,,,,,,,,,,,
,2026-10-24 15:00:00,,Man United,Bournemouth,,,,,,,,,,,,,,,,,,,,,,,,,,,,,,,,,,,,,,,,,,,,,,,,,,,,,,,,,,,,,,,,,,,,,,,,,,,,,,,,,,,,,,,,,,,,,,,,,,,,,,,,,,,,,,,,,,,,,,,,,,,,,,,,,,,,,,,,,,,,2.037037037037037,1.2529411764705882,2.4,1.6,12.0,1.2,0.6,11.0,,,,,,,,,,,,,,,,,,,,,,,,,,,,,,,,,,,,,,,,,,,,,,,,,,,,,,,,,,,,,,,,,,,,,,,,,,,,,,,,,,,,,,,,,,,,,2026-10-24 15:00:00,man united,bournemouth,2026-10-24,,,,,,,,,,,,,,,,,,,,,,,,,,,,,,,,
,2026-10-24 15:00:00,,Sunderland,Leeds,,,,,,,,,,,,,,,,,,,,,,,,,,,,,,,,,,,,,,,,,,,,,,,,,,,,,,,,,,,,,,,,,,,,,,,,,,,,,,,,,,,,,,,,,,,,,,,,,,,,,,,,,,,,,,,,,,,,,,,,,,,,,,,,,,,,,,,,,,,,1.0985915492957747,1.2925170068027212,0.6,1.4,7.0,1.0,1.4,7.0,,,,,,,,,,,,,,,,,,,,,,,,,,,,,,,,,,,,,,,,,,,,,,,,,,,,,,,,,,,,,,,,,,,,,,,,,,,,,,,,,,,,,,,,,,,,,2026-10-24 15:00:00,sunderland,leeds,2026-10-24,,,,,,,,,,,,,,,,,,,,,,,,,,,,,,,,
,2026-10-31 15:00:00,,Aston Villa,Fulham,,,,,,,,,,,,,,,,,,,,,,,,,,,,,,,,,,,,,,,,,,,,,,,,,,,,,,,,,,,,,,,,,,,,,,,,,,,,,,,,,,,,,,,,,,,,,,,,,,,,,,,,,,,,,,,,,,,,,,,,,,,,,,,,,,,,,,,,,,,,1.3837209302325582,0.9378531073446328,2.4,2.2,9.0,0.2,1.2,5.0,,,,,,,,,,,,,,,,,,,,,,,,,,,,,,,,,,,,,,,,,,,,,,,,,,,,,,,,,,,,,,,,,,,,,,,,,,,,,,,,,,,,,,,,,,,,,2026-10-31 15:00:00,aston villa,fulham,2026-10-31,,,,,,,,,,,,,,,,,,,,,,,,,,,,,,,,
,2026-10-31 15:00:00,,Bournemouth,Leeds,,,,,,,,,,,,,,,,,,,,,,,,,,,,,,,,,,,,,,,,,,,,,,,,,,,,,,,,,,,,,,,,,,,,,,,,,,,,,,,,,,,,,,,,,,,,,,,,,,,,,,,,,,,,,,,,,,,,,,,,,,,,,,,,,,,,,,,,,,,,1.3823529411764706,1.2925170068027212,1.6,1.0,7.0,1.0,1.4,7.0,,,,,,,,,,,,,,,,,,,,,,,,,,,,,,,,,,,,,,,,,,,,,,,,,,,,,,,,,,,,,,,,,,,,,,,,,,,,,,,,,,,,,,,,,,,,,2026-10-31 15:00:00,bournemouth,leeds,2026-10-31,,,,,,,,,,,,,,,,,,,,,,,,,,,,,,,,
,2026-10-31 15:00:00,,Brentford,Nott'm Forest,,,,,,,,,,,,,,,,,,,,,,,,,,,,,,,,,,,,,,,,,,,,,,,,,,,,,,,,,,,,,,,,,,,,,,,,,,,,,,,,,,,,,,,,,,,,,,,,,,,,,,,,,,,,,,,,,,,,,,,,,,,,,,,,,,,,,,,,,,,,1.6702127659574468,1.24,1.8,1.2,7.0,3.0,1.2,11.0,,,,,,,,,,,,,,,,,,,,,,,,,,,,,,,,,,,,,,,,,,,,,,,,,,,,,,,,,,,,,,,,,,,,,,,,,,,,,,,,,,,,,,,,,,,,,2026-10-31 15:00:00,brentford,nott'm forest,2026-10-31,,,,,,,,,,,,,,,,,,,,,,,,,,,,,,,,
,2026-10-31 15:00:00,,Chelsea,Man United,,,,,,,,,,,,,,,,,,,,,,,,,,,,,,,,,,,,,,,,,,,,,,,,,,,,,,,,,,,,,,,,,,,,,,,,,,,,,,,,,,,,,,,,,,,,,,,,,,,,,,,,,,,,,,,,,,,,,,,,,,,,,,,,,,,,,,,,,,,,2.02258726899384,1.5925925925925926,0.6,1.8,3.0,1.4,0.8,9.0,,,,,,,,,,,,,,,,,,,,,,,,,,,,,,,,,,,,,,,,,,,,,,,,,,,,,,,,,,,,,,,,,,,,,,,,,,,,,,,,,,,,,,,,,,,,,2026-10-31 15:00:00,chelsea,man united,2026-10-31,,,,,,,,,,,,,,,,,,,,,,,,,,,,,,,,
,2026-10-31 15:00:00,,Coventry City,Sunderland,,,,,,,,,,,,,,,,,,,,,,,,,,,,,,,,,,,,,,,,,,,,,,,,,,,,,,,,,,,,,,,,,,,,,,,,,,,,,,,,,,,,,,,,,,,,,,,,,,,,,,,,,,,,,,,,,,,,,,,,,,,,,,,,,,,,,,,,,,,,,0.872791519434629,,,,2.0,1.4,11.0,,,,,,,,,,,,,,,,,,,,,,,,,,,,,,,,,,,,,,,,,,,,,,,,,,,,,,,,,,,,,,,,,,,,,,,,,,,,,,,,,,,,,,,,,,,,,2026-10-31 15:00:00,coventry city,sunderland,2026-10-31,,,,,,,,,,,,,,,,,,,,,,,,,,,,,,,,
,2026-10-31 15:00:00,,Hull City,Ipswich Town,,,,,,,,,,,,,,,,,,,,,,,,,,,,,,,,,,,,,,,,,,,,,,,,,,,,,,,,,,,,,,,,,,,,,,,,,,,,,,,,,,,,,,,,,,,,,,,,,,,,,,,,,,,,,,,,,,,,,,,,,,,,,,,,,,,,,,,,,,,,,,,,,,,,,,,,,,,,,,,,,,,,,,,,,,,,,,,,,,,,,,,,,,,,,,,,,,,,,,,,,,,,,,,,,,,,,,,,,,,,,,,,,,,,,,,,,,,,,,,,2026-10-31 15:00:00,hull city,ipswich town,2026-10-31,,,,,,,,,,,,,,,,,,,,,,,,,,,,,,,,
,2026-10-31 15:00:00,,Liverpool,Arsenal,,,,,,,,,,,,,,,,,,,,,,,,,,,,,,,,,,,,,,,,,,,,,,,,,,,,,,,,,,,,,,,,,,,,,,,,,,,,,,,,,,,,,,,,,,,,,,,,,,,,,,,,,,,,,,,,,,,,,,,,,,,,,,,,,,,,,,,,,,,,2.07201646090535,1.653688524590164,1.6,0.8,9.0,1.8,0.8,13.0,,,,,,,,,,,,,,,,,,,,,,,,,,,,,,,,,,,,,,,,,,,,,,,,,,,,,,,,,,,,,,,,,,,,,,,,,,,,,,,,,,,,,,,,,,,,,2026-10-31 15:00:00,liverpool,arsenal,2026-10-31,,,,,,,,,,,,,,,,,,,,,,,,,,,,,,,,
,2026-10-31 15:00:00,,Man City,Brighton,,,,,,,,,,,,,,,,,,,,,,,,,,,,,,,,,,,,,,,,,,,,,,,,,,,,,,,,,,,,,,,,,,,,,,,,,,,,,,,,,,,,,,,,,,,,,,,,,,,,,,,,,,,,,,,,,,,,,,,,,,,,,,,,,,,,,,,,,,,,2.190578158458244,1.2,2.2,1.0,10.0,1.2,1.2,9.0,,,,,,,,,,,,,,,,,,,,,,,,,,,,,,,,,,,,,,,,,,,,,,,,,,,,,,,,,,,,,,,,,,,,,,,,,,,,,,,,,,,,,,,,,,,,,2026-10-31 15:00:00,man city,brighton,2026-10-31,,,,,,,,,,,,,,,,,,,,,,,,,,,,,,,,
,2026-10-31 15:00:00,,Newcastle,Everton,,,,,,,,,,,,,,,,,,,,,,,,,,,,,,,,,,,,,,,,,,,,,,,,,,,,,,,,,,,,,,,,,,,,,,,,,,,,,,,,,,,,,,,,,,,,,,,,,,,,,,,,,,,,,,,,,,,,,,,,,,,,,,,,,,,,,,,,,,,,1.5723830734966593,1.0534979423868314,2.0,1.4,9.0,1.0,1.8,5.0,,,,,,,,,,,,,,,,,,,,,,,,,,,,,,,,,,,,,,,,,,,,,,,,,,,,,,,,,,,,,,,,,,,,,,,,,,,,,,,,,,,,,,,,,,,,,2026-10-31 15:00:00,newcastle,everton,2026-10-31,,,,,,,,,,,,,,,,,,,,,,,,,,,,,,,,
,2026-10-31 15:00:00,,Tottenham,Crystal Palace,,,,,,,,,,,,,,,,,,,,,,,,,,,,,,,,,,,,,,,,,,,,,,,,,,,,,,,,,,,,,,,,,,,,,,,,,,,,,,,,,,,,,,,,,,,,,,,,,,,,,,,,,,,,,,,,,,,,,,,,,,,,,,,,,,,,,,,,,,,,1.8012295081967213,1.1406844106463878,1.0,1.8,5.0,1.2,2.4,7.0,,,,,,,,,,,,,,,,,,,,,,,,,,,,,,,,,,,,,,,,,,,,,,,,,,,,,,,,,,,,,,,,,,,,,,,,,,,,,,,,,,,,,,,,,,,,,2026-10-31 15:00:00,tottenham,crystal palace,2026-10-31,,,,,,,,,,,,,,,,,,,,,,,,,,,,,,,,
,2026-11-07 15:00:00,,Arsenal,Hull City,,,,,,,,,,,,,,,,,,,,,,,,,,,,,,,,,,,,,,,,,,,,,,,,,,,,,,,,,,,,,,,,,,,,,,,,,,,,,,,,,,,,,,,,,,,,,,,,,,,,,,,,,,,,,,,,,,,,,,,,,,,,,,,,,,,,,,,,,,,,2.138144329896907,,1.6,0.4,12.0,,,,,,,,,,,,,,,,,,,,,,,,,,,,,,,,,,,,,,,,,,,,,,,,,,,,,,,,,,,,,,,,,,,,,,,,,,,,,,,,,,,,,,,,,,,,,,,,2026-11-07 15:00:00,arsenal,hull city,2026-11-07,,,,,,,,,,,,,,,,,,,,,,,,,,,,,,,,
,2026-11-07 15:00:00,,Brighton,Brentford,,,,,,,,,,,,,,,,,,,,,,,,,,,,,,,,,,,,,,,,,,,,,,,,,,,,,,,,,,,,,,,,,,,,,,,,,,,,,,,,,,,,,,,,,,,,,,,,,,,,,,,,,,,,,,,,,,,,,,,,,,,,,,,,,,,,,,,,,,,,1.3431952662721893,1.3191489361702127,1.6,1.0,9.0,0.4,1.2,5.0,,,,,,,,,,,,,,,,,,,,,,,,,,,,,,,,,,,,,,,,,,,,,,,,,,,,,,,,,,,,,,,,,,,,,,,,,,,,,,,,,,,,,,,,,,,,,2026-11-07 15:00:00,brighton,brentford,2026-11-07,,,,,,,,,,,,,,,,,,,,,,,,,,,,,,,,
,2026-11-07 15:00:00,,Crystal Palace,Liverpool,,,,,,,,,,,,,,,,,,,,,,,,,,,,,,,,,,,,,,,,,,,,,,,,,,,,,,,,,,,,,,,,,,,,,,,,,,,,,,,,,,,,,,,,,,,,,,,,,,,,,,,,,,,,,,,,,,,,,,,,,,,,,,,,,,,,,,,,,,,,1.1877394636015326,1.6462167689161553,1.0,1.0,6.0,1.6,2.4,7.0,,,,,,,,,,,,,,,,,,,,,,,,,,,,,,,,,,,,,,,,,,,,,,,,,,,,,,,,,,,,,,,,,,,,,,,,,,,,,,,,,,,,,,,,,,,,,2026-11-07 15:00:00,crystal palace,liverpool,2026-11-07,,,,,,,,,,,,,,,,,,,,,,,,,,,,,,,,
,2026-11-07 15:00:00,,Everton,Coventry City,,,,,,,,,,,,,,,,,,,,,,,,,,,,,,,,,,,,,,,,,,,,,,,,,,,,,,,,,,,,,,,,,,,,,,,,,,,,,,,,,,,,,,,,,,,,,,,,,,,,,,,,,,,,,,,,,,,,,,,,,,,,,,,,,,,,,,,,,,,,1.5061475409836065,,2.0,1.6,7.0,,,,,,,,,,,,,,,,,,,,,,,,,,,,,,,,,,,,,,,,,,,,,,,,,,,,,,,,,,,,,,,,,,,,,,,,,,,,,,,,,,,,,,,,,,,,,,,,2026-11-07 15:00:00,everton,coventry city,2026-11-07,,,,,,,,,,,,,,,,,,,,,,,,,,,,,,,,
,2026-11-07 15:00:00,,Fulham,Newcastle,,,,,,,,,,,,,,,,,,,,,,,,,,,,,,,,,,,,,,,,,,,,,,,,,,,,,,,,,,,,,,,,,,,,,,,,,,,,,,,,,,,,,,,,,,,,,,,,,,,,,,,,,,,,,,,,,,,,,,,,,,,,,,,,,,,,,,,,,,,,1.3661971830985915,1.1046770601336302,1.2,0.6,9.0,0.6,1.2,7.0,,,,,,,,,,,,,,,,,,,,,,,,,,,,,,,,,,,,,,,,,,,,,,,,,,,,,,,,,,,,,,,,,,,,,,,,,,,,,,,,,,,,,,,,,,,,,2026-11-07 15:00:00,fulham,newcastle,2026-11-07,,,,,,,,,,,,,,,,,,,,,,,,,,,,,,,,
,2026-11-07 15:00:00,,Ipswich Town,Bournemouth,,,,,,,,,,,,,,,,,,,,,,,,,,,,,,,,,,,,,,,,,,,,,,,,,,,,,,,,,,,,,,,,,,,,,,,,,,,,,,,,,,,,,,,,,,,,,,,,,,,,,,,,,,,,,,,,,,,,,,,,,,,,,,,,,,,,,,,,,,,,,1.2529411764705882,,,,1.2,0.6,11.0,,,,,,,,,,,,,,,,,,,,,,,,,,,,,,,,,,,,,,,,,,,,,,,,,,,,,,,,,,,,,,,,,,,,,,,,,,,,,,,,,,,,,,,,,,,,,2026-11-07 15:00:00,ipswich town,bournemouth,2026-11-07,,,,,,,,,,,,,,,,,,,,,,,,,,,,,,,,
,2026-11-07 15:00:00,,Leeds,Tottenham,,,,,,,,,,,,,,,,,,,,,,,,,,,,,,,,,,,,,,,,,,,,,,,,,,,,,,,,,,,,,,,,,,,,,,,,,,,,,,,,,,,,,,,,,,,,,,,,,,,,,,,,,,,,,,,,,,,,,,,,,,,,,,,,,,,,,,,,,,,,1.429530201342282,1.403688524590164,1.4,0.4,10.0,1.0,1.0,9.0,,,,,,,,,,,,,,,,,,,,,,,,,,,,,,,,,,,,,,,,,,,,,,,,,,,,,,,,,,,,,,,,,,,,,,,,,,,,,,,,,,,,,,,,,,,,,2026-11-07 15:00:00,leeds,tottenham,2026-11-07,,,,,,,,,,,,,,,,,,,,,,,,,,,,,,,,
,2026-11-07 15:00:00,,Man United,Aston Villa,,,,,,,,,,,,,,,,,,,,,,,,,,,,,,,,,,,,,,,,,,,,,,,,,,,,,,,,,,,,,,,,,,,,,,,,,,,,,,,,,,,,,,,,,,,,,,,,,,,,,,,,,,,,,,,,,,,,,,,,,,,,,,,,,,,,,,,,,,,,2.037037037037037,1.1511627906976745,2.4,1.6,12.0,1.2,1.6,7.0,,,,,,,,,,,,,,,,,,,,,,,,,,,,,,,,,,,,,,,,,,,,,,,,,,,,,,,,,,,,,,,,,,,,,,,,,,,,,,,,,,,,,,,,,,,,,2026-11-07 15:00:00,man united,aston villa,2026-11-07,,,,,,,,,,,,,,,,,,,,,,,,,,,,,,,,
,2026-11-07 15:00:00,,Nott'm Forest,Man City,,,,,,,,,,,,,,,,,,,,,,,,,,,,,,,,,,,,,,,,,,,,,,,,,,,,,,,,,,,,,,,,,,,,,,,,,,,,,,,,,,,,,,,,,,,,,,,,,,,,,,,,,,,,,,,,,,,,,,,,,,,,,,,,,,,,,,,,,,,,1.32,1.6346153846153846,1.4,0.8,7.0,1.8,1.0,9.0,,,,,,,,,,,,,,,,,,,,,,,,,,,,,,,,,,,,,,,,,,,,,,,,,,,,,,,,,,,,,,,,,,,,,,,,,,,,,,,,,,,,,,,,,,,,,2026-11-07 15:00:00,nott'm forest,man city,2026-11-07,,,,,,,,,,,,,,,,,,,,,,,,,,,,,,,,
,2026-11-07 15:00:00,,Sunderland,Chelsea,,,,,,,,,,,,,,,,,,,,,,,,,,,,,,,,,,,,,,,,,,,,,,,,,,,,,,,,,,,,,,,,,,,,,,,,,,,,,,,,,,,,,,,,,,,,,,,,,,,,,,,,,,,,,,,,,,,,,,,,,,,,,,,,,,,,,,,,,,,,1.0985915492957747,1.5781893004115226,0.6,1.4,7.0,1.2,2.0,7.0,,,,,,,,,,,,,,,,,,,,,,,,,,,,,,,,,,,,,,,,,,,,,,,,,,,,,,,,,,,,,,,,,,,,,,,,,,,,,,,,,,,,,,,,,,,,,2026-11-07 15:00:00,sunderland,chelsea,2026-11-07,,,,,,,,,,,,,,,,,,,,,,,,,,,,,,,,
,2026-11-21 15:00:00,,Aston Villa,Sunderland,,,,,,,,,,,,,,,,,,,,,,,,,,,,,,,,,,,,,,,,,,,,,,,,,,,,,,,,,,,,,,,,,,,,,,,,,,,,,,,,,,,,,,,,,,,,,,,,,,,,,,,,,,,,,,,,,,,,,,,,,,,,,,,,,,,,,,,,,,,,1.3837209302325582,0.872791519434629,2.4,2.2,9.0,2.0,1.4,11.0,,,,,,,,,,,,,,,,,,,,,,,,,,,,,,,,,,,,,,,,,,,,,,,,,,,,,,,,,,,,,,,,,,,,,,,,,,,,,,,,,,,,,,,,,,,,,2026-11-21 15:00:00,aston villa,sunderland,2026-11-21,,,,,,,,,,,,,,,,,,,,,,,,,,,,,,,,
,2026-11-21 15:00:00,,Bournemouth,Nott'm Forest,,,,,,,,,,,,,,,,,,,,,,,,,,,,,,,,,,,,,,,,,,,,,,,,,,,,,,,,,,,,,,,,,,,,,,,,,,,,,,,,,,,,,,,,,,,,,,,,,,,,,,,,,,,,,,,,,,,,,,,,,,,,,,,,,,,,,,,,,,,,1.3823529411764706,1.24,1.6,1.0,7.0,3.0,1.2,11.0,,,,,,,,,,,,,,,,,,,,,,,,,,,,,,,,,,,,,,,,,,,,,,,,,,,,,,,,,,,,,,,,,,,,,,,,,,,,,,,,,,,,,,,,,,,,,2026-11-21 15:00:00,bournemouth,nott'm forest,2026-11-21,,,,,,,,,,,,,,,,,,,,,,,,,,,,,,,,
,2026-11-21 15:00:00,,Brentford,Everton,,,,,,,,,,,,,,,,,,,,,,,,,,,,,,,,,,,,,,,,,,,,,,,,,,,,,,,,,,,,,,,,,,,,,,,,,,,,,,,,,,,,,,,,,,,,,,,,,,,,,,,,,,,,,,,,,,,,,,,,,,,,,,,,,,,,,,,,,,,,1.6702127659574468,1.0534979423868314,1.8,1.2,7.0,1.0,1.8,5.0,,,,,,,,,,,,,,,,,,,,,,,,,,,,,,,,,,,,,,,,,,,,,,,,,,,,,,,,,,,,,,,,,,,,,,,,,,,,,,,,,,,,,,,,,,,,,2026-11-21 15:00:00,brentford,everton,2026-11-21,,,,,,,,,,,,,,,,,,,,,,,,,,,,,,,,
,2026-11-21 15:00:00,,Chelsea,Leeds,,,,,,,,,,,,,,,,,,,,,,,,,,,,,,,,,,,,,,,,,,,,,,,,,,,,,,,,,,,,,,,,,,,,,,,,,,,,,,,,,,,,,,,,,,,,,,,,,,,,,,,,,,,,,,,,,,,,,,,,,,,,,,,,,,,,,,,,,,,,2.02258726899384,1.2925170068027212,0.6,1.8,3.0,1.0,1.4,7.0,,,,,,,,,,,,,,,,,,,,,,,,,,,,,,,,,,,,,,,,,,,,,,,,,,,,,,,,,,,,,,,,,,,,,,,,,,,,,,,,,,,,,,,,,,,,,2026-11-21 15:00:00,chelsea,leeds,2026-11-21,,,,,,,,,,,,,,,,,,,,,,,,,,,,,,,,
,2026-11-21 15:00:00,,Coventry City,Crystal Palace,,,,,,,,,,,,,,,,,,,,,,,,,,,,,,,,,,,,,,,,,,,,,,,,,,,,,,,,,,,,,,,,,,,,,,,,,,,,,,,,,,,,,,,,,,,,,,,,,,,,,,,,,,,,,,,,,,,,,,,,,,,,,,,,,,,,,,,,,,,,,1.1406844106463878,,,,1.2,2.4,7.0,,,,,,,,,,,,,,,,,,,,,,,,,,,,,,,,,,,,,,,,,,,,,,,,,,,,,,,,,,,,,,,,,,,,,,,,,,,,,,,,,,,,,,,,,,,,,2026-11-21 15:00:00,coventry city,crystal palace,2026-11-21,,,,,,,,,,,,,,,,,,,,,,,,,,,,,,,,
,2026-11-21 15:00:00,,Hull City,Brighton,,,,,,,,,,,,,,,,,,,,,,,,,,,,,,,,,,,,,,,,,,,,,,,,,,,,,,,,,,,,,,,,,,,,,,,,,,,,,,,,,,,,,,,,,,,,,,,,,,,,,,,,,,,,,,,,,,,,,,,,,,,,,,,,,,,,,,,,,,,,,1.2,,,,1.2,1.2,9.0,,,,,,,,,,,,,,,,,,,,,,,,,,,,,,,,,,,,,,,,,,,,,,,,,,,,,,,,,,,,,,,,,,,,,,,,,,,,,,,,,,,,,,,,,,,,,2026-11-21 15:00:00,hull city,brighton,2026-11-21,,,,,,,,,,,,,,,,,,,,,,,,,,,,,,,,
,2026-11-21 15:00:00,,Liverpool,Man United,,,,,,,,,,,,,,,,,,,,,,,,,,,,,,,,,,,,,,,,,,,,,,,,,,,,,,,,,,,,,,,,,,,,,,,,,,,,,,,,,,,,,,,,,,,,,,,,,,,,,,,,,,,,,,,,,,,,,,,,,,,,,,,,,,,,,,,,,,,,2.07201646090535,1.5925925925925926,1.6,0.8,9.0,1.4,0.8,9.0,,,,,,,,,,,,,,,,,,,,,,,,,,,,,,,,,,,,,,,,,,,,,,,,,,,,,,,,,,,,,,,,,,,,,,,,,,,,,,,,,,,,,,,,,,,,,2026-11-21 15:00:00,liverpool,man united,2026-11-21,,,,,,,,,,,,,,,,,,,,,,,,,,,,,,,,
,2026-11-21 15:00:00,,Man City,Fulham,,,,,,,,,,,,,,,,,,,,,,,,,,,,,,,,,,,,,,,,,,,,,,,,,,,,,,,,,,,,,,,,,,,,,,,,,,,,,,,,,,,,,,,,,,,,,,,,,,,,,,,,,,,,,,,,,,,,,,,,,,,,,,,,,,,,,,,,,,,,2.190578158458244,0.9378531073446328,2.2,1.0,10.0,0.2,1.2,5.0,,,,,,,,,,,,,,,,,,,,,,,,,,,,,,,,,,,,,,,,,,,,,,,,,,,,,,,,,,,,,,,,,,,,,,,,,,,,,,,,,,,,,,,,,,,,,2026-11-21 15:00:00,man city,fulham,2026-11-21,,,,,,,,,,,,,,,,,,,,,,,,,,,,,,,,
,2026-11-21 15:00:00,,Newcastle,Arsenal,,,,,,,,,,,,,,,,,,,,,,,,,,,,,,,,,,,,,,,,,,,,,,,,,,,,,,,,,,,,,,,,,,,,,,,,,,,,,,,,,,,,,,,,,,,,,,,,,,,,,,,,,,,,,,,,,,,,,,,,,,,,,,,,,,,,,,,,,,,,1.5723830734966593,1.653688524590164,2.0,1.4,9.0,1.8,0.8,13.0,,,,,,,,,,,,,,,,,,,,,,,,,,,,,,,,,,,,,,,,,,,,,,,,,,,,,,,,,,,,,,,,,,,,,,,,,,,,,,,,,,,,,,,,,,,,,2026-11-21 15:00:00,newcastle,arsenal,2026-11-21,,,,,,,,,,,,,,,,,,,,,,,,,,,,,,,,
,2026-11-21 15:00:00,,Tottenham,Ipswich Town,,,,,,,,,,,,,,,,,,,,,,,,,,,,,,,,,,,,,,,,,,,,,,,,,,,,,,,,,,,,,,,,,,,,,,,,,,,,,,,,,,,,,,,,,,,,,,,,,,,,,,,,,,,,,,,,,,,,,,,,,,,,,,,,,,,,,,,,,,,,1.8012295081967213,,1.0,1.8,5.0,,,,,,,,,,,,,,,,,,,,,,,,,,,,,,,,,,,,,,,,,,,,,,,,,,,,,,,,,,,,,,,,,,,,,,,,,,,,,,,,,,,,,,,,,,,,,,,,2026-11-21 15:00:00,tottenham,ipswich town,2026-11-21,,,,,,,,,,,,,,,,,,,,,,,,,,,,,,,,
,2026-11-28 15:00:00,,Arsenal,Man City,,,,,,,,,,,,,,,,,,,,,,,,,,,,,,,,,,,,,,,,,,,,,,,,,,,,,,,,,,,,,,,,,,,,,,,,,,,,,,,,,,,,,,,,,,,,,,,,,,,,,,,,,,,,,,,,,,,,,,,,,,,,,,,,,,,,,,,,,,,,2.138144329896907,1.6346153846153846,1.6,0.4,12.0,1.8,1.0,9.0,,,,,,,,,,,,,,,,,,,,,,,,,,,,,,,,,,,,,,,,,,,,,,,,,,,,,,,,,,,,,,,,,,,,,,,,,,,,,,,,,,,,,,,,,,,,,2026-11-28 15:00:00,arsenal,man city,2026-11-28,,,,,,,,,,,,,,,,,,,,,,,,,,,,,,,,
,2026-11-28 15:00:00,,Brighton,Newcastle,,,,,,,,,,,,,,,,,,,,,,,,,,,,,,,,,,,,,,,,,,,,,,,,,,,,,,,,,,,,,,,,,,,,,,,,,,,,,,,,,,,,,,,,,,,,,,,,,,,,,,,,,,,,,,,,,,,,,,,,,,,,,,,,,,,,,,,,,,,,1.3431952662721893,1.1046770601336302,1.6,1.0,9.0,0.6,1.2,7.0,,,,,,,,,,,,,,,,,,,,,,,,,,,,,,,,,,,,,,,,,,,,,,,,,,,,,,,,,,,,,,,,,,,,,,,,,,,,,,,,,,,,,,,,,,,,,2026-11-28 15:00:00,brighton,newcastle,2026-11-28,,,,,,,,,,,,,,,,,,,,,,,,,,,,,,,,
,2026-11-28 15:00:00,,Crystal Palace,Hull City,,,,,,,,,,,,,,,,,,,,,,,,,,,,,,,,,,,,,,,,,,,,,,,,,,,,,,,,,,,,,,,,,,,,,,,,,,,,,,,,,,,,,,,,,,,,,,,,,,,,,,,,,,,,,,,,,,,,,,,,,,,,,,,,,,,,,,,,,,,,1.1877394636015326,,1.0,1.0,6.0,,,,,,,,,,,,,,,,,,,,,,,,,,,,,,,,,,,,,,,,,,,,,,,,,,,,,,,,,,,,,,,,,,,,,,,,,,,,,,,,,,,,,,,,,,,,,,,,2026-11-28 15:00:00,crystal palace,hull city,2026-11-28,,,,,,,,,,,,,,,,,,,,,,,,,,,,,,,,
,2026-11-28 15:00:00,,Everton,Liverpool,,,,,,,,,,,,,,,,,,,,,,,,,,,,,,,,,,,,,,,,,,,,,,,,,,,,,,,,,,,,,,,,,,,,,,,,,,,,,,,,,,,,,,,,,,,,,,,,,,,,,,,,,,,,,,,,,,,,,,,,,,,,,,,,,,,,,,,,,,,,1.5061475409836065,1.6462167689161553,2.0,1.6,7.0,1.6,2.4,7.0,,,,,,,,,,,,,,,,,,,,,,,,,,,,,,,,,,,,,,,,,,,,,,,,,,,,,,,,,,,,,,,,,,,,,,,,,,,,,,,,,,,,,,,,,,,,,2026-11-28 15:00:00,everton,liverpool,2026-11-28,,,,,,,,,,,,,,,,,,,,,,,,,,,,,,,,
,2026-11-28 15:00:00,,Fulham,Bournemouth,,,,,,,,,,,,,,,,,,,,,,,,,,,,,,,,,,,,,,,,,,,,,,,,,,,,,,,,,,,,,,,,,,,,,,,,,,,,,,,,,,,,,,,,,,,,,,,,,,,,,,,,,,,,,,,,,,,,,,,,,,,,,,,,,,,,,,,,,,,,1.3661971830985915,1.2529411764705882,1.2,0.6,9.0,1.2,0.6,11.0,,,,,,,,,,,,,,,,,,,,,,,,,,,,,,,,,,,,,,,,,,,,,,,,,,,,,,,,,,,,,,,,,,,,,,,,,,,,,,,,,,,,,,,,,,,,,2026-11-28 15:00:00,fulham,bournemouth,2026-11-28,,,,,,,,,,,,,,,,,,,,,,,,,,,,,,,,
,2026-11-28 15:00:00,,Ipswich Town,Aston Villa,,,,,,,,,,,,,,,,,,,,,,,,,,,,,,,,,,,,,,,,,,,,,,,,,,,,,,,,,,,,,,,,,,,,,,,,,,,,,,,,,,,,,,,,,,,,,,,,,,,,,,,,,,,,,,,,,,,,,,,,,,,,,,,,,,,,,,,,,,,,,1.1511627906976745,,,,1.2,1.6,7.0,,,,,,,,,,,,,,,,,,,,,,,,,,,,,,,,,,,,,,,,,,,,,,,,,,,,,,,,,,,,,,,,,,,,,,,,,,,,,,,,,,,,,,,,,,,,,2026-11-28 15:00:00,ipswich town,aston villa,2026-11-28,,,,,,,,,,,,,,,,,,,,,,,,,,,,,,,,
,2026-11-28 15:00:00,,Leeds,Coventry City,,,,,,,,,,,,,,,,,,,,,,,,,,,,,,,,,,,,,,,,,,,,,,,,,,,,,,,,,,,,,,,,,,,,,,,,,,,,,,,,,,,,,,,,,,,,,,,,,,,,,,,,,,,,,,,,,,,,,,,,,,,,,,,,,,,,,,,,,,,,1.429530201342282,,1.4,0.4,10.0,,,,,,,,,,,,,,,,,,,,,,,,,,,,,,,,,,,,,,,,,,,,,,,,,,,,,,,,,,,,,,,,,,,,,,,,,,,,,,,,,,,,,,,,,,,,,,,,2026-11-28 15:00:00,leeds,coventry city,2026-11-28,,,,,,,,,,,,,,,,,,,,,,,,,,,,,,,,
,2026-11-28 15:00:00,,Man United,Brentford,,,,,,,,,,,,,,,,,,,,,,,,,,,,,,,,,,,,,,,,,,,,,,,,,,,,,,,,,,,,,,,,,,,,,,,,,,,,,,,,,,,,,,,,,,,,,,,,,,,,,,,,,,,,,,,,,,,,,,,,,,,,,,,,,,,,,,,,,,,,2.037037037037037,1.3191489361702127,2.4,1.6,12.0,0.4,1.2,5.0,,,,,,,,,,,,,,,,,,,,,,,,,,,,,,,,,,,,,,,,,,,,,,,,,,,,,,,,,,,,,,,,,,,,,,,,,,,,,,,,,,,,,,,,,,,,,2026-11-28 15:00:00,man united,brentford,2026-11-28,,,,,,,,,,,,,,,,,,,,,,,,,,,,,,,,
,2026-11-28 15:00:00,,Nott'm Forest,Chelsea,,,,,,,,,,,,,,,,,,,,,,,,,,,,,,,,,,,,,,,,,,,,,,,,,,,,,,,,,,,,,,,,,,,,,,,,,,,,,,,,,,,,,,,,,,,,,,,,,,,,,,,,,,,,,,,,,,,,,,,,,,,,,,,,,,,,,,,,,,,,1.32,1.5781893004115226,1.4,0.8,7.0,1.2,2.0,7.0,,,,,,,,,,,,,,,,,,,,,,,,,,,,,,,,,,,,,,,,,,,,,,,,,,,,,,,,,,,,,,,,,,,,,,,,,,,,,,,,,,,,,,,,,,,,,2026-11-28 15:00:00,nott'm forest,chelsea,2026-11-28,,,,,,,,,,,,,,,,,,,,,,,,,,,,,,,,
,2026-11-28 15:00:00,,Sunderland,Tottenham,,,,,,,,,,,,,,,,,,,,,,,,,,,,,,,,,,,,,,,,,,,,,,,,,,,,,,,,,,,,,,,,,,,,,,,,,,,,,,,,,,,,,,,,,,,,,,,,,,,,,,,,,,,,,,,,,,,,,,,,,,,,,,,,,,,,,,,,,,,,1.0985915492957747,1.403688524590164,0.6,1.4,7.0,1.0,1.0,9.0,,,,,,,,,,,,,,,,,,,,,,,,,,,,,,,,,,,,,,,,,,,,,,,,,,,,,,,,,,,,,,,,,,,,,,,,,,,,,,,,,,,,,,,,,,,,,2026-11-28 15:00:00,sunderland,tottenham,2026-11-28,,,,,,,,,,,,,,,,,,,,,,,,,,,,,,,,
,2026-12-02 20:00:00,,Aston Villa,Everton,,,,,,,,,,,,,,,,,,,,,,,,,,,,,,,,,,,,,,,,,,,,,,,,,,,,,,,,,,,,,,,,,,,,,,,,,,,,,,,,,,,,,,,,,,,,,,,,,,,,,,,,,,,,,,,,,,,,,,,,,,,,,,,,,,,,,,,,,,,,1.3837209302325582,1.0534979423868314,2.4,2.2,9.0,1.0,1.8,5.0,,,,,,,,,,,,,,,,,,,,,,,,,,,,,,,,,,,,,,,,,,,,,,,,,,,,,,,,,,,,,,,,,,,,,,,,,,,,,,,,,,,,,,,,,,,,,2026-12-02 20:00:00,aston villa,everton,2026-12-02,,,,,,,,,,,,,,,,,,,,,,,,,,,,,,,,
,2026-12-02 20:00:00,,Bournemouth,Brighton,,,,,,,,,,,,,,,,,,,,,,,,,,,,,,,,,,,,,,,,,,,,,,,,,,,,,,,,,,,,,,,,,,,,,,,,,,,,,,,,,,,,,,,,,,,,,,,,,,,,,,,,,,,,,,,,,,,,,,,,,,,,,,,,,,,,,,,,,,,,1.3823529411764706,1.2,1.6,1.0,7.0,1.2,1.2,9.0,,,,,,,,,,,,,,,,,,,,,,,,,,,,,,,,,,,,,,,,,,,,,,,,,,,,,,,,,,,,,,,,,,,,,,,,,,,,,,,,,,,,,,,,,,,,,2026-12-02 20:00:00,bournemouth,brighton,2026-12-02,,,,,,,,,,,,,,,,,,,,,,,,,,,,,,,,
,2026-12-02 20:00:00,,Brentford,Arsenal,,,,,,,,,,,,,,,,,,,,,,,,,,,,,,,,,,,,,,,,,,,,,,,,,,,,,,,,,,,,,,,,,,,,,,,,,,,,,,,,,,,,,,,,,,,,,,,,,,,,,,,,,,,,,,,,,,,,,,,,,,,,,,,,,,,,,,,,,,,,1.6702127659574468,1.653688524590164,1.8,1.2,7.0,1.8,0.8,13.0,,,,,,,,,,,,,,,,,,,,,,,,,,,,,,,,,,,,,,,,,,,,,,,,,,,,,,,,,,,,,,,,,,,,,,,,,,,,,,,,,,,,,,,,,,,,,2026-12-02 20:00:00,brentford,arsenal,2026-12-02,,,,,,,,,,,,,,,,,,,,,,,,,,,,,,,,
,2026-12-02 20:00:00,,Chelsea,Crystal Palace,,,,,,,,,,,,,,,,,,,,,,,,,,,,,,,,,,,,,,,,,,,,,,,,,,,,,,,,,,,,,,,,,,,,,,,,,,,,,,,,,,,,,,,,,,,,,,,,,,,,,,,,,,,,,,,,,,,,,,,,,,,,,,,,,,,,,,,,,,,,2.02258726899384,1.1406844106463878,0.6,1.8,3.0,1.2,2.4,7.0,,,,,,,,,,,,,,,,,,,,,,,,,,,,,,,,,,,,,,,,,,,,,,,,,,,,,,,,,,,,,,,,,,,,,,,,,,,,,,,,,,,,,,,,,,,,,2026-12-02 20:00:00,chelsea,crystal palace,2026-12-02,,,,,,,,,,,,,,,,,,,,,,,,,,,,,,,,
,2026-12-02 20:00:00,,Coventry City,Ipswich Town,,,,,,,,,,,,,,,,,,,,,,,,,,,,,,,,,,,,,,,,,,,,,,,,,,,,,,,,,,,,,,,,,,,,,,,,,,,,,,,,,,,,,,,,,,,,,,,,,,,,,,,,,,,,,,,,,,,,,,,,,,,,,,,,,,,,,,,,,,,,,,,,,,,,,,,,,,,,,,,,,,,,,,,,,,,,,,,,,,,,,,,,,,,,,,,,,,,,,,,,,,,,,,,,,,,,,,,,,,,,,,,,,,,,,,,,,,,,,,,,2026-12-02 20:00:00,coventry city,ipswich town,2026-12-02,,,,,,,,,,,,,,,,,,,,,,,,,,,,,,,,
,2026-12-02 20:00:00,,Hull City,Nott'm Forest,,,,,,,,,,,,,,,,,,,,,,,,,,,,,,,,,,,,,,,,,,,,,,,,,,,,,,,,,,,,,,,,,,,,,,,,,,,,,,,,,,,,,,,,,,,,,,,,,,,,,,,,,,,,,,,,,,,,,,,,,,,,,,,,,,,,,,,,,,,,,1.24,,,,3.0,1.2,11.0,,,,,,,,,,,,,,,,,,,,,,,,,,,,,,,,,,,,,,,,,,,,,,,,,,,,,,,,,,,,,,,,,,,,,,,,,,,,,,,,,,,,,,,,,,,,,2026-12-02 20:00:00,hull city,nott'm forest,2026-12-02,,,,,,,,,,,,,,,,,,,,,,,,,,,,,,,,
,2026-12-02 20:00:00,,Liverpool,Sunderland,,,,,,,,,,,,,,,,,,,,,,,,,,,,,,,,,,,,,,,,,,,,,,,,,,,,,,,,,,,,,,,,,,,,,,,,,,,,,,,,,,,,,,,,,,,,,,,,,,,,,,,,,,,,,,,,,,,,,,,,,,,,,,,,,,,,,,,,,,,,2.07201646090535,0.872791519434629,1.6,0.8,9.0,2.0,1.4,11.0,,,,,,,,,,,,,,,,,,,,,,,,,,,,,,,,,,,,,,,,,,,,,,,,,,,,,,,,,,,,,,,,,,,,,,,,,,,,,,,,,,,,,,,,,,,,,2026-12-02 20:00:00,liverpool,sunderland,2026-12-02,,,,,,,,,,,,,,,,,,,,,,,,,,,,,,,,
,2026-12-02 20:00:00,,Man City,Leeds,,,,,,,,,,,,,,,,,,,,,,,,,,,,,,,,,,,,,,,,,,,,,,,,,,,,,,,,,,,,,,,,,,,,,,,,,,,,,,,,,,,,,,,,,,,,,,,,,,,,,,,,,,,,,,,,,,,,,,,,,,,,,,,,,,,,,,,,,,,,2.190578158458244,1.2925170068027212,2.2,1.0,10.0,1.0,1.4,7.0,,,,,,,,,,,,,,,,,,,,,,,,,,,,,,,,,,,,,,,,,,,,,,,,,,,,,,,,,,,,,,,,,,,,,,,,,,,,,,,,,,,,,,,,,,,,,2026-12-02 20:00:00,man city,leeds,2026-12-02,,,,,,,,,,,,,,,,,,,,,,,,,,,,,,,,
,2026-12-02 20:00:00,,Newcastle,Man United,,,,,,,,,,,,,,,,,,,,,,,,,,,,,,,,,,,,,,,,,,,,,,,,,,,,,,,,,,,,,,,,,,,,,,,,,,,,,,,,,,,,,,,,,,,,,,,,,,,,,,,,,,,,,,,,,,,,,,,,,,,,,,,,,,,,,,,,,,,,1.5723830734966593,1.5925925925925926,2.0,1.4,9.0,1.4,0.8,9.0,,,,,,,,,,,,,,,,,,,,,,,,,,,,,,,,,,,,,,,,,,,,,,,,,,,,,,,,,,,,,,,,,,,,,,,,,,,,,,,,,,,,,,,,,,,,,2026-12-02 20:00:00,newcastle,man united,2026-12-02,,,,,,,,,,,,,,,,,,,,,,,,,,,,,,,,
,2026-12-02 20:00:00,,Tottenham,Fulham,,,,,,,,,,,,,,,,,,,,,,,,,,,,,,,,,,,,,,,,,,,,,,,,,,,,,,,,,,,,,,,,,,,,,,,,,,,,,,,,,,,,,,,,,,,,,,,,,,,,,,,,,,,,,,,,,,,,,,,,,,,,,,,,,,,,,,,,,,,,1.8012295081967213,0.9378531073446328,1.0,1.8,5.0,0.2,1.2,5.0,,,,,,,,,,,,,,,,,,,,,,,,,,,,,,,,,,,,,,,,,,,,,,,,,,,,,,,,,,,,,,,,,,,,,,,,,,,,,,,,,,,,,,,,,,,,,2026-12-02 20:00:00,tottenham,fulham,2026-12-02,,,,,,,,,,,,,,,,,,,,,,,,,,,,,,,,
,2026-12-05 15:00:00,,Aston Villa,Crystal Palace,,,,,,,,,,,,,,,,,,,,,,,,,,,,,,,,,,,,,,,,,,,,,,,,,,,,,,,,,,,,,,,,,,,,,,,,,,,,,,,,,,,,,,,,,,,,,,,,,,,,,,,,,,,,,,,,,,,,,,,,,,,,,,,,,,,,,,,,,,,,1.3837209302325582,1.1406844106463878,2.4,2.2,9.0,1.2,2.4,7.0,,,,,,,,,,,,,,,,,,,,,,,,,,,,,,,,,,,,,,,,,,,,,,,,,,,,,,,,,,,,,,,,,,,,,,,,,,,,,,,,,,,,,,,,,,,,,2026-12-05 15:00:00,aston villa,crystal palace,2026-12-05,,,,,,,,,,,,,,,,,,,,,,,,,,,,,,,,
,2026-12-05 15:00:00,,Bournemouth,Hull City,,,,,,,,,,,,,,,,,,,,,,,,,,,,,,,,,,,,,,,,,,,,,,,,,,,,,,,,,,,,,,,,,,,,,,,,,,,,,,,,,,,,,,,,,,,,,,,,,,,,,,,,,,,,,,,,,,,,,,,,,,,,,,,,,,,,,,,,,,,,1.3823529411764706,,1.6,1.0,7.0,,,,,,,,,,,,,,,,,,,,,,,,,,,,,,,,,,,,,,,,,,,,,,,,,,,,,,,,,,,,,,,,,,,,,,,,,,,,,,,,,,,,,,,,,,,,,,,,2026-12-05 15:00:00,bournemouth,hull city,2026-12-05,,,,,,,,,,,,,,,,,,,,,,,,,,,,,,,,
,2026-12-05 15:00:00,,Brentford,Man City,,,,,,,,,,,,,,,,,,,,,,,,,,,,,,,,,,,,,,,,,,,,,,,,,,,,,,,,,,,,,,,,,,,,,,,,,,,,,,,,,,,,,,,,,,,,,,,,,,,,,,,,,,,,,,,,,,,,,,,,,,,,,,,,,,,,,,,,,,,,1.6702127659574468,1.6346153846153846,1.8,1.2,7.0,1.8,1.0,9.0,,,,,,,,,,,,,,,,,,,,,,,,,,,,,,,,,,,,,,,,,,,,,,,,,,,,,,,,,,,,,,,,,,,,,,,,,,,,,,,,,,,,,,,,,,,,,2026-12-05 15:00:00,brentford,man city,2026-12-05,,,,,,,,,,,,,,,,,,,,,,,,,,,,,,,,
,2026-12-05 15:00:00,,Chelsea,Liverpool,,,,,,,,,,,,,,,,,,,,,,,,,,,,,,,,,,,,,,,,,,,,,,,,,,,,,,,,,,,,,,,,,,,,,,,,,,,,,,,,,,,,,,,,,,,,,,,,,,,,,,,,,,,,,,,,,,,,,,,,,,,,,,,,,,,,,,,,,,,,2.02258726899384,1.6462167689161553,0.6,1.8,3.0,1.6,2.4,7.0,,,,,,,,,,,,,,,,,,,,,,,,,,,,,,,,,,,,,,,,,,,,,,,,,,,,,,,,,,,,,,,,,,,,,,,,,,,,,,,,,,,,,,,,,,,,,2026-12-05 15:00:00,chelsea,liverpool,2026-12-05,,,,,,,,,,,,,,,,,,,,,,,,,,,,,,,,
,2026-12-05 15:00:00,,Everton,Fulham,,,,,,,,,,,,,,,,,,,,,,,,,,,,,,,,,,,,,,,,,,,,,,,,,,,,,,,,,,,,,,,,,,,,,,,,,,,,,,,,,,,,,,,,,,,,,,,,,,,,,,,,,,,,,,,,,,,,,,,,,,,,,,,,,,,,,,,,,,,,1.5061475409836065,0.9378531073446328,2.0,1.6,7.0,0.2,1.2,5.0,,,,,,,,,,,,,,,,,,,,,,,,,,,,,,,,,,,,,,,,,,,,,,,,,,,,,,,,,,,,,,,,,,,,,,,,,,,,,,,,,,,,,,,,,,,,,2026-12-05 15:00:00,everton,fulham,2026-12-05,,,,,,,,,,,,,,,,,,,,,,,,,,,,,,,,
,2026-12-05 15:00:00,,Leeds,Ipswich Town,,,,,,,,,,,,,,,,,,,,,,,,,,,,,,,,,,,,,,,,,,,,,,,,,,,,,,,,,,,,,,,,,,,,,,,,,,,,,,,,,,,,,,,,,,,,,,,,,,,,,,,,,,,,,,,,,,,,,,,,,,,,,,,,,,,,,,,,,,,,1.429530201342282,,1.4,0.4,10.0,,,,,,,,,,,,,,,,,,,,,,,,,,,,,,,,,,,,,,,,,,,,,,,,,,,,,,,,,,,,,,,,,,,,,,,,,,,,,,,,,,,,,,,,,,,,,,,,2026-12-05 15:00:00,leeds,ipswich town,2026-12-05,,,,,,,,,,,,,,,,,,,,,,,,,,,,,,,,
,2026-12-05 15:00:00,,Man United,Coventry City,,,,,,,,,,,,,,,,,,,,,,,,,,,,,,,,,,,,,,,,,,,,,,,,,,,,,,,,,,,,,,,,,,,,,,,,,,,,,,,,,,,,,,,,,,,,,,,,,,,,,,,,,,,,,,,,,,,,,,,,,,,,,,,,,,,,,,,,,,,,2.037037037037037,,2.4,1.6,12.0,,,,,,,,,,,,,,,,,,,,,,,,,,,,,,,,,,,,,,,,,,,,,,,,,,,,,,,,,,,,,,,,,,,,,,,,,,,,,,,,,,,,,,,,,,,,,,,,2026-12-05 15:00:00,man united,coventry city,2026-12-05,,,,,,,,,,,,,,,,,,,,,,,,,,,,,,,,
,2026-12-05 15:00:00,,Newcastle,Sunderland,,,,,,,,,,,,,,,,,,,,,,,,,,,,,,,,,,,,,,,,,,,,,,,,,,,,,,,,,,,,,,,,,,,,,,,,,,,,,,,,,,,,,,,,,,,,,,,,,,,,,,,,,,,,,,,,,,,,,,,,,,,,,,,,,,,,,,,,,,,,1.5723830734966593,0.872791519434629,2.0,1.4,9.0,2.0,1.4,11.0,,,,,,,,,,,,,,,,,,,,,,,,,,,,,,,,,,,,,,,,,,,,,,,,,,,,,,,,,,,,,,,,,,,,,,,,,,,,,,,,,,,,,,,,,,,,,2026-12-05 15:00:00,newcastle,sunderland,2026-12-05,,,,,,,,,,,,,,,,,,,,,,,,,,,,,,,,
,2026-12-05 15:00:00,,Nott'm Forest,Brighton,,,,,,,,,,,,,,,,,,,,,,,,,,,,,,,,,,,,,,,,,,,,,,,,,,,,,,,,,,,,,,,,,,,,,,,,,,,,,,,,,,,,,,,,,,,,,,,,,,,,,,,,,,,,,,,,,,,,,,,,,,,,,,,,,,,,,,,,,,,,1.32,1.2,1.4,0.8,7.0,1.2,1.2,9.0,,,,,,,,,,,,,,,,,,,,,,,,,,,,,,,,,,,,,,,,,,,,,,,,,,,,,,,,,,,,,,,,,,,,,,,,,,,,,,,,,,,,,,,,,,,,,2026-12-05 15:00:00,nott'm forest,brighton,2026-12-05,,,,,,,,,,,,,,,,,,,,,,,,,,,,,,,,
,2026-12-05 15:00:00,,Tottenham,Arsenal,,,,,,,,,,,,,,,,,,,,,,,,,,,,,,,,,,,,,,,,,,,,,,,,,,,,,,,,,,,,,,,,,,,,,,,,,,,,,,,,,,,,,,,,,,,,,,,,,,,,,,,,,,,,,,,,,,,,,,,,,,,,,,,,,,,,,,,,,,,,1.8012295081967213,1.653688524590164,1.0,1.8,5.0,1.8,0.8,13.0,,,,,,,,,,,,,,,,,,,,,,,,,,,,,,,,,,,,,,,,,,,,,,,,,,,,,,,,,,,,,,,,,,,,,,,,,,,,,,,,,,,,,,,,,,,,,2026-12-05 15:00:00,tottenham,arsenal,2026-12-05,,,,,,,,,,,,,,,,,,,,,,,,,,,,,,,,
,2026-12-12 15:00:00,,Arsenal,Bournemouth,,,,,,,,,,,,,,,,,,,,,,,,,,,,,,,,,,,,,,,,,,,,,,,,,,,,,,,,,,,,,,,,,,,,,,,,,,,,,,,,,,,,,,,,,,,,,,,,,,,,,,,,,,,,,,,,,,,,,,,,,,,,,,,,,,,,,,,,,,,,2.138144329896907,1.2529411764705882,1.6,0.4,12.0,1.2,0.6,11.0,,,,,,,,,,,,,,,,,,,,,,,,,,,,,,,,,,,,,,,,,,,,,,,,,,,,,,,,,,,,,,,,,,,,,,,,,,,,,,,,,,,,,,,,,,,,,2026-12-12 15:00:00,arsenal,bournemouth,2026-12-12,,,,,,,,,,,,,,,,,,,,,,,,,,,,,,,,
,2026-12-12 15:00:00,,Brighton,Everton,,,,,,,,,,,,,,,,,,,,,,,,,,,,,,,,,,,,,,,,,,,,,,,,,,,,,,,,,,,,,,,,,,,,,,,,,,,,,,,,,,,,,,,,,,,,,,,,,,,,,,,,,,,,,,,,,,,,,,,,,,,,,,,,,,,,,,,,,,,,1.3431952662721893,1.0534979423868314,1.6,1.0,9.0,1.0,1.8,5.0,,,,,,,,,,,,,,,,,,,,,,,,,,,,,,,,,,,,,,,,,,,,,,,,,,,,,,,,,,,,,,,,,,,,,,,,,,,,,,,,,,,,,,,,,,,,,2026-12-12 15:00:00,brighton,everton,2026-12-12,,,,,,,,,,,,,,,,,,,,,,,,,,,,,,,,
,2026-12-12 15:00:00,,Coventry City,Aston Villa,,,,,,,,,,,,,,,,,,,,,,,,,,,,,,,,,,,,,,,,,,,,,,,,,,,,,,,,,,,,,,,,,,,,,,,,,,,,,,,,,,,,,,,,,,,,,,,,,,,,,,,,,,,,,,,,,,,,,,,,,,,,,,,,,,,,,,,,,,,,,1.1511627906976745,,,,1.2,1.6,7.0,,,,,,,,,,,,,,,,,,,,,,,,,,,,,,,,,,,,,,,,,,,,,,,,,,,,,,,,,,,,,,,,,,,,,,,,,,,,,,,,,,,,,,,,,,,,,2026-12-12 15:00:00,coventry city,aston villa,2026-12-12,,,,,,,,,,,,,,,,,,,,,,,,,,,,,,,,
,2026-12-12 15:00:00,,Crystal Palace,Man United,,,,,,,,,,,,,,,,,,,,,,,,,,,,,,,,,,,,,,,,,,,,,,,,,,,,,,,,,,,,,,,,,,,,,,,,,,,,,,,,,,,,,,,,,,,,,,,,,,,,,,,,,,,,,,,,,,,,,,,,,,,,,,,,,,,,,,,,,,,,1.1877394636015326,1.5925925925925926,1.0,1.0,6.0,1.4,0.8,9.0,,,,,,,,,,,,,,,,,,,,,,,,,,,,,,,,,,,,,,,,,,,,,,,,,,,,,,,,,,,,,,,,,,,,,,,,,,,,,,,,,,,,,,,,,,,,,2026-12-12 15:00:00,crystal palace,man united,2026-12-12,,,,,,,,,,,,,,,,,,,,,,,,,,,,,,,,
,2026-12-12 15:00:00,,Fulham,Brentford,,,,,,,,,,,,,,,,,,,,,,,,,,,,,,,,,,,,,,,,,,,,,,,,,,,,,,,,,,,,,,,,,,,,,,,,,,,,,,,,,,,,,,,,,,,,,,,,,,,,,,,,,,,,,,,,,,,,,,,,,,,,,,,,,,,,,,,,,,,,1.3661971830985915,1.3191489361702127,1.2,0.6,9.0,0.4,1.2,5.0,,,,,,,,,,,,,,,,,,,,,,,,,,,,,,,,,,,,,,,,,,,,,,,,,,,,,,,,,,,,,,,,,,,,,,,,,,,,,,,,,,,,,,,,,,,,,2026-12-12 15:00:00,fulham,brentford,2026-12-12,,,,,,,,,,,,,,,,,,,,,,,,,,,,,,,,
,2026-12-12 15:00:00,,Hull City,Tottenham,,,,,,,,,,,,,,,,,,,,,,,,,,,,,,,,,,,,,,,,,,,,,,,,,,,,,,,,,,,,,,,,,,,,,,,,,,,,,,,,,,,,,,,,,,,,,,,,,,,,,,,,,,,,,,,,,,,,,,,,,,,,,,,,,,,,,,,,,,,,,1.403688524590164,,,,1.0,1.0,9.0,,,,,,,,,,,,,,,,,,,,,,,,,,,,,,,,,,,,,,,,,,,,,,,,,,,,,,,,,,,,,,,,,,,,,,,,,,,,,,,,,,,,,,,,,,,,,2026-12-12 15:00:00,hull city,tottenham,2026-12-12,,,,,,,,,,,,,,,,,,,,,,,,,,,,,,,,
,2026-12-12 15:00:00,,Ipswich Town,Newcastle,,,,,,,,,,,,,,,,,,,,,,,,,,,,,,,,,,,,,,,,,,,,,,,,,,,,,,,,,,,,,,,,,,,,,,,,,,,,,,,,,,,,,,,,,,,,,,,,,,,,,,,,,,,,,,,,,,,,,,,,,,,,,,,,,,,,,,,,,,,,,1.1046770601336302,,,,0.6,1.2,7.0,,,,,,,,,,,,,,,,,,,,,,,,,,,,,,,,,,,,,,,,,,,,,,,,,,,,,,,,,,,,,,,,,,,,,,,,,,,,,,,,,,,,,,,,,,,,,2026-12-12 15:00:00,ipswich town,newcastle,2026-12-12,,,,,,,,,,,,,,,,,,,,,,,,,,,,,,,,
,2026-12-12 15:00:00,,Liverpool,Leeds,,,,,,,,,,,,,,,,,,,,,,,,,,,,,,,,,,,,,,,,,,,,,,,,,,,,,,,,,,,,,,,,,,,,,,,,,,,,,,,,,,,,,,,,,,,,,,,,,,,,,,,,,,,,,,,,,,,,,,,,,,,,,,,,,,,,,,,,,,,,2.07201646090535,1.2925170068027212,1.6,0.8,9.0,1.0,1.4,7.0,,,,,,,,,,,,,,,,,,,,,,,,,,,,,,,,,,,,,,,,,,,,,,,,,,,,,,,,,,,,,,,,,,,,,,,,,,,,,,,,,,,,,,,,,,,,,2026-12-12 15:00:00,liverpool,leeds,2026-12-12,,,,,,,,,,,,,,,,,,,,,,,,,,,,,,,,
,2026-12-12 15:00:00,,Man City,Chelsea,,,,,,,,,,,,,,,,,,,,,,,,,,,,,,,,,,,,,,,,,,,,,,,,,,,,,,,,,,,,,,,,,,,,,,,,,,,,,,,,,,,,,,,,,,,,,,,,,,,,,,,,,,,,,,,,,,,,,,,,,,,,,,,,,,,,,,,,,,,,2.190578158458244,1.5781893004115226,2.2,1.0,10.0,1.2,2.0,7.0,,,,,,,,,,,,,,,,,,,,,,,,,,,,,,,,,,,,,,,,,,,,,,,,,,,,,,,,,,,,,,,,,,,,,,,,,,,,,,,,,,,,,,,,,,,,,2026-12-12 15:00:00,man city,chelsea,2026-12-12,,,,,,,,,,,,,,,,,,,,,,,,,,,,,,,,
,2026-12-12 15:00:00,,Sunderland,Nott'm Forest,,,,,,,,,,,,,,,,,,,,,,,,,,,,,,,,,,,,,,,,,,,,,,,,,,,,,,,,,,,,,,,,,,,,,,,,,,,,,,,,,,,,,,,,,,,,,,,,,,,,,,,,,,,,,,,,,,,,,,,,,,,,,,,,,,,,,,,,,,,,1.0985915492957747,1.24,0.6,1.4,7.0,3.0,1.2,11.0,,,,,,,,,,,,,,,,,,,,,,,,,,,,,,,,,,,,,,,,,,,,,,,,,,,,,,,,,,,,,,,,,,,,,,,,,,,,,,,,,,,,,,,,,,,,,2026-12-12 15:00:00,sunderland,nott'm forest,2026-12-12,,,,,,,,,,,,,,,,,,,,,,,,,,,,,,,,
,2026-12-19 15:00:00,,Arsenal,Man United,,,,,,,,,,,,,,,,,,,,,,,,,,,,,,,,,,,,,,,,,,,,,,,,,,,,,,,,,,,,,,,,,,,,,,,,,,,,,,,,,,,,,,,,,,,,,,,,,,,,,,,,,,,,,,,,,,,,,,,,,,,,,,,,,,,,,,,,,,,,2.138144329896907,1.5925925925925926,1.6,0.4,12.0,1.4,0.8,9.0,,,,,,,,,,,,,,,,,,,,,,,,,,,,,,,,,,,,,,,,,,,,,,,,,,,,,,,,,,,,,,,,,,,,,,,,,,,,,,,,,,,,,,,,,,,,,2026-12-19 15:00:00,arsenal,man united,2026-12-19,,,,,,,,,,,,,,,,,,,,,,,,,,,,,,,,
,2026-12-19 15:00:00,,Bournemouth,Coventry City,,,,,,,,,,,,,,,,,,,,,,,,,,,,,,,,,,,,,,,,,,,,,,,,,,,,,,,,,,,,,,,,,,,,,,,,,,,,,,,,,,,,,,,,,,,,,,,,,,,,,,,,,,,,,,,,,,,,,,,,,,,,,,,,,,,,,,,,,,,,1.3823529411764706,,1.6,1.0,7.0,,,,,,,,,,,,,,,,,,,,,,,,,,,,,,,,,,,,,,,,,,,,,,,,,,,,,,,,,,,,,,,,,,,,,,,,,,,,,,,,,,,,,,,,,,,,,,,,2026-12-19 15:00:00,bournemouth,coventry city,2026-12-19,,,,,,,,,,,,,,,,,,,,,,,,,,,,,,,,
,2026-12-19 15:00:00,,Brentford,Newcastle,,,,,,,,,,,,,,,,,,,,,,,,,,,,,,,,,,,,,,,,,,,,,,,,,,,,,,,,,,,,,,,,,,,,,,,,,,,,,,,,,,,,,,,,,,,,,,,,,,,,,,,,,,,,,,,,,,,,,,,,,,,,,,,,,,,,,,,,,,,,1.6702127659574468,1.1046770601336302,1.8,1.2,7.0,0.6,1.2,7.0,,,,,,,,,,,,,,,,,,,,,,,,,,,,,,,,,,,,,,,,,,,,,,,,,,,,,,,,,,,,,,,,,,,,,,,,,,,,,,,,,,,,,,,,,,,,,2026-12-19 15:00:00,brentford,newcastle,2026-12-19,,,,,,,,,,,,,,,,,,,,,,,,,,,,,,,,
,2026-12-19 15:00:00,,Brighton,Ipswich Town,,,,,,,,,,,,,,,,,,,,,,,,,,,,,,,,,,,,,,,,,,,,,,,,,,,,,,,,,,,,,,,,,,,,,,,,,,,,,,,,,,,,,,,,,,,,,,,,,,,,,,,,,,,,,,,,,,,,,,,,,,,,,,,,,,,,,,,,,,,,1.3431952662721893,,1.6,1.0,9.0,,,,,,,,,,,,,,,,,,,,,,,,,,,,,,,,,,,,,,,,,,,,,,,,,,,,,,,,,,,,,,,,,,,,,,,,,,,,,,,,,,,,,,,,,,,,,,,,2026-12-19 15:00:00,brighton,ipswich town,2026-12-19,,,,,,,,,,,,,,,,,,,,,,,,,,,,,,,,
,2026-12-19 15:00:00,,Chelsea,Aston Villa,,,,,,,,,,,,,,,,,,,,,,,,,,,,,,,,,,,,,,,,,,,,,,,,,,,,,,,,,,,,,,,,,,,,,,,,,,,,,,,,,,,,,,,,,,,,,,,,,,,,,,,,,,,,,,,,,,,,,,,,,,,,,,,,,,,,,,,,,,,,2.02258726899384,1.1511627906976745,0.6,1.8,3.0,1.2,1.6,7.0,,,,,,,,,,,,,,,,,,,,,,,,,,,,,,,,,,,,,,,,,,,,,,,,,,,,,,,,,,,,,,,,,,,,,,,,,,,,,,,,,,,,,,,,,,,,,2026-12-19 15:00:00,chelsea,aston villa,2026-12-19,,,,,,,,,,,,,,,,,,,,,,,,,,,,,,,,
,2026-12-19 15:00:00,,Leeds,Fulham,,,,,,,,,,,,,,,,,,,,,,,,,,,,,,,,,,,,,,,,,,,,,,,,,,,,,,,,,,,,,,,,,,,,,,,,,,,,,,,,,,,,,,,,,,,,,,,,,,,,,,,,,,,,,,,,,,,,,,,,,,,,,,,,,,,,,,,,,,,,1.429530201342282,0.9378531073446328,1.4,0.4,10.0,0.2,1.2,5.0,,,,,,,,,,,,,,,,,,,,,,,,,,,,,,,,,,,,,,,,,,,,,,,,,,,,,,,,,,,,,,,,,,,,,,,,,,,,,,,,,,,,,,,,,,,,,2026-12-19 15:00:00,leeds,fulham,2026-12-19,,,,,,,,,,,,,,,,,,,,,,,,,,,,,,,,
,2026-12-19 15:00:00,,Liverpool,Tottenham,,,,,,,,,,,,,,,,,,,,,,,,,,,,,,,,,,,,,,,,,,,,,,,,,,,,,,,,,,,,,,,,,,,,,,,,,,,,,,,,,,,,,,,,,,,,,,,,,,,,,,,,,,,,,,,,,,,,,,,,,,,,,,,,,,,,,,,,,,,,2.07201646090535,1.403688524590164,1.6,0.8,9.0,1.0,1.0,9.0,,,,,,,,,,,,,,,,,,,,,,,,,,,,,,,,,,,,,,,,,,,,,,,,,,,,,,,,,,,,,,,,,,,,,,,,,,,,,,,,,,,,,,,,,,,,,2026-12-19 15:00:00,liverpool,tottenham,2026-12-19,,,,,,,,,,,,,,,,,,,,,,,,,,,,,,,,
,2026-12-19 15:00:00,,Man City,Hull City,,,,,,,,,,,,,,,,,,,,,,,,,,,,,,,,,,,,,,,,,,,,,,,,,,,,,,,,,,,,,,,,,,,,,,,,,,,,,,,,,,,,,,,,,,,,,,,,,,,,,,,,,,,,,,,,,,,,,,,,,,,,,,,,,,,,,,,,,,,,2.190578158458244,,2.2,1.0,10.0,,,,,,,,,,,,,,,,,,,,,,,,,,,,,,,,,,,,,,,,,,,,,,,,,,,,,,,,,,,,,,,,,,,,,,,,,,,,,,,,,,,,,,,,,,,,,,,,2026-12-19 15:00:00,man city,hull city,2026-12-19,,,,,,,,,,,,,,,,,,,,,,,,,,,,,,,,
,2026-12-19 15:00:00,,Nott'm Forest,Everton,,,,,,,,,,,,,,,,,,,,,,,,,,,,,,,,,,,,,,,,,,,,,,,,,,,,,,,,,,,,,,,,,,,,,,,,,,,,,,,,,,,,,,,,,,,,,,,,,,,,,,,,,,,,,,,,,,,,,,,,,,,,,,,,,,,,,,,,,,,,1.32,1.0534979423868314,1.4,0.8,7.0,1.0,1.8,5.0,,,,,,,,,,,,,,,,,,,,,,,,,,,,,,,,,,,,,,,,,,,,,,,,,,,,,,,,,,,,,,,,,,,,,,,,,,,,,,,,,,,,,,,,,,,,,2026-12-19 15:00:00,nott'm forest,everton,2026-12-19,,,,,,,,,,,,,,,,,,,,,,,,,,,,,,,,
,2026-12-19 15:00:00,,Sunderland,Crystal Palace,,,,,,,,,,,,,,,,,,,,,,,,,,,,,,,,,,,,,,,,,,,,,,,,,,,,,,,,,,,,,,,,,,,,,,,,,,,,,,,,,,,,,,,,,,,,,,,,,,,,,,,,,,,,,,,,,,,,,,,,,,,,,,,,,,,,,,,,,,,,1.0985915492957747,1.1406844106463878,0.6,1.4,7.0,1.2,2.4,7.0,,,,,,,,,,,,,,,,,,,,,,,,,,,,,,,,,,,,,,,,,,,,,,,,,,,,,,,,,,,,,,,,,,,,,,,,,,,,,,,,,,,,,,,,,,,,,2026-12-19 15:00:00,sunderland,crystal palace,2026-12-19,,,,,,,,,,,,,,,,,,,,,,,,,,,,,,,,
,2026-12-26 15:00:00,,Aston Villa,Leeds,,,,,,,,,,,,,,,,,,,,,,,,,,,,,,,,,,,,,,,,,,,,,,,,,,,,,,,,,,,,,,,,,,,,,,,,,,,,,,,,,,,,,,,,,,,,,,,,,,,,,,,,,,,,,,,,,,,,,,,,,,,,,,,,,,,,,,,,,,,,1.3837209302325582,1.2925170068027212,2.4,2.2,9.0,1.0,1.4,7.0,,,,,,,,,,,,,,,,,,,,,,,,,,,,,,,,,,,,,,,,,,,,,,,,,,,,,,,,,,,,,,,,,,,,,,,,,,,,,,,,,,,,,,,,,,,,,2026-12-26 15:00:00,aston villa,leeds,2026-12-26,,,,,,,,,,,,,,,,,,,,,,,,,,,,,,,,
,2026-12-26 15:00:00,,Coventry City,Chelsea,,,,,,,,,,,,,,,,,,,,,,,,,,,,,,,,,,,,,,,,,,,,,,,,,,,,,,,,,,,,,,,,,,,,,,,,,,,,,,,,,,,,,,,,,,,,,,,,,,,,,,,,,,,,,,,,,,,,,,,,,,,,,,,,,,,,,,,,,,,,,1.5781893004115226,,,,1.2,2.0,7.0,,,,,,,,,,,,,,,,,,,,,,,,,,,,,,,,,,,,,,,,,,,,,,,,,,,,,,,,,,,,,,,,,,,,,,,,,,,,,,,,,,,,,,,,,,,,,2026-12-26 15:00:00,coventry city,chelsea,2026-12-26,,,,,,,,,,,,,,,,,,,,,,,,,,,,,,,,
,2026-12-26 15:00:00,,Crystal Palace,Arsenal,,,,,,,,,,,,,,,,,,,,,,,,,,,,,,,,,,,,,,,,,,,,,,,,,,,,,,,,,,,,,,,,,,,,,,,,,,,,,,,,,,,,,,,,,,,,,,,,,,,,,,,,,,,,,,,,,,,,,,,,,,,,,,,,,,,,,,,,,,,,1.1877394636015326,1.653688524590164,1.0,1.0,6.0,1.8,0.8,13.0,,,,,,,,,,,,,,,,,,,,,,,,,,,,,,,,,,,,,,,,,,,,,,,,,,,,,,,,,,,,,,,,,,,,,,,,,,,,,,,,,,,,,,,,,,,,,2026-12-26 15:00:00,crystal palace,arsenal,2026-12-26,,,,,,,,,,,,,,,,,,,,,,,,,,,,,,,,
,2026-12-26 15:00:00,,Everton,Sunderland,,,,,,,,,,,,,,,,,,,,,,,,,,,,,,,,,,,,,,,,,,,,,,,,,,,,,,,,,,,,,,,,,,,,,,,,,,,,,,,,,,,,,,,,,,,,,,,,,,,,,,,,,,,,,,,,,,,,,,,,,,,,,,,,,,,,,,,,,,,,1.5061475409836065,0.872791519434629,2.0,1.6,7.0,2.0,1.4,11.0,,,,,,,,,,,,,,,,,,,,,,,,,,,,,,,,,,,,,,,,,,,,,,,,,,,,,,,,,,,,,,,,,,,,,,,,,,,,,,,,,,,,,,,,,,,,,2026-12-26 15:00:00,everton,sunderland,2026-12-26,,,,,,,,,,,,,,,,,,,,,,,,,,,,,,,,
,2026-12-26 15:00:00,,Fulham,Brighton,,,,,,,,,,,,,,,,,,,,,,,,,,,,,,,,,,,,,,,,,,,,,,,,,,,,,,,,,,,,,,,,,,,,,,,,,,,,,,,,,,,,,,,,,,,,,,,,,,,,,,,,,,,,,,,,,,,,,,,,,,,,,,,,,,,,,,,,,,,,1.3661971830985915,1.2,1.2,0.6,9.0,1.2,1.2,9.0,,,,,,,,,,,,,,,,,,,,,,,,,,,,,,,,,,,,,,,,,,,,,,,,,,,,,,,,,,,,,,,,,,,,,,,,,,,,,,,,,,,,,,,,,,,,,2026-12-26 15:00:00,fulham,brighton,2026-12-26,,,,,,,,,,,,,,,,,,,,,,,,,,,,,,,,
,2026-12-26 15:00:00,,Hull City,Liverpool,,,,,,,,,,,,,,,,,,,,,,,,,,,,,,,,,,,,,,,,,,,,,,,,,,,,,,,,,,,,,,,,,,,,,,,,,,,,,,,,,,,,,,,,,,,,,,,,,,,,,,,,,,,,,,,,,,,,,,,,,,,,,,,,,,,,,,,,,,,,,1.6462167689161553,,,,1.6,2.4,7.0,,,,,,,,,,,,,,,,,,,,,,,,,,,,,,,,,,,,,,,,,,,,,,,,,,,,,,,,,,,,,,,,,,,,,,,,,,,,,,,,,,,,,,,,,,,,,2026-12-26 15:00:00,hull city,liverpool,2026-12-26,,,,,,,,,,,,,,,,,,,,,,,,,,,,,,,,
,2026-12-26 15:00:00,,Ipswich Town,Brentford,,,,,,,,,,,,,,,,,,,,,,,,,,,,,,,,,,,,,,,,,,,,,,,,,,,,,,,,,,,,,,,,,,,,,,,,,,,,,,,,,,,,,,,,,,,,,,,,,,,,,,,,,,,,,,,,,,,,,,,,,,,,,,,,,,,,,,,,,,,,,1.3191489361702127,,,,0.4,1.2,5.0,,,,,,,,,,,,,,,,,,,,,,,,,,,,,,,,,,,,,,,,,,,,,,,,,,,,,,,,,,,,,,,,,,,,,,,,,,,,,,,,,,,,,,,,,,,,,2026-12-26 15:00:00,ipswich town,brentford,2026-12-26,,,,,,,,,,,,,,,,,,,,,,,,,,,,,,,,
,2026-12-26 15:00:00,,Man United,Nott'm Forest,,,,,,,,,,,,,,,,,,,,,,,,,,,,,,,,,,,,,,,,,,,,,,,,,,,,,,,,,,,,,,,,,,,,,,,,,,,,,,,,,,,,,,,,,,,,,,,,,,,,,,,,,,,,,,,,,,,,,,,,,,,,,,,,,,,,,,,,,,,,2.037037037037037,1.24,2.4,1.6,12.0,3.0,1.2,11.0,,,,,,,,,,,,,,,,,,,,,,,,,,,,,,,,,,,,,,,,,,,,,,,,,,,,,,,,,,,,,,,,,,,,,,,,,,,,,,,,,,,,,,,,,,,,,2026-12-26 15:00:00,man united,nott'm forest,2026-12-26,,,,,,,,,,,,,,,,,,,,,,,,,,,,,,,,
,2026-12-26 15:00:00,,Newcastle,Man City,,,,,,,,,,,,,,,,,,,,,,,,,,,,,,,,,,,,,,,,,,,,,,,,,,,,,,,,,,,,,,,,,,,,,,,,,,,,,,,,,,,,,,,,,,,,,,,,,,,,,,,,,,,,,,,,,,,,,,,,,,,,,,,,,,,,,,,,,,,,1.5723830734966593,1.6346153846153846,2.0,1.4,9.0,1.8,1.0,9.0,,,,,,,,,,,,,,,,,,,,,,,,,,,,,,,,,,,,,,,,,,,,,,,,,,,,,,,,,,,,,,,,,,,,,,,,,,,,,,,,,,,,,,,,,,,,,2026-12-26 15:00:00,newcastle,man city,2026-12-26,,,,,,,,,,,,,,,,,,,,,,,,,,,,,,,,
,2026-12-26 15:00:00,,Tottenham,Bournemouth,,,,,,,,,,,,,,,,,,,,,,,,,,,,,,,,,,,,,,,,,,,,,,,,,,,,,,,,,,,,,,,,,,,,,,,,,,,,,,,,,,,,,,,,,,,,,,,,,,,,,,,,,,,,,,,,,,,,,,,,,,,,,,,,,,,,,,,,,,,,1.8012295081967213,1.2529411764705882,1.0,1.8,5.0,1.2,0.6,11.0,,,,,,,,,,,,,,,,,,,,,,,,,,,,,,,,,,,,,,,,,,,,,,,,,,,,,,,,,,,,,,,,,,,,,,,,,,,,,,,,,,,,,,,,,,,,,2026-12-26 15:00:00,tottenham,bournemouth,2026-12-26,,,,,,,,,,,,,,,,,,,,,,,,,,,,,,,,
,2026-12-30 20:00:00,,Aston Villa,Liverpool,,,,,,,,,,,,,,,,,,,,,,,,,,,,,,,,,,,,,,,,,,,,,,,,,,,,,,,,,,,,,,,,,,,,,,,,,,,,,,,,,,,,,,,,,,,,,,,,,,,,,,,,,,,,,,,,,,,,,,,,,,,,,,,,,,,,,,,,,,,,1.3837209302325582,1.6462167689161553,2.4,2.2,9.0,1.6,2.4,7.0,,,,,,,,,,,,,,,,,,,,,,,,,,,,,,,,,,,,,,,,,,,,,,,,,,,,,,,,,,,,,,,,,,,,,,,,,,,,,,,,,,,,,,,,,,,,,2026-12-30 20:00:00,aston villa,liverpool,2026-12-30,,,,,,,,,,,,,,,,,,,,,,,,,,,,,,,,
,2026-12-30 20:00:00,,Coventry City,Brentford,,,,,,,,,,,,,,,,,,,,,,,,,,,,,,,,,,,,,,,,,,,,,,,,,,,,,,,,,,,,,,,,,,,,,,,,,,,,,,,,,,,,,,,,,,,,,,,,,,,,,,,,,,,,,,,,,,,,,,,,,,,,,,,,,,,,,,,,,,,,,1.3191489361702127,,,,0.4,1.2,5.0,,,,,,,,,,,,,,,,,,,,,,,,,,,,,,,,,,,,,,,,,,,,,,,,,,,,,,,,,,,,,,,,,,,,,,,,,,,,,,,,,,,,,,,,,,,,,2026-12-30 20:00:00,coventry city,brentford,2026-12-30,,,,,,,,,,,,,,,,,,,,,,,,,,,,,,,,
,2026-12-30 20:00:00,,Crystal Palace,Bournemouth,,,,,,,,,,,,,,,,,,,,,,,,,,,,,,,,,,,,,,,,,,,,,,,,,,,,,,,,,,,,,,,,,,,,,,,,,,,,,,,,,,,,,,,,,,,,,,,,,,,,,,,,,,,,,,,,,,,,,,,,,,,,,,,,,,,,,,,,,,,,1.1877394636015326,1.2529411764705882,1.0,1.0,6.0,1.2,0.6,11.0,,,,,,,,,,,,,,,,,,,,,,,,,,,,,,,,,,,,,,,,,,,,,,,,,,,,,,,,,,,,,,,,,,,,,,,,,,,,,,,,,,,,,,,,,,,,,2026-12-30 20:00:00,crystal palace,bournemouth,2026-12-30,,,,,,,,,,,,,,,,,,,,,,,,,,,,,,,,
,2026-12-30 20:00:00,,Everton,Man City,,,,,,,,,,,,,,,,,,,,,,,,,,,,,,,,,,,,,,,,,,,,,,,,,,,,,,,,,,,,,,,,,,,,,,,,,,,,,,,,,,,,,,,,,,,,,,,,,,,,,,,,,,,,,,,,,,,,,,,,,,,,,,,,,,,,,,,,,,,,1.5061475409836065,1.6346153846153846,2.0,1.6,7.0,1.8,1.0,9.0,,,,,,,,,,,,,,,,,,,,,,,,,,,,,,,,,,,,,,,,,,,,,,,,,,,,,,,,,,,,,,,,,,,,,,,,,,,,,,,,,,,,,,,,,,,,,2026-12-30 20:00:00,everton,man city,2026-12-30,,,,,,,,,,,,,,,,,,,,,,,,,,,,,,,,
,2026-12-30 20:00:00,,Fulham,Arsenal,,,,,,,,,,,,,,,,,,,,,,,,,,,,,,,,,,,,,,,,,,,,,,,,,,,,,,,,,,,,,,,,,,,,,,,,,,,,,,,,,,,,,,,,,,,,,,,,,,,,,,,,,,,,,,,,,,,,,,,,,,,,,,,,,,,,,,,,,,,,1.3661971830985915,1.653688524590164,1.2,0.6,9.0,1.8,0.8,13.0,,,,,,,,,,,,,,,,,,,,,,,,,,,,,,,,,,,,,,,,,,,,,,,,,,,,,,,,,,,,,,,,,,,,,,,,,,,,,,,,,,,,,,,,,,,,,2026-12-30 20:00:00,fulham,arsenal,2026-12-30,,,,,,,,,,,,,,,,,,,,,,,,,,,,,,,,
,2026-12-30 20:00:00,,Hull City,Leeds,,,,,,,,,,,,,,,,,,,,,,,,,,,,,,,,,,,,,,,,,,,,,,,,,,,,,,,,,,,,,,,,,,,,,,,,,,,,,,,,,,,,,,,,,,,,,,,,,,,,,,,,,,,,,,,,,,,,,,,,,,,,,,,,,,,,,,,,,,,,,1.2925170068027212,,,,1.0,1.4,7.0,,,,,,,,,,,,,,,,,,,,,,,,,,,,,,,,,,,,,,,,,,,,,,,,,,,,,,,,,,,,,,,,,,,,,,,,,,,,,,,,,,,,,,,,,,,,,2026-12-30 20:00:00,hull city,leeds,2026-12-30,,,,,,,,,,,,,,,,,,,,,,,,,,,,,,,,
,2026-12-30 20:00:00,,Ipswich Town,Chelsea,,,,,,,,,,,,,,,,,,,,,,,,,,,,,,,,,,,,,,,,,,,,,,,,,,,,,,,,,,,,,,,,,,,,,,,,,,,,,,,,,,,,,,,,,,,,,,,,,,,,,,,,,,,,,,,,,,,,,,,,,,,,,,,,,,,,,,,,,,,,,1.5781893004115226,,,,1.2,2.0,7.0,,,,,,,,,,,,,,,,,,,,,,,,,,,,,,,,,,,,,,,,,,,,,,,,,,,,,,,,,,,,,,,,,,,,,,,,,,,,,,,,,,,,,,,,,,,,,2026-12-30 20:00:00,ipswich town,chelsea,2026-12-30,,,,,,,,,,,,,,,,,,,,,,,,,,,,,,,,
,2026-12-30 20:00:00,,Man United,Sunderland,,,,,,,,,,,,,,,,,,,,,,,,,,,,,,,,,,,,,,,,,,,,,,,,,,,,,,,,,,,,,,,,,,,,,,,,,,,,,,,,,,,,,,,,,,,,,,,,,,,,,,,,,,,,,,,,,,,,,,,,,,,,,,,,,,,,,,,,,,,,2.037037037037037,0.872791519434629,2.4,1.6,12.0,2.0,1.4,11.0,,,,,,,,,,,,,,,,,,,,,,,,,,,,,,,,,,,,,,,,,,,,,,,,,,,,,,,,,,,,,,,,,,,,,,,,,,,,,,,,,,,,,,,,,,,,,2026-12-30 20:00:00,man united,sunderland,2026-12-30,,,,,,,,,,,,,,,,,,,,,,,,,,,,,,,,
,2026-12-30 20:00:00,,Newcastle,Nott'm Forest,,,,,,,,,,,,,,,,,,,,,,,,,,,,,,,,,,,,,,,,,,,,,,,,,,,,,,,,,,,,,,,,,,,,,,,,,,,,,,,,,,,,,,,,,,,,,,,,,,,,,,,,,,,,,,,,,,,,,,,,,,,,,,,,,,,,,,,,,,,,1.5723830734966593,1.24,2.0,1.4,9.0,3.0,1.2,11.0,,,,,,,,,,,,,,,,,,,,,,,,,,,,,,,,,,,,,,,,,,,,,,,,,,,,,,,,,,,,,,,,,,,,,,,,,,,,,,,,,,,,,,,,,,,,,2026-12-30 20:00:00,newcastle,nott'm forest,2026-12-30,,,,,,,,,,,,,,,,,,,,,,,,,,,,,,,,
,2026-12-30 20:00:00,,Tottenham,Brighton,,,,,,,,,,,,,,,,,,,,,,,,,,,,,,,,,,,,,,,,,,,,,,,,,,,,,,,,,,,,,,,,,,,,,,,,,,,,,,,,,,,,,,,,,,,,,,,,,,,,,,,,,,,,,,,,,,,,,,,,,,,,,,,,,,,,,,,,,,,,1.8012295081967213,1.2,1.0,1.8,5.0,1.2,1.2,9.0,,,,,,,,,,,,,,,,,,,,,,,,,,,,,,,,,,,,,,,,,,,,,,,,,,,,,,,,,,,,,,,,,,,,,,,,,,,,,,,,,,,,,,,,,,,,,2026-12-30 20:00:00,tottenham,brighton,2026-12-30,,,,,,,,,,,,,,,,,,,,,,,,,,,,,,,,
,2027-01-02 15:00:00,,Arsenal,Ipswich Town,,,,,,,,,,,,,,,,,,,,,,,,,,,,,,,,,,,,,,,,,,,,,,,,,,,,,,,,,,,,,,,,,,,,,,,,,,,,,,,,,,,,,,,,,,,,,,,,,,,,,,,,,,,,,,,,,,,,,,,,,,,,,,,,,,,,,,,,,,,,2.138144329896907,,1.6,0.4,12.0,,,,,,,,,,,,,,,,,,,,,,,,,,,,,,,,,,,,,,,,,,,,,,,,,,,,,,,,,,,,,,,,,,,,,,,,,,,,,,,,,,,,,,,,,,,,,,,,2027-01-02 15:00:00,arsenal,ipswich town,2027-01-02,,,,,,,,,,,,,,,,,,,,,,,,,,,,,,,,
,2027-01-02 15:00:00,,Bournemouth,Aston Villa,,,,,,,,,,,,,,,,,,,,,,,,,,,,,,,,,,,,,,,,,,,,,,,,,,,,,,,,,,,,,,,,,,,,,,,,,,,,,,,,,,,,,,,,,,,,,,,,,,,,,,,,,,,,,,,,,,,,,,,,,,,,,,,,,,,,,,,,,,,,1.3823529411764706,1.1511627906976745,1.6,1.0,7.0,1.2,1.6,7.0,,,,,,,,,,,,,,,,,,,,,,,,,,,,,,,,,,,,,,,,,,,,,,,,,,,,,,,,,,,,,,,,,,,,,,,,,,,,,,,,,,,,,,,,,,,,,2027-01-02 15:00:00,bournemouth,aston villa,2027-01-02,,,,,,,,,,,,,,,,,,,,,,,,,,,,,,,,
,2027-01-02 15:00:00,,Brentford,Crystal Palace,,,,,,,,,,,,,,,,,,,,,,,,,,,,,,,,,,,,,,,,,,,,,,,,,,,,,,,,,,,,,,,,,,,,,,,,,,,,,,,,,,,,,,,,,,,,,,,,,,,,,,,,,,,,,,,,,,,,,,,,,,,,,,,,,,,,,,,,,,,,1.6702127659574468,1.1406844106463878,1.8,1.2,7.0,1.2,2.4,7.0,,,,,,,,,,,,,,,,,,,,,,,,,,,,,,,,,,,,,,,,,,,,,,,,,,,,,,,,,,,,,,,,,,,,,,,,,,,,,,,,,,,,,,,,,,,,,2027-01-02 15:00:00,brentford,crystal palace,2027-01-02,,,,,,,,,,,,,,,,,,,,,,,,,,,,,,,,
,2027-01-02 15:00:00,,Brighton,Man United,,,,,,,,,,,,,,,,,,,,,,,,,,,,,,,,,,,,,,,,,,,,,,,,,,,,,,,,,,,,,,,,,,,,,,,,,,,,,,,,,,,,,,,,,,,,,,,,,,,,,,,,,,,,,,,,,,,,,,,,,,,,,,,,,,,,,,,,,,,,1.3431952662721893,1.5925925925925926,1.6,1.0,9.0,1.4,0.8,9.0,,,,,,,,,,,,,,,,,,,,,,,,,,,,,,,,,,,,,,,,,,,,,,,,,,,,,,,,,,,,,,,,,,,,,,,,,,,,,,,,,,,,,,,,,,,,,2027-01-02 15:00:00,brighton,man united,2027-01-02,,,,,,,,,,,,,,,,,,,,,,,,,,,,,,,,
,2027-01-02 15:00:00,,Chelsea,Newcastle,,,,,,,,,,,,,,,,,,,,,,,,,,,,,,,,,,,,,,,,,,,,,,,,,,,,,,,,,,,,,,,,,,,,,,,,,,,,,,,,,,,,,,,,,,,,,,,,,,,,,,,,,,,,,,,,,,,,,,,,,,,,,,,,,,,,,,,,,,,,2.02258726899384,1.1046770601336302,0.6,1.8,3.0,0.6,1.2,7.0,,,,,,,,,,,,,,,,,,,,,,,,,,,,,,,,,,,,,,,,,,,,,,,,,,,,,,,,,,,,,,,,,,,,,,,,,,,,,,,,,,,,,,,,,,,,,2027-01-02 15:00:00,chelsea,newcastle,2027-01-02,,,,,,,,,,,,,,,,,,,,,,,,,,,,,,,,
,2027-01-02 15:00:00,,Leeds,Everton,,,,,,,,,,,,,,,,,,,,,,,,,,,,,,,,,,,,,,,,,,,,,,,,,,,,,,,,,,,,,,,,,,,,,,,,,,,,,,,,,,,,,,,,,,,,,,,,,,,,,,,,,,,,,,,,,,,,,,,,,,,,,,,,,,,,,,,,,,,,1.429530201342282,1.0534979423868314,1.4,0.4,10.0,1.0,1.8,5.0,,,,,,,,,,,,,,,,,,,,,,,,,,,,,,,,,,,,,,,,,,,,,,,,,,,,,,,,,,,,,,,,,,,,,,,,,,,,,,,,,,,,,,,,,,,,,2027-01-02 15:00:00,leeds,everton,2027-01-02,,,,,,,,,,,,,,,,,,,,,,,,,,,,,,,,
,2027-01-02 15:00:00,,Liverpool,Coventry City,,,,,,,,,,,,,,,,,,,,,,,,,,,,,,,,,,,,,,,,,,,,,,,,,,,,,,,,,,,,,,,,,,,,,,,,,,,,,,,,,,,,,,,,,,,,,,,,,,,,,,,,,,,,,,,,,,,,,,,,,,,,,,,,,,,,,,,,,,,,2.07201646090535,,1.6,0.8,9.0,,,,,,,,,,,,,,,,,,,,,,,,,,,,,,,,,,,,,,,,,,,,,,,,,,,,,,,,,,,,,,,,,,,,,,,,,,,,,,,,,,,,,,,,,,,,,,,,2027-01-02 15:00:00,liverpool,coventry city,2027-01-02,,,,,,,,,,,,,,,,,,,,,,,,,,,,,,,,
,2027-01-02 15:00:00,,Man City,Tottenham,,,,,,,,,,,,,,,,,,,,,,,,,,,,,,,,,,,,,,,,,,,,,,,,,,,,,,,,,,,,,,,,,,,,,,,,,,,,,,,,,,,,,,,,,,,,,,,,,,,,,,,,,,,,,,,,,,,,,,,,,,,,,,,,,,,,,,,,,,,,2.190578158458244,1.403688524590164,2.2,1.0,10.0,1.0,1.0,9.0,,,,,,,,,,,,,,,,,,,,,,,,,,,,,,,,,,,,,,,,,,,,,,,,,,,,,,,,,,,,,,,,,,,,,,,,,,,,,,,,,,,,,,,,,,,,,2027-01-02 15:00:00,man city,tottenham,2027-01-02,,,,,,,,,,,,,,,,,,,,,,,,,,,,,,,,
,2027-01-02 15:00:00,,Nott'm Forest,Fulham,,,,,,,,,,,,,,,,,,,,,,,,,,,,,,,,,,,,,,,,,,,,,,,,,,,,,,,,,,,,,,,,,,,,,,,,,,,,,,,,,,,,,,,,,,,,,,,,,,,,,,,,,,,,,,,,,,,,,,,,,,,,,,,,,,,,,,,,,,,,1.32,0.9378531073446328,1.4,0.8,7.0,0.2,1.2,5.0,,,,,,,,,,,,,,,,,,,,,,,,,,,,,,,,,,,,,,,,,,,,,,,,,,,,,,,,,,,,,,,,,,,,,,,,,,,,,,,,,,,,,,,,,,,,,2027-01-02 15:00:00,nott'm forest,fulham,2027-01-02,,,,,,,,,,,,,,,,,,,,,,,,,,,,,,,,
,2027-01-02 15:00:00,,Sunderland,Hull City,,,,,,,,,,,,,,,,,,,,,,,,,,,,,,,,,,,,,,,,,,,,,,,,,,,,,,,,,,,,,,,,,,,,,,,,,,,,,,,,,,,,,,,,,,,,,,,,,,,,,,,,,,,,,,,,,,,,,,,,,,,,,,,,,,,,,,,,,,,,1.0985915492957747,,0.6,1.4,7.0,,,,,,,,,,,,,,,,,,,,,,,,,,,,,,,,,,,,,,,,,,,,,,,,,,,,,,,,,,,,,,,,,,,,,,,,,,,,,,,,,,,,,,,,,,,,,,,,2027-01-02 15:00:00,sunderland,hull city,2027-01-02,,,,,,,,,,,,,,,,,,,,,,,,,,,,,,,,
,2027-01-06 20:00:00,,Arsenal,Brentford,,,,,,,,,,,,,,,,,,,,,,,,,,,,,,,,,,,,,,,,,,,,,,,,,,,,,,,,,,,,,,,,,,,,,,,,,,,,,,,,,,,,,,,,,,,,,,,,,,,,,,,,,,,,,,,,,,,,,,,,,,,,,,,,,,,,,,,,,,,,2.138144329896907,1.3191489361702127,1.6,0.4,12.0,0.4,1.2,5.0,,,,,,,,,,,,,,,,,,,,,,,,,,,,,,,,,,,,,,,,,,,,,,,,,,,,,,,,,,,,,,,,,,,,,,,,,,,,,,,,,,,,,,,,,,,,,2027-01-06 20:00:00,arsenal,brentford,2027-01-06,,,,,,,,,,,,,,,,,,,,,,,,,,,,,,,,
,2027-01-06 20:00:00,,Brighton,Bournemouth,,,,,,,,,,,,,,,,,,,,,,,,,,,,,,,,,,,,,,,,,,,,,,,,,,,,,,,,,,,,,,,,,,,,,,,,,,,,,,,,,,,,,,,,,,,,,,,,,,,,,,,,,,,,,,,,,,,,,,,,,,,,,,,,,,,,,,,,,,,,1.3431952662721893,1.2529411764705882,1.6,1.0,9.0,1.2,0.6,11.0,,,,,,,,,,,,,,,,,,,,,,,,,,,,,,,,,,,,,,,,,,,,,,,,,,,,,,,,,,,,,,,,,,,,,,,,,,,,,,,,,,,,,,,,,,,,,2027-01-06 20:00:00,brighton,bournemouth,2027-01-06,,,,,,,,,,,,,,,,,,,,,,,,,,,,,,,,
,2027-01-06 20:00:00,,Crystal Palace,Chelsea,,,,,,,,,,,,,,,,,,,,,,,,,,,,,,,,,,,,,,,,,,,,,,,,,,,,,,,,,,,,,,,,,,,,,,,,,,,,,,,,,,,,,,,,,,,,,,,,,,,,,,,,,,,,,,,,,,,,,,,,,,,,,,,,,,,,,,,,,,,,1.1877394636015326,1.5781893004115226,1.0,1.0,6.0,1.2,2.0,7.0,,,,,,,,,,,,,,,,,,,,,,,,,,,,,,,,,,,,,,,,,,,,,,,,,,,,,,,,,,,,,,,,,,,,,,,,,,,,,,,,,,,,,,,,,,,,,2027-01-06 20:00:00,crystal palace,chelsea,2027-01-06,,,,,,,,,,,,,,,,,,,,,,,,,,,,,,,,
,2027-01-06 20:00:00,,Everton,Aston Villa,,,,,,,,,,,,,,,,,,,,,,,,,,,,,,,,,,,,,,,,,,,,,,,,,,,,,,,,,,,,,,,,,,,,,,,,,,,,,,,,,,,,,,,,,,,,,,,,,,,,,,,,,,,,,,,,,,,,,,,,,,,,,,,,,,,,,,,,,,,,1.5061475409836065,1.1511627906976745,2.0,1.6,7.0,1.2,1.6,7.0,,,,,,,,,,,,,,,,,,,,,,,,,,,,,,,,,,,,,,,,,,,,,,,,,,,,,,,,,,,,,,,,,,,,,,,,,,,,,,,,,,,,,,,,,,,,,2027-01-06 20:00:00,everton,aston villa,2027-01-06,,,,,,,,,,,,,,,,,,,,,,,,,,,,,,,,
,2027-01-06 20:00:00,,Fulham,Tottenham,,,,,,,,,,,,,,,,,,,,,,,,,,,,,,,,,,,,,,,,,,,,,,,,,,,,,,,,,,,,,,,,,,,,,,,,,,,,,,,,,,,,,,,,,,,,,,,,,,,,,,,,,,,,,,,,,,,,,,,,,,,,,,,,,,,,,,,,,,,,1.3661971830985915,1.403688524590164,1.2,0.6,9.0,1.0,1.0,9.0,,,,,,,,,,,,,,,,,,,,,,,,,,,,,,,,,,,,,,,,,,,,,,,,,,,,,,,,,,,,,,,,,,,,,,,,,,,,,,,,,,,,,,,,,,,,,2027-01-06 20:00:00,fulham,tottenham,2027-01-06,,,,,,,,,,,,,,,,,,,,,,,,,,,,,,,,
,2027-01-06 20:00:00,,Ipswich Town,Coventry City,,,,,,,,,,,,,,,,,,,,,,,,,,,,,,,,,,,,,,,,,,,,,,,,,,,,,,,,,,,,,,,,,,,,,,,,,,,,,,,,,,,,,,,,,,,,,,,,,,,,,,,,,,,,,,,,,,,,,,,,,,,,,,,,,,,,,,,,,,,,,,,,,,,,,,,,,,,,,,,,,,,,,,,,,,,,,,,,,,,,,,,,,,,,,,,,,,,,,,,,,,,,,,,,,,,,,,,,,,,,,,,,,,,,,,,,,,,,,,,,2027-01-06 20:00:00,ipswich town,coventry city,2027-01-06,,,,,,,,,,,,,,,,,,,,,,,,,,,,,,,,
,2027-01-06 20:00:00,,Leeds,Man City,,,,,,,,,,,,,,,,,,,,,,,,,,,,,,,,,,,,,,,,,,,,,,,,,,,,,,,,,,,,,,,,,,,,,,,,,,,,,,,,,,,,,,,,,,,,,,,,,,,,,,,,,,,,,,,,,,,,,,,,,,,,,,,,,,,,,,,,,,,,1.429530201342282,1.6346153846153846,1.4,0.4,10.0,1.8,1.0,9.0,,,,,,,,,,,,,,,,,,,,,,,,,,,,,,,,,,,,,,,,,,,,,,,,,,,,,,,,,,,,,,,,,,,,,,,,,,,,,,,,,,,,,,,,,,,,,2027-01-06 20:00:00,leeds,man city,2027-01-06,,,,,,,,,,,,,,,,,,,,,,,,,,,,,,,,
,2027-01-06 20:00:00,,Man United,Newcastle,,,,,,,,,,,,,,,,,,,,,,,,,,,,,,,,,,,,,,,,,,,,,,,,,,,,,,,,,,,,,,,,,,,,,,,,,,,,,,,,,,,,,,,,,,,,,,,,,,,,,,,,,,,,,,,,,,,,,,,,,,,,,,,,,,,,,,,,,,,,2.037037037037037,1.1046770601336302,2.4,1.6,12.0,0.6,1.2,7.0,,,,,,,,,,,,,,,,,,,,,,,,,,,,,,,,,,,,,,,,,,,,,,,,,,,,,,,,,,,,,,,,,,,,,,,,,,,,,,,,,,,,,,,,,,,,,2027-01-06 20:00:00,man united,newcastle,2027-01-06,,,,,,,,,,,,,,,,,,,,,,,,,,,,,,,,
,2027-01-06 20:00:00,,Nott'm Forest,Hull City,,,,,,,,,,,,,,,,,,,,,,,,,,,,,,,,,,,,,,,,,,,,,,,,,,,,,,,,,,,,,,,,,,,,,,,,,,,,,,,,,,,,,,,,,,,,,,,,,,,,,,,,,,,,,,,,,,,,,,,,,,,,,,,,,,,,,,,,,,,,1.32,,1.4,0.8,7.0,,,,,,,,,,,,,,,,,,,,,,,,,,,,,,,,,,,,,,,,,,,,,,,,,,,,,,,,,,,,,,,,,,,,,,,,,,,,,,,,,,,,,,,,,,,,,,,,2027-01-06 20:00:00,nott'm forest,hull city,2027-01-06,,,,,,,,,,,,,,,,,,,,,,,,,,,,,,,,
,2027-01-06 20:00:00,,Sunderland,Liverpool,,,,,,,,,,,,,,,,,,,,,,,,,,,,,,,,,,,,,,,,,,,,,,,,,,,,,,,,,,,,,,,,,,,,,,,,,,,,,,,,,,,,,,,,,,,,,,,,,,,,,,,,,,,,,,,,,,,,,,,,,,,,,,,,,,,,,,,,,,,,1.0985915492957747,1.6462167689161553,0.6,1.4,7.0,1.6,2.4,7.0,,,,,,,,,,,,,,,,,,,,,,,,,,,,,,,,,,,,,,,,,,,,,,,,,,,,,,,,,,,,,,,,,,,,,,,,,,,,,,,,,,,,,,,,,,,,,2027-01-06 20:00:00,sunderland,liverpool,2027-01-06,,,,,,,,,,,,,,,,,,,,,,,,,,,,,,,,
,2027-01-16 15:00:00,,Aston Villa,Man United,,,,,,,,,,,,,,,,,,,,,,,,,,,,,,,,,,,,,,,,,,,,,,,,,,,,,,,,,,,,,,,,,,,,,,,,,,,,,,,,,,,,,,,,,,,,,,,,,,,,,,,,,,,,,,,,,,,,,,,,,,,,,,,,,,,,,,,,,,,,1.3837209302325582,1.5925925925925926,2.4,2.2,9.0,1.4,0.8,9.0,,,,,,,,,,,,,,,,,,,,,,,,,,,,,,,,,,,,,,,,,,,,,,,,,,,,,,,,,,,,,,,,,,,,,,,,,,,,,,,,,,,,,,,,,,,,,2027-01-16 15:00:00,aston villa,man united,2027-01-16,,,,,,,,,,,,,,,,,,,,,,,,,,,,,,,,
,2027-01-16 15:00:00,,Bournemouth,Ipswich Town,,,,,,,,,,,,,,,,,,,,,,,,,,,,,,,,,,,,,,,,,,,,,,,,,,,,,,,,,,,,,,,,,,,,,,,,,,,,,,,,,,,,,,,,,,,,,,,,,,,,,,,,,,,,,,,,,,,,,,,,,,,,,,,,,,,,,,,,,,,,1.3823529411764706,,1.6,1.0,7.0,,,,,,,,,,,,,,,,,,,,,,,,,,,,,,,,,,,,,,,,,,,,,,,,,,,,,,,,,,,,,,,,,,,,,,,,,,,,,,,,,,,,,,,,,,,,,,,,2027-01-16 15:00:00,bournemouth,ipswich town,2027-01-16,,,,,,,,,,,,,,,,,,,,,,,,,,,,,,,,
,2027-01-16 15:00:00,,Brentford,Brighton,,,,,,,,,,,,,,,,,,,,,,,,,,,,,,,,,,,,,,,,,,,,,,,,,,,,,,,,,,,,,,,,,,,,,,,,,,,,,,,,,,,,,,,,,,,,,,,,,,,,,,,,,,,,,,,,,,,,,,,,,,,,,,,,,,,,,,,,,,,,1.6702127659574468,1.2,1.8,1.2,7.0,1.2,1.2,9.0,,,,,,,,,,,,,,,,,,,,,,,,,,,,,,,,,,,,,,,,,,,,,,,,,,,,,,,,,,,,,,,,,,,,,,,,,,,,,,,,,,,,,,,,,,,,,2027-01-16 15:00:00,brentford,brighton,2027-01-16,,,,,,,,,,,,,,,,,,,,,,,,,,,,,,,,
,2027-01-16 15:00:00,,Chelsea,Sunderland,,,,,,,,,,,,,,,,,,,,,,,,,,,,,,,,,,,,,,,,,,,,,,,,,,,,,,,,,,,,,,,,,,,,,,,,,,,,,,,,,,,,,,,,,,,,,,,,,,,,,,,,,,,,,,,,,,,,,,,,,,,,,,,,,,,,,,,,,,,,2.02258726899384,0.872791519434629,0.6,1.8,3.0,2.0,1.4,11.0,,,,,,,,,,,,,,,,,,,,,,,,,,,,,,,,,,,,,,,,,,,,,,,,,,,,,,,,,,,,,,,,,,,,,,,,,,,,,,,,,,,,,,,,,,,,,2027-01-16 15:00:00,chelsea,sunderland,2027-01-16,,,,,,,,,,,,,,,,,,,,,,,,,,,,,,,,
,2027-01-16 15:00:00,,Coventry City,Everton,,,,,,,,,,,,,,,,,,,,,,,,,,,,,,,,,,,,,,,,,,,,,,,,,,,,,,,,,,,,,,,,,,,,,,,,,,,,,,,,,,,,,,,,,,,,,,,,,,,,,,,,,,,,,,,,,,,,,,,,,,,,,,,,,,,,,,,,,,,,,1.0534979423868314,,,,1.0,1.8,5.0,,,,,,,,,,,,,,,,,,,,,,,,,,,,,,,,,,,,,,,,,,,,,,,,,,,,,,,,,,,,,,,,,,,,,,,,,,,,,,,,,,,,,,,,,,,,,2027-01-16 15:00:00,coventry city,everton,2027-01-16,,,,,,,,,,,,,,,,,,,,,,,,,,,,,,,,
,2027-01-16 15:00:00,,Hull City,Arsenal,,,,,,,,,,,,,,,,,,,,,,,,,,,,,,,,,,,,,,,,,,,,,,,,,,,,,,,,,,,,,,,,,,,,,,,,,,,,,,,,,,,,,,,,,,,,,,,,,,,,,,,,,,,,,,,,,,,,,,,,,,,,,,,,,,,,,,,,,,,,,1.653688524590164,,,,1.8,0.8,13.0,,,,,,,,,,,,,,,,,,,,,,,,,,,,,,,,,,,,,,,,,,,,,,,,,,,,,,,,,,,,,,,,,,,,,,,,,,,,,,,,,,,,,,,,,,,,,2027-01-16 15:00:00,hull city,arsenal,2027-01-16,,,,,,,,,,,,,,,,,,,,,,,,,,,,,,,,
,2027-01-16 15:00:00,,Liverpool,Crystal Palace,,,,,,,,,,,,,,,,,,,,,,,,,,,,,,,,,,,,,,,,,,,,,,,,,,,,,,,,,,,,,,,,,,,,,,,,,,,,,,,,,,,,,,,,,,,,,,,,,,,,,,,,,,,,,,,,,,,,,,,,,,,,,,,,,,,,,,,,,,,,2.07201646090535,1.1406844106463878,1.6,0.8,9.0,1.2,2.4,7.0,,,,,,,,,,,,,,,,,,,,,,,,,,,,,,,,,,,,,,,,,,,,,,,,,,,,,,,,,,,,,,,,,,,,,,,,,,,,,,,,,,,,,,,,,,,,,2027-01-16 15:00:00,liverpool,crystal palace,2027-01-16,,,,,,,,,,,,,,,,,,,,,,,,,,,,,,,,
,2027-01-16 15:00:00,,Man City,Nott'm Forest,,,,,,,,,,,,,,,,,,,,,,,,,,,,,,,,,,,,,,,,,,,,,,,,,,,,,,,,,,,,,,,,,,,,,,,,,,,,,,,,,,,,,,,,,,,,,,,,,,,,,,,,,,,,,,,,,,,,,,,,,,,,,,,,,,,,,,,,,,,,2.190578158458244,1.24,2.2,1.0,10.0,3.0,1.2,11.0,,,,,,,,,,,,,,,,,,,,,,,,,,,,,,,,,,,,,,,,,,,,,,,,,,,,,,,,,,,,,,,,,,,,,,,,,,,,,,,,,,,,,,,,,,,,,2027-01-16 15:00:00,man city,nott'm forest,2027-01-16,,,,,,,,,,,,,,,,,,,,,,,,,,,,,,,,
,2027-01-16 15:00:00,,Newcastle,Fulham,,,,,,,,,,,,,,,,,,,,,,,,,,,,,,,,,,,,,,,,,,,,,,,,,,,,,,,,,,,,,,,,,,,,,,,,,,,,,,,,,,,,,,,,,,,,,,,,,,,,,,,,,,,,,,,,,,,,,,,,,,,,,,,,,,,,,,,,,,,,1.5723830734966593,0.9378531073446328,2.0,1.4,9.0,0.2,1.2,5.0,,,,,,,,,,,,,,,,,,,,,,,,,,,,,,,,,,,,,,,,,,,,,,,,,,,,,,,,,,,,,,,,,,,,,,,,,,,,,,,,,,,,,,,,,,,,,2027-01-16 15:00:00,newcastle,fulham,2027-01-16,,,,,,,,,,,,,,,,,,,,,,,,,,,,,,,,
,2027-01-16 15:00:00,,Tottenham,Leeds,,,,,,,,,,,,,,,,,,,,,,,,,,,,,,,,,,,,,,,,,,,,,,,,,,,,,,,,,,,,,,,,,,,,,,,,,,,,,,,,,,,,,,,,,,,,,,,,,,,,,,,,,,,,,,,,,,,,,,,,,,,,,,,,,,,,,,,,,,,,1.8012295081967213,1.2925170068027212,1.0,1.8,5.0,1.0,1.4,7.0,,,,,,,,,,,,,,,,,,,,,,,,,,,,,,,,,,,,,,,,,,,,,,,,,,,,,,,,,,,,,,,,,,,,,,,,,,,,,,,,,,,,,,,,,,,,,2027-01-16 15:00:00,tottenham,leeds,2027-01-16,,,,,,,,,,,,,,,,,,,,,,,,,,,,,,,,
,2027-01-23 15:00:00,,Arsenal,Newcastle,,,,,,,,,,,,,,,,,,,,,,,,,,,,,,,,,,,,,,,,,,,,,,,,,,,,,,,,,,,,,,,,,,,,,,,,,,,,,,,,,,,,,,,,,,,,,,,,,,,,,,,,,,,,,,,,,,,,,,,,,,,,,,,,,,,,,,,,,,,,2.138144329896907,1.1046770601336302,1.6,0.4,12.0,0.6,1.2,7.0,,,,,,,,,,,,,,,,,,,,,,,,,,,,,,,,,,,,,,,,,,,,,,,,,,,,,,,,,,,,,,,,,,,,,,,,,,,,,,,,,,,,,,,,,,,,,2027-01-23 15:00:00,arsenal,newcastle,2027-01-23,,,,,,,,,,,,,,,,,,,,,,,,,,,,,,,,
,2027-01-23 15:00:00,,Brighton,Man City,,,,,,,,,,,,,,,,,,,,,,,,,,,,,,,,,,,,,,,,,,,,,,,,,,,,,,,,,,,,,,,,,,,,,,,,,,,,,,,,,,,,,,,,,,,,,,,,,,,,,,,,,,,,,,,,,,,,,,,,,,,,,,,,,,,,,,,,,,,,1.3431952662721893,1.6346153846153846,1.6,1.0,9.0,1.8,1.0,9.0,,,,,,,,,,,,,,,,,,,,,,,,,,,,,,,,,,,,,,,,,,,,,,,,,,,,,,,,,,,,,,,,,,,,,,,,,,,,,,,,,,,,,,,,,,,,,2027-01-23 15:00:00,brighton,man city,2027-01-23,,,,,,,,,,,,,,,,,,,,,,,,,,,,,,,,
,2027-01-23 15:00:00,,Crystal Palace,Tottenham,,,,,,,,,,,,,,,,,,,,,,,,,,,,,,,,,,,,,,,,,,,,,,,,,,,,,,,,,,,,,,,,,,,,,,,,,,,,,,,,,,,,,,,,,,,,,,,,,,,,,,,,,,,,,,,,,,,,,,,,,,,,,,,,,,,,,,,,,,,,1.1877394636015326,1.403688524590164,1.0,1.0,6.0,1.0,1.0,9.0,,,,,,,,,,,,,,,,,,,,,,,,,,,,,,,,,,,,,,,,,,,,,,,,,,,,,,,,,,,,,,,,,,,,,,,,,,,,,,,,,,,,,,,,,,,,,2027-01-23 15:00:00,crystal palace,tottenham,2027-01-23,,,,,,,,,,,,,,,,,,,,,,,,,,,,,,,,
,2027-01-23 15:00:00,,Everton,Brentford,,,,,,,,,,,,,,,,,,,,,,,,,,,,,,,,,,,,,,,,,,,,,,,,,,,,,,,,,,,,,,,,,,,,,,,,,,,,,,,,,,,,,,,,,,,,,,,,,,,,,,,,,,,,,,,,,,,,,,,,,,,,,,,,,,,,,,,,,,,,1.5061475409836065,1.3191489361702127,2.0,1.6,7.0,0.4,1.2,5.0,,,,,,,,,,,,,,,,,,,,,,,,,,,,,,,,,,,,,,,,,,,,,,,,,,,,,,,,,,,,,,,,,,,,,,,,,,,,,,,,,,,,,,,,,,,,,2027-01-23 15:00:00,everton,brentford,2027-01-23,,,,,,,,,,,,,,,,,,,,,,,,,,,,,,,,
,2027-01-23 15:00:00,,Fulham,Aston Villa,,,,,,,,,,,,,,,,,,,,,,,,,,,,,,,,,,,,,,,,,,,,,,,,,,,,,,,,,,,,,,,,,,,,,,,,,,,,,,,,,,,,,,,,,,,,,,,,,,,,,,,,,,,,,,,,,,,,,,,,,,,,,,,,,,,,,,,,,,,,1.3661971830985915,1.1511627906976745,1.2,0.6,9.0,1.2,1.6,7.0,,,,,,,,,,,,,,,,,,,,,,,,,,,,,,,,,,,,,,,,,,,,,,,,,,,,,,,,,,,,,,,,,,,,,,,,,,,,,,,,,,,,,,,,,,,,,2027-01-23 15:00:00,fulham,aston villa,2027-01-23,,,,,,,,,,,,,,,,,,,,,,,,,,,,,,,,
,2027-01-23 15:00:00,,Ipswich Town,Hull City,,,,,,,,,,,,,,,,,,,,,,,,,,,,,,,,,,,,,,,,,,,,,,,,,,,,,,,,,,,,,,,,,,,,,,,,,,,,,,,,,,,,,,,,,,,,,,,,,,,,,,,,,,,,,,,,,,,,,,,,,,,,,,,,,,,,,,,,,,,,,,,,,,,,,,,,,,,,,,,,,,,,,,,,,,,,,,,,,,,,,,,,,,,,,,,,,,,,,,,,,,,,,,,,,,,,,,,,,,,,,,,,,,,,,,,,,,,,,,,,2027-01-23 15:00:00,ipswich town,hull city,2027-01-23,,,,,,,,,,,,,,,,,,,,,,,,,,,,,,,,
,2027-01-23 15:00:00,,Leeds,Chelsea,,,,,,,,,,,,,,,,,,,,,,,,,,,,,,,,,,,,,,,,,,,,,,,,,,,,,,,,,,,,,,,,,,,,,,,,,,,,,,,,,,,,,,,,,,,,,,,,,,,,,,,,,,,,,,,,,,,,,,,,,,,,,,,,,,,,,,,,,,,,1.429530201342282,1.5781893004115226,1.4,0.4,10.0,1.2,2.0,7.0,,,,,,,,,,,,,,,,,,,,,,,,,,,,,,,,,,,,,,,,,,,,,,,,,,,,,,,,,,,,,,,,,,,,,,,,,,,,,,,,,,,,,,,,,,,,,2027-01-23 15:00:00,leeds,chelsea,2027-01-23,,,,,,,,,,,,,,,,,,,,,,,,,,,,,,,,
,2027-01-23 15:00:00,,Man United,Liverpool,,,,,,,,,,,,,,,,,,,,,,,,,,,,,,,,,,,,,,,,,,,,,,,,,,,,,,,,,,,,,,,,,,,,,,,,,,,,,,,,,,,,,,,,,,,,,,,,,,,,,,,,,,,,,,,,,,,,,,,,,,,,,,,,,,,,,,,,,,,,2.037037037037037,1.6462167689161553,2.4,1.6,12.0,1.6,2.4,7.0,,,,,,,,,,,,,,,,,,,,,,,,,,,,,,,,,,,,,,,,,,,,,,,,,,,,,,,,,,,,,,,,,,,,,,,,,,,,,,,,,,,,,,,,,,,,,2027-01-23 15:00:00,man united,liverpool,2027-01-23,,,,,,,,,,,,,,,,,,,,,,,,,,,,,,,,
,2027-01-23 15:00:00,,Nott'm Forest,Bournemouth,,,,,,,,,,,,,,,,,,,,,,,,,,,,,,,,,,,,,,,,,,,,,,,,,,,,,,,,,,,,,,,,,,,,,,,,,,,,,,,,,,,,,,,,,,,,,,,,,,,,,,,,,,,,,,,,,,,,,,,,,,,,,,,,,,,,,,,,,,,,1.32,1.2529411764705882,1.4,0.8,7.0,1.2,0.6,11.0,,,,,,,,,,,,,,,,,,,,,,,,,,,,,,,,,,,,,,,,,,,,,,,,,,,,,,,,,,,,,,,,,,,,,,,,,,,,,,,,,,,,,,,,,,,,,2027-01-23 15:00:00,nott'm forest,bournemouth,2027-01-23,,,,,,,,,,,,,,,,,,,,,,,,,,,,,,,,
,2027-01-23 15:00:00,,Sunderland,Coventry City,,,,,,,,,,,,,,,,,,,,,,,,,,,,,,,,,,,,,,,,,,,,,,,,,,,,,,,,,,,,,,,,,,,,,,,,,,,,,,,,,,,,,,,,,,,,,,,,,,,,,,,,,,,,,,,,,,,,,,,,,,,,,,,,,,,,,,,,,,,,1.0985915492957747,,0.6,1.4,7.0,,,,,,,,,,,,,,,,,,,,,,,,,,,,,,,,,,,,,,,,,,,,,,,,,,,,,,,,,,,,,,,,,,,,,,,,,,,,,,,,,,,,,,,,,,,,,,,,2027-01-23 15:00:00,sunderland,coventry city,2027-01-23,,,,,,,,,,,,,,,,,,,,,,,,,,,,,,,,
,2027-01-30 15:00:00,,Aston Villa,Ipswich Town,,,,,,,,,,,,,,,,,,,,,,,,,,,,,,,,,,,,,,,,,,,,,,,,,,,,,,,,,,,,,,,,,,,,,,,,,,,,,,,,,,,,,,,,,,,,,,,,,,,,,,,,,,,,,,,,,,,,,,,,,,,,,,,,,,,,,,,,,,,,1.3837209302325582,,2.4,2.2,9.0,,,,,,,,,,,,,,,,,,,,,,,,,,,,,,,,,,,,,,,,,,,,,,,,,,,,,,,,,,,,,,,,,,,,,,,,,,,,,,,,,,,,,,,,,,,,,,,,2027-01-30 15:00:00,aston villa,ipswich town,2027-01-30,,,,,,,,,,,,,,,,,,,,,,,,,,,,,,,,
,2027-01-30 15:00:00,,Bournemouth,Fulham,,,,,,,,,,,,,,,,,,,,,,,,,,,,,,,,,,,,,,,,,,,,,,,,,,,,,,,,,,,,,,,,,,,,,,,,,,,,,,,,,,,,,,,,,,,,,,,,,,,,,,,,,,,,,,,,,,,,,,,,,,,,,,,,,,,,,,,,,,,,1.3823529411764706,0.9378531073446328,1.6,1.0,7.0,0.2,1.2,5.0,,,,,,,,,,,,,,,,,,,,,,,,,,,,,,,,,,,,,,,,,,,,,,,,,,,,,,,,,,,,,,,,,,,,,,,,,,,,,,,,,,,,,,,,,,,,,2027-01-30 15:00:00,bournemouth,fulham,2027-01-30,,,,,,,,,,,,,,,,,,,,,,,,,,,,,,,,
,2027-01-30 15:00:00,,Brentford,Man United,,,,,,,,,,,,,,,,,,,,,,,,,,,,,,,,,,,,,,,,,,,,,,,,,,,,,,,,,,,,,,,,,,,,,,,,,,,,,,,,,,,,,,,,,,,,,,,,,,,,,,,,,,,,,,,,,,,,,,,,,,,,,,,,,,,,,,,,,,,,1.6702127659574468,1.5925925925925926,1.8,1.2,7.0,1.4,0.8,9.0,,,,,,,,,,,,,,,,,,,,,,,,,,,,,,,,,,,,,,,,,,,,,,,,,,,,,,,,,,,,,,,,,,,,,,,,,,,,,,,,,,,,,,,,,,,,,2027-01-30 15:00:00,brentford,man united,2027-01-30,,,,,,,,,,,,,,,,,,,,,,,,,,,,,,,,
,2027-01-30 15:00:00,,Chelsea,Nott'm Forest,,,,,,,,,,,,,,,,,,,,,,,,,,,,,,,,,,,,,,,,,,,,,,,,,,,,,,,,,,,,,,,,,,,,,,,,,,,,,,,,,,,,,,,,,,,,,,,,,,,,,,,,,,,,,,,,,,,,,,,,,,,,,,,,,,,,,,,,,,,,2.02258726899384,1.24,0.6,1.8,3.0,3.0,1.2,11.0,,,,,,,,,,,,,,,,,,,,,,,,,,,,,,,,,,,,,,,,,,,,,,,,,,,,,,,,,,,,,,,,,,,,,,,,,,,,,,,,,,,,,,,,,,,,,2027-01-30 15:00:00,chelsea,nott'm forest,2027-01-30,,,,,,,,,,,,,,,,,,,,,,,,,,,,,,,,
,2027-01-30 15:00:00,,Coventry City,Leeds,,,,,,,,,,,,,,,,,,,,,,,,,,,,,,,,,,,,,,,,,,,,,,,,,,,,,,,,,,,,,,,,,,,,,,,,,,,,,,,,,,,,,,,,,,,,,,,,,,,,,,,,,,,,,,,,,,,,,,,,,,,,,,,,,,,,,,,,,,,,,1.2925170068027212,,,,1.0,1.4,7.0,,,,,,,,,,,,,,,,,,,,,,,,,,,,,,,,,,,,,,,,,,,,,,,,,,,,,,,,,,,,,,,,,,,,,,,,,,,,,,,,,,,,,,,,,,,,,2027-01-30 15:00:00,coventry city,leeds,2027-01-30,,,,,,,,,,,,,,,,,,,,,,,,,,,,,,,,
,2027-01-30 15:00:00,,Hull City,Crystal Palace,,,,,,,,,,,,,,,,,,,,,,,,,,,,,,,,,,,,,,,,,,,,,,,,,,,,,,,,,,,,,,,,,,,,,,,,,,,,,,,,,,,,,,,,,,,,,,,,,,,,,,,,,,,,,,,,,,,,,,,,,,,,,,,,,,,,,,,,,,,,,1.1406844106463878,,,,1.2,2.4,7.0,,,,,,,,,,,,,,,,,,,,,,,,,,,,,,,,,,,,,,,,,,,,,,,,,,,,,,,,,,,,,,,,,,,,,,,,,,,,,,,,,,,,,,,,,,,,,2027-01-30 15:00:00,hull city,crystal palace,2027-01-30,,,,,,,,,,,,,,,,,,,,,,,,,,,,,,,,
,2027-01-30 15:00:00,,Liverpool,Everton,,,,,,,,,,,,,,,,,,,,,,,,,,,,,,,,,,,,,,,,,,,,,,,,,,,,,,,,,,,,,,,,,,,,,,,,,,,,,,,,,,,,,,,,,,,,,,,,,,,,,,,,,,,,,,,,,,,,,,,,,,,,,,,,,,,,,,,,,,,,2.07201646090535,1.0534979423868314,1.6,0.8,9.0,1.0,1.8,5.0,,,,,,,,,,,,,,,,,,,,,,,,,,,,,,,,,,,,,,,,,,,,,,,,,,,,,,,,,,,,,,,,,,,,,,,,,,,,,,,,,,,,,,,,,,,,,2027-01-30 15:00:00,liverpool,everton,2027-01-30,,,,,,,,,,,,,,,,,,,,,,,,,,,,,,,,
,2027-01-30 15:00:00,,Man City,Arsenal,,,,,,,,,,,,,,,,,,,,,,,,,,,,,,,,,,,,,,,,,,,,,,,,,,,,,,,,,,,,,,,,,,,,,,,,,,,,,,,,,,,,,,,,,,,,,,,,,,,,,,,,,,,,,,,,,,,,,,,,,,,,,,,,,,,,,,,,,,,,2.190578158458244,1.653688524590164,2.2,1.0,10.0,1.8,0.8,13.0,,,,,,,,,,,,,,,,,,,,,,,,,,,,,,,,,,,,,,,,,,,,,,,,,,,,,,,,,,,,,,,,,,,,,,,,,,,,,,,,,,,,,,,,,,,,,2027-01-30 15:00:00,man city,arsenal,2027-01-30,,,,,,,,,,,,,,,,,,,,,,,,,,,,,,,,
,2027-01-30 15:00:00,,Newcastle,Brighton,,,,,,,,,,,,,,,,,,,,,,,,,,,,,,,,,,,,,,,,,,,,,,,,,,,,,,,,,,,,,,,,,,,,,,,,,,,,,,,,,,,,,,,,,,,,,,,,,,,,,,,,,,,,,,,,,,,,,,,,,,,,,,,,,,,,,,,,,,,,1.5723830734966593,1.2,2.0,1.4,9.0,1.2,1.2,9.0,,,,,,,,,,,,,,,,,,,,,,,,,,,,,,,,,,,,,,,,,,,,,,,,,,,,,,,,,,,,,,,,,,,,,,,,,,,,,,,,,,,,,,,,,,,,,2027-01-30 15:00:00,newcastle,brighton,2027-01-30,,,,,,,,,,,,,,,,,,,,,,,,,,,,,,,,
,2027-01-30 15:00:00,,Tottenham,Sunderland,,,,,,,,,,,,,,,,,,,,,,,,,,,,,,,,,,,,,,,,,,,,,,,,,,,,,,,,,,,,,,,,,,,,,,,,,,,,,,,,,,,,,,,,,,,,,,,,,,,,,,,,,,,,,,,,,,,,,,,,,,,,,,,,,,,,,,,,,,,,1.8012295081967213,0.872791519434629,1.0,1.8,5.0,2.0,1.4,11.0,,,,,,,,,,,,,,,,,,,,,,,,,,,,,,,,,,,,,,,,,,,,,,,,,,,,,,,,,,,,,,,,,,,,,,,,,,,,,,,,,,,,,,,,,,,,,2027-01-30 15:00:00,tottenham,sunderland,2027-01-30,,,,,,,,,,,,,,,,,,,,,,,,,,,,,,,,
,2027-02-06 15:00:00,,Arsenal,Liverpool,,,,,,,,,,,,,,,,,,,,,,,,,,,,,,,,,,,,,,,,,,,,,,,,,,,,,,,,,,,,,,,,,,,,,,,,,,,,,,,,,,,,,,,,,,,,,,,,,,,,,,,,,,,,,,,,,,,,,,,,,,,,,,,,,,,,,,,,,,,,2.138144329896907,1.6462167689161553,1.6,0.4,12.0,1.6,2.4,7.0,,,,,,,,,,,,,,,,,,,,,,,,,,,,,,,,,,,,,,,,,,,,,,,,,,,,,,,,,,,,,,,,,,,,,,,,,,,,,,,,,,,,,,,,,,,,,2027-02-06 15:00:00,arsenal,liverpool,2027-02-06,,,,,,,,,,,,,,,,,,,,,,,,,,,,,,,,
,2027-02-06 15:00:00,,Brighton,Hull City,,,,,,,,,,,,,,,,,,,,,,,,,,,,,,,,,,,,,,,,,,,,,,,,,,,,,,,,,,,,,,,,,,,,,,,,,,,,,,,,,,,,,,,,,,,,,,,,,,,,,,,,,,,,,,,,,,,,,,,,,,,,,,,,,,,,,,,,,,,,1.3431952662721893,,1.6,1.0,9.0,,,,,,,,,,,,,,,,,,,,,,,,,,,,,,,,,,,,,,,,,,,,,,,,,,,,,,,,,,,,,,,,,,,,,,,,,,,,,,,,,,,,,,,,,,,,,,,,2027-02-06 15:00:00,brighton,hull city,2027-02-06,,,,,,,,,,,,,,,,,,,,,,,,,,,,,,,,
,2027-02-06 15:00:00,,Crystal Palace,Coventry City,,,,,,,,,,,,,,,,,,,,,,,,,,,,,,,,,,,,,,,,,,,,,,,,,,,,,,,,,,,,,,,,,,,,,,,,,,,,,,,,,,,,,,,,,,,,,,,,,,,,,,,,,,,,,,,,,,,,,,,,,,,,,,,,,,,,,,,,,,,,1.1877394636015326,,1.0,1.0,6.0,,,,,,,,,,,,,,,,,,,,,,,,,,,,,,,,,,,,,,,,,,,,,,,,,,,,,,,,,,,,,,,,,,,,,,,,,,,,,,,,,,,,,,,,,,,,,,,,2027-02-06 15:00:00,crystal palace,coventry city,2027-02-06,,,,,,,,,,,,,,,,,,,,,,,,,,,,,,,,
,2027-02-06 15:00:00,,Everton,Newcastle,,,,,,,,,,,,,,,,,,,,,,,,,,,,,,,,,,,,,,,,,,,,,,,,,,,,,,,,,,,,,,,,,,,,,,,,,,,,,,,,,,,,,,,,,,,,,,,,,,,,,,,,,,,,,,,,,,,,,,,,,,,,,,,,,,,,,,,,,,,,1.5061475409836065,1.1046770601336302,2.0,1.6,7.0,0.6,1.2,7.0,,,,,,,,,,,,,,,,,,,,,,,,,,,,,,,,,,,,,,,,,,,,,,,,,,,,,,,,,,,,,,,,,,,,,,,,,,,,,,,,,,,,,,,,,,,,,2027-02-06 15:00:00,everton,newcastle,2027-02-06,,,,,,,,,,,,,,,,,,,,,,,,,,,,,,,,
,2027-02-06 15:00:00,,Fulham,Man City,,,,,,,,,,,,,,,,,,,,,,,,,,,,,,,,,,,,,,,,,,,,,,,,,,,,,,,,,,,,,,,,,,,,,,,,,,,,,,,,,,,,,,,,,,,,,,,,,,,,,,,,,,,,,,,,,,,,,,,,,,,,,,,,,,,,,,,,,,,,1.3661971830985915,1.6346153846153846,1.2,0.6,9.0,1.8,1.0,9.0,,,,,,,,,,,,,,,,,,,,,,,,,,,,,,,,,,,,,,,,,,,,,,,,,,,,,,,,,,,,,,,,,,,,,,,,,,,,,,,,,,,,,,,,,,,,,2027-02-06 15:00:00,fulham,man city,2027-02-06,,,,,,,,,,,,,,,,,,,,,,,,,,,,,,,,
,2027-02-06 15:00:00,,Ipswich Town,Tottenham,,,,,,,,,,,,,,,,,,,,,,,,,,,,,,,,,,,,,,,,,,,,,,,,,,,,,,,,,,,,,,,,,,,,,,,,,,,,,,,,,,,,,,,,,,,,,,,,,,,,,,,,,,,,,,,,,,,,,,,,,,,,,,,,,,,,,,,,,,,,,1.403688524590164,,,,1.0,1.0,9.0,,,,,,,,,,,,,,,,,,,,,,,,,,,,,,,,,,,,,,,,,,,,,,,,,,,,,,,,,,,,,,,,,,,,,,,,,,,,,,,,,,,,,,,,,,,,,2027-02-06 15:00:00,ipswich town,tottenham,2027-02-06,,,,,,,,,,,,,,,,,,,,,,,,,,,,,,,,
,2027-02-06 15:00:00,,Leeds,Bournemouth,,,,,,,,,,,,,,,,,,,,,,,,,,,,,,,,,,,,,,,,,,,,,,,,,,,,,,,,,,,,,,,,,,,,,,,,,,,,,,,,,,,,,,,,,,,,,,,,,,,,,,,,,,,,,,,,,,,,,,,,,,,,,,,,,,,,,,,,,,,,1.429530201342282,1.2529411764705882,1.4,0.4,10.0,1.2,0.6,11.0,,,,,,,,,,,,,,,,,,,,,,,,,,,,,,,,,,,,,,,,,,,,,,,,,,,,,,,,,,,,,,,,,,,,,,,,,,,,,,,,,,,,,,,,,,,,,2027-02-06 15:00:00,leeds,bournemouth,2027-02-06,,,,,,,,,,,,,,,,,,,,,,,,,,,,,,,,
,2027-02-06 15:00:00,,Man United,Chelsea,,,,,,,,,,,,,,,,,,,,,,,,,,,,,,,,,,,,,,,,,,,,,,,,,,,,,,,,,,,,,,,,,,,,,,,,,,,,,,,,,,,,,,,,,,,,,,,,,,,,,,,,,,,,,,,,,,,,,,,,,,,,,,,,,,,,,,,,,,,,2.037037037037037,1.5781893004115226,2.4,1.6,12.0,1.2,2.0,7.0,,,,,,,,,,,,,,,,,,,,,,,,,,,,,,,,,,,,,,,,,,,,,,,,,,,,,,,,,,,,,,,,,,,,,,,,,,,,,,,,,,,,,,,,,,,,,2027-02-06 15:00:00,man united,chelsea,2027-02-06,,,,,,,,,,,,,,,,,,,,,,,,,,,,,,,,
,2027-02-06 15:00:00,,Nott'm Forest,Brentford,,,,,,,,,,,,,,,,,,,,,,,,,,,,,,,,,,,,,,,,,,,,,,,,,,,,,,,,,,,,,,,,,,,,,,,,,,,,,,,,,,,,,,,,,,,,,,,,,,,,,,,,,,,,,,,,,,,,,,,,,,,,,,,,,,,,,,,,,,,,1.32,1.3191489361702127,1.4,0.8,7.0,0.4,1.2,5.0,,,,,,,,,,,,,,,,,,,,,,,,,,,,,,,,,,,,,,,,,,,,,,,,,,,,,,,,,,,,,,,,,,,,,,,,,,,,,,,,,,,,,,,,,,,,,2027-02-06 15:00:00,nott'm forest,brentford,2027-02-06,,,,,,,,,,,,,,,,,,,,,,,,,,,,,,,,
,2027-02-06 15:00:00,,Sunderland,Aston Villa,,,,,,,,,,,,,,,,,,,,,,,,,,,,,,,,,,,,,,,,,,,,,,,,,,,,,,,,,,,,,,,,,,,,,,,,,,,,,,,,,,,,,,,,,,,,,,,,,,,,,,,,,,,,,,,,,,,,,,,,,,,,,,,,,,,,,,,,,,,,1.0985915492957747,1.1511627906976745,0.6,1.4,7.0,1.2,1.6,7.0,,,,,,,,,,,,,,,,,,,,,,,,,,,,,,,,,,,,,,,,,,,,,,,,,,,,,,,,,,,,,,,,,,,,,,,,,,,,,,,,,,,,,,,,,,,,,2027-02-06 15:00:00,sunderland,aston villa,2027-02-06,,,,,,,,,,,,,,,,,,,,,,,,,,,,,,,,
,2027-02-10 20:00:00,,Aston Villa,Bournemouth,,,,,,,,,,,,,,,,,,,,,,,,,,,,,,,,,,,,,,,,,,,,,,,,,,,,,,,,,,,,,,,,,,,,,,,,,,,,,,,,,,,,,,,,,,,,,,,,,,,,,,,,,,,,,,,,,,,,,,,,,,,,,,,,,,,,,,,,,,,,1.3837209302325582,1.2529411764705882,2.4,2.2,9.0,1.2,0.6,11.0,,,,,,,,,,,,,,,,,,,,,,,,,,,,,,,,,,,,,,,,,,,,,,,,,,,,,,,,,,,,,,,,,,,,,,,,,,,,,,,,,,,,,,,,,,,,,2027-02-10 20:00:00,aston villa,bournemouth,2027-02-10,,,,,,,,,,,,,,,,,,,,,,,,,,,,,,,,
,2027-02-10 20:00:00,,Coventry City,Liverpool,,,,,,,,,,,,,,,,,,,,,,,,,,,,,,,,,,,,,,,,,,,,,,,,,,,,,,,,,,,,,,,,,,,,,,,,,,,,,,,,,,,,,,,,,,,,,,,,,,,,,,,,,,,,,,,,,,,,,,,,,,,,,,,,,,,,,,,,,,,,,1.6462167689161553,,,,1.6,2.4,7.0,,,,,,,,,,,,,,,,,,,,,,,,,,,,,,,,,,,,,,,,,,,,,,,,,,,,,,,,,,,,,,,,,,,,,,,,,,,,,,,,,,,,,,,,,,,,,2027-02-10 20:00:00,coventry city,liverpool,2027-02-10,,,,,,,,,,,,,,,,,,,,,,,,,,,,,,,,
,2027-02-10 20:00:00,,Crystal Palace,Brentford,,,,,,,,,,,,,,,,,,,,,,,,,,,,,,,,,,,,,,,,,,,,,,,,,,,,,,,,,,,,,,,,,,,,,,,,,,,,,,,,,,,,,,,,,,,,,,,,,,,,,,,,,,,,,,,,,,,,,,,,,,,,,,,,,,,,,,,,,,,,1.1877394636015326,1.3191489361702127,1.0,1.0,6.0,0.4,1.2,5.0,,,,,,,,,,,,,,,,,,,,,,,,,,,,,,,,,,,,,,,,,,,,,,,,,,,,,,,,,,,,,,,,,,,,,,,,,,,,,,,,,,,,,,,,,,,,,2027-02-10 20:00:00,crystal palace,brentford,2027-02-10,,,,,,,,,,,,,,,,,,,,,,,,,,,,,,,,
,2027-02-10 20:00:00,,Everton,Leeds,,,,,,,,,,,,,,,,,,,,,,,,,,,,,,,,,,,,,,,,,,,,,,,,,,,,,,,,,,,,,,,,,,,,,,,,,,,,,,,,,,,,,,,,,,,,,,,,,,,,,,,,,,,,,,,,,,,,,,,,,,,,,,,,,,,,,,,,,,,,1.5061475409836065,1.2925170068027212,2.0,1.6,7.0,1.0,1.4,7.0,,,,,,,,,,,,,,,,,,,,,,,,,,,,,,,,,,,,,,,,,,,,,,,,,,,,,,,,,,,,,,,,,,,,,,,,,,,,,,,,,,,,,,,,,,,,,2027-02-10 20:00:00,everton,leeds,2027-02-10,,,,,,,,,,,,,,,,,,,,,,,,,,,,,,,,
,2027-02-10 20:00:00,,Fulham,Nott'm Forest,,,,,,,,,,,,,,,,,,,,,,,,,,,,,,,,,,,,,,,,,,,,,,,,,,,,,,,,,,,,,,,,,,,,,,,,,,,,,,,,,,,,,,,,,,,,,,,,,,,,,,,,,,,,,,,,,,,,,,,,,,,,,,,,,,,,,,,,,,,,1.3661971830985915,1.24,1.2,0.6,9.0,3.0,1.2,11.0,,,,,,,,,,,,,,,,,,,,,,,,,,,,,,,,,,,,,,,,,,,,,,,,,,,,,,,,,,,,,,,,,,,,,,,,,,,,,,,,,,,,,,,,,,,,,2027-02-10 20:00:00,fulham,nott'm forest,2027-02-10,,,,,,,,,,,,,,,,,,,,,,,,,,,,,,,,
,2027-02-10 20:00:00,,Hull City,Sunderland,,,,,,,,,,,,,,,,,,,,,,,,,,,,,,,,,,,,,,,,,,,,,,,,,,,,,,,,,,,,,,,,,,,,,,,,,,,,,,,,,,,,,,,,,,,,,,,,,,,,,,,,,,,,,,,,,,,,,,,,,,,,,,,,,,,,,,,,,,,,,0.872791519434629,,,,2.0,1.4,11.0,,,,,,,,,,,,,,,,,,,,,,,,,,,,,,,,,,,,,,,,,,,,,,,,,,,,,,,,,,,,,,,,,,,,,,,,,,,,,,,,,,,,,,,,,,,,,2027-02-10 20:00:00,hull city,sunderland,2027-02-10,,,,,,,,,,,,,,,,,,,,,,,,,,,,,,,,
,2027-02-10 20:00:00,,Ipswich Town,Arsenal,,,,,,,,,,,,,,,,,,,,,,,,,,,,,,,,,,,,,,,,,,,,,,,,,,,,,,,,,,,,,,,,,,,,,,,,,,,,,,,,,,,,,,,,,,,,,,,,,,,,,,,,,,,,,,,,,,,,,,,,,,,,,,,,,,,,,,,,,,,,,1.653688524590164,,,,1.8,0.8,13.0,,,,,,,,,,,,,,,,,,,,,,,,,,,,,,,,,,,,,,,,,,,,,,,,,,,,,,,,,,,,,,,,,,,,,,,,,,,,,,,,,,,,,,,,,,,,,2027-02-10 20:00:00,ipswich town,arsenal,2027-02-10,,,,,,,,,,,,,,,,,,,,,,,,,,,,,,,,
,2027-02-10 20:00:00,,Man United,Brighton,,,,,,,,,,,,,,,,,,,,,,,,,,,,,,,,,,,,,,,,,,,,,,,,,,,,,,,,,,,,,,,,,,,,,,,,,,,,,,,,,,,,,,,,,,,,,,,,,,,,,,,,,,,,,,,,,,,,,,,,,,,,,,,,,,,,,,,,,,,,2.037037037037037,1.2,2.4,1.6,12.0,1.2,1.2,9.0,,,,,,,,,,,,,,,,,,,,,,,,,,,,,,,,,,,,,,,,,,,,,,,,,,,,,,,,,,,,,,,,,,,,,,,,,,,,,,,,,,,,,,,,,,,,,2027-02-10 20:00:00,man united,brighton,2027-02-10,,,,,,,,,,,,,,,,,,,,,,,,,,,,,,,,
,2027-02-10 20:00:00,,Newcastle,Chelsea,,,,,,,,,,,,,,,,,,,,,,,,,,,,,,,,,,,,,,,,,,,,,,,,,,,,,,,,,,,,,,,,,,,,,,,,,,,,,,,,,,,,,,,,,,,,,,,,,,,,,,,,,,,,,,,,,,,,,,,,,,,,,,,,,,,,,,,,,,,,1.5723830734966593,1.5781893004115226,2.0,1.4,9.0,1.2,2.0,7.0,,,,,,,,,,,,,,,,,,,,,,,,,,,,,,,,,,,,,,,,,,,,,,,,,,,,,,,,,,,,,,,,,,,,,,,,,,,,,,,,,,,,,,,,,,,,,2027-02-10 20:00:00,newcastle,chelsea,2027-02-10,,,,,,,,,,,,,,,,,,,,,,,,,,,,,,,,
,2027-02-10 20:00:00,,Tottenham,Man City,,,,,,,,,,,,,,,,,,,,,,,,,,,,,,,,,,,,,,,,,,,,,,,,,,,,,,,,,,,,,,,,,,,,,,,,,,,,,,,,,,,,,,,,,,,,,,,,,,,,,,,,,,,,,,,,,,,,,,,,,,,,,,,,,,,,,,,,,,,,1.8012295081967213,1.6346153846153846,1.0,1.8,5.0,1.8,1.0,9.0,,,,,,,,,,,,,,,,,,,,,,,,,,,,,,,,,,,,,,,,,,,,,,,,,,,,,,,,,,,,,,,,,,,,,,,,,,,,,,,,,,,,,,,,,,,,,2027-02-10 20:00:00,tottenham,man city,2027-02-10,,,,,,,,,,,,,,,,,,,,,,,,,,,,,,,,
,2027-02-20 15:00:00,,Arsenal,Fulham,,,,,,,,,,,,,,,,,,,,,,,,,,,,,,,,,,,,,,,,,,,,,,,,,,,,,,,,,,,,,,,,,,,,,,,,,,,,,,,,,,,,,,,,,,,,,,,,,,,,,,,,,,,,,,,,,,,,,,,,,,,,,,,,,,,,,,,,,,,,2.138144329896907,0.9378531073446328,1.6,0.4,12.0,0.2,1.2,5.0,,,,,,,,,,,,,,,,,,,,,,,,,,,,,,,,,,,,,,,,,,,,,,,,,,,,,,,,,,,,,,,,,,,,,,,,,,,,,,,,,,,,,,,,,,,,,2027-02-20 15:00:00,arsenal,fulham,2027-02-20,,,,,,,,,,,,,,,,,,,,,,,,,,,,,,,,
,2027-02-20 15:00:00,,Bournemouth,Crystal Palace,,,,,,,,,,,,,,,,,,,,,,,,,,,,,,,,,,,,,,,,,,,,,,,,,,,,,,,,,,,,,,,,,,,,,,,,,,,,,,,,,,,,,,,,,,,,,,,,,,,,,,,,,,,,,,,,,,,,,,,,,,,,,,,,,,,,,,,,,,,,1.3823529411764706,1.1406844106463878,1.6,1.0,7.0,1.2,2.4,7.0,,,,,,,,,,,,,,,,,,,,,,,,,,,,,,,,,,,,,,,,,,,,,,,,,,,,,,,,,,,,,,,,,,,,,,,,,,,,,,,,,,,,,,,,,,,,,2027-02-20 15:00:00,bournemouth,crystal palace,2027-02-20,,,,,,,,,,,,,,,,,,,,,,,,,,,,,,,,
,2027-02-20 15:00:00,,Brentford,Coventry City,,,,,,,,,,,,,,,,,,,,,,,,,,,,,,,,,,,,,,,,,,,,,,,,,,,,,,,,,,,,,,,,,,,,,,,,,,,,,,,,,,,,,,,,,,,,,,,,,,,,,,,,,,,,,,,,,,,,,,,,,,,,,,,,,,,,,,,,,,,,1.6702127659574468,,1.8,1.2,7.0,,,,,,,,,,,,,,,,,,,,,,,,,,,,,,,,,,,,,,,,,,,,,,,,,,,,,,,,,,,,,,,,,,,,,,,,,,,,,,,,,,,,,,,,,,,,,,,,2027-02-20 15:00:00,brentford,coventry city,2027-02-20,,,,,,,,,,,,,,,,,,,,,,,,,,,,,,,,
,2027-02-20 15:00:00,,Brighton,Tottenham,,,,,,,,,,,,,,,,,,,,,,,,,,,,,,,,,,,,,,,,,,,,,,,,,,,,,,,,,,,,,,,,,,,,,,,,,,,,,,,,,,,,,,,,,,,,,,,,,,,,,,,,,,,,,,,,,,,,,,,,,,,,,,,,,,,,,,,,,,,,1.3431952662721893,1.403688524590164,1.6,1.0,9.0,1.0,1.0,9.0,,,,,,,,,,,,,,,,,,,,,,,,,,,,,,,,,,,,,,,,,,,,,,,,,,,,,,,,,,,,,,,,,,,,,,,,,,,,,,,,,,,,,,,,,,,,,2027-02-20 15:00:00,brighton,tottenham,2027-02-20,,,,,,,,,,,,,,,,,,,,,,,,,,,,,,,,
,2027-02-20 15:00:00,,Chelsea,Ipswich Town,,,,,,,,,,,,,,,,,,,,,,,,,,,,,,,,,,,,,,,,,,,,,,,,,,,,,,,,,,,,,,,,,,,,,,,,,,,,,,,,,,,,,,,,,,,,,,,,,,,,,,,,,,,,,,,,,,,,,,,,,,,,,,,,,,,,,,,,,,,,2.02258726899384,,0.6,1.8,3.0,,,,,,,,,,,,,,,,,,,,,,,,,,,,,,,,,,,,,,,,,,,,,,,,,,,,,,,,,,,,,,,,,,,,,,,,,,,,,,,,,,,,,,,,,,,,,,,,2027-02-20 15:00:00,chelsea,ipswich town,2027-02-20,,,,,,,,,,,,,,,,,,,,,,,,,,,,,,,,
,2027-02-20 15:00:00,,Leeds,Aston Villa,,,,,,,,,,,,,,,,,,,,,,,,,,,,,,,,,,,,,,,,,,,,,,,,,,,,,,,,,,,,,,,,,,,,,,,,,,,,,,,,,,,,,,,,,,,,,,,,,,,,,,,,,,,,,,,,,,,,,,,,,,,,,,,,,,,,,,,,,,,,1.429530201342282,1.1511627906976745,1.4,0.4,10.0,1.2,1.6,7.0,,,,,,,,,,,,,,,,,,,,,,,,,,,,,,,,,,,,,,,,,,,,,,,,,,,,,,,,,,,,,,,,,,,,,,,,,,,,,,,,,,,,,,,,,,,,,2027-02-20 15:00:00,leeds,aston villa,2027-02-20,,,,,,,,,,,,,,,,,,,,,,,,,,,,,,,,
,2027-02-20 15:00:00,,Liverpool,Hull City,,,,,,,,,,,,,,,,,,,,,,,,,,,,,,,,,,,,,,,,,,,,,,,,,,,,,,,,,,,,,,,,,,,,,,,,,,,,,,,,,,,,,,,,,,,,,,,,,,,,,,,,,,,,,,,,,,,,,,,,,,,,,,,,,,,,,,,,,,,,2.07201646090535,,1.6,0.8,9.0,,,,,,,,,,,,,,,,,,,,,,,,,,,,,,,,,,,,,,,,,,,,,,,,,,,,,,,,,,,,,,,,,,,,,,,,,,,,,,,,,,,,,,,,,,,,,,,,2027-02-20 15:00:00,liverpool,hull city,2027-02-20,,,,,,,,,,,,,,,,,,,,,,,,,,,,,,,,
,2027-02-20 15:00:00,,Man City,Newcastle,,,,,,,,,,,,,,,,,,,,,,,,,,,,,,,,,,,,,,,,,,,,,,,,,,,,,,,,,,,,,,,,,,,,,,,,,,,,,,,,,,,,,,,,,,,,,,,,,,,,,,,,,,,,,,,,,,,,,,,,,,,,,,,,,,,,,,,,,,,,2.190578158458244,1.1046770601336302,2.2,1.0,10.0,0.6,1.2,7.0,,,,,,,,,,,,,,,,,,,,,,,,,,,,,,,,,,,,,,,,,,,,,,,,,,,,,,,,,,,,,,,,,,,,,,,,,,,,,,,,,,,,,,,,,,,,,2027-02-20 15:00:00,man city,newcastle,2027-02-20,,,,,,,,,,,,,,,,,,,,,,,,,,,,,,,,
,2027-02-20 15:00:00,,Nott'm Forest,Man United,,,,,,,,,,,,,,,,,,,,,,,,,,,,,,,,,,,,,,,,,,,,,,,,,,,,,,,,,,,,,,,,,,,,,,,,,,,,,,,,,,,,,,,,,,,,,,,,,,,,,,,,,,,,,,,,,,,,,,,,,,,,,,,,,,,,,,,,,,,,1.32,1.5925925925925926,1.4,0.8,7.0,1.4,0.8,9.0,,,,,,,,,,,,,,,,,,,,,,,,,,,,,,,,,,,,,,,,,,,,,,,,,,,,,,,,,,,,,,,,,,,,,,,,,,,,,,,,,,,,,,,,,,,,,2027-02-20 15:00:00,nott'm forest,man united,2027-02-20,,,,,,,,,,,,,,,,,,,,,,,,,,,,,,,,
,2027-02-20 15:00:00,,Sunderland,Everton,,,,,,,,,,,,,,,,,,,,,,,,,,,,,,,,,,,,,,,,,,,,,,,,,,,,,,,,,,,,,,,,,,,,,,,,,,,,,,,,,,,,,,,,,,,,,,,,,,,,,,,,,,,,,,,,,,,,,,,,,,,,,,,,,,,,,,,,,,,,1.0985915492957747,1.0534979423868314,0.6,1.4,7.0,1.0,1.8,5.0,,,,,,,,,,,,,,,,,,,,,,,,,,,,,,,,,,,,,,,,,,,,,,,,,,,,,,,,,,,,,,,,,,,,,,,,,,,,,,,,,,,,,,,,,,,,,2027-02-20 15:00:00,sunderland,everton,2027-02-20,,,,,,,,,,,,,,,,,,,,,,,,,,,,,,,,
,2027-02-27 15:00:00,,Aston Villa,Chelsea,,,,,,,,,,,,,,,,,,,,,,,,,,,,,,,,,,,,,,,,,,,,,,,,,,,,,,,,,,,,,,,,,,,,,,,,,,,,,,,,,,,,,,,,,,,,,,,,,,,,,,,,,,,,,,,,,,,,,,,,,,,,,,,,,,,,,,,,,,,,1.3837209302325582,1.5781893004115226,2.4,2.2,9.0,1.2,2.0,7.0,,,,,,,,,,,,,,,,,,,,,,,,,,,,,,,,,,,,,,,,,,,,,,,,,,,,,,,,,,,,,,,,,,,,,,,,,,,,,,,,,,,,,,,,,,,,,2027-02-27 15:00:00,aston villa,chelsea,2027-02-27,,,,,,,,,,,,,,,,,,,,,,,,,,,,,,,,
,2027-02-27 15:00:00,,Coventry City,Bournemouth,,,,,,,,,,,,,,,,,,,,,,,,,,,,,,,,,,,,,,,,,,,,,,,,,,,,,,,,,,,,,,,,,,,,,,,,,,,,,,,,,,,,,,,,,,,,,,,,,,,,,,,,,,,,,,,,,,,,,,,,,,,,,,,,,,,,,,,,,,,,,1.2529411764705882,,,,1.2,0.6,11.0,,,,,,,,,,,,,,,,,,,,,,,,,,,,,,,,,,,,,,,,,,,,,,,,,,,,,,,,,,,,,,,,,,,,,,,,,,,,,,,,,,,,,,,,,,,,,2027-02-27 15:00:00,coventry city,bournemouth,2027-02-27,,,,,,,,,,,,,,,,,,,,,,,,,,,,,,,,
,2027-02-27 15:00:00,,Crystal Palace,Sunderland,,,,,,,,,,,,,,,,,,,,,,,,,,,,,,,,,,,,,,,,,,,,,,,,,,,,,,,,,,,,,,,,,,,,,,,,,,,,,,,,,,,,,,,,,,,,,,,,,,,,,,,,,,,,,,,,,,,,,,,,,,,,,,,,,,,,,,,,,,,,1.1877394636015326,0.872791519434629,1.0,1.0,6.0,2.0,1.4,11.0,,,,,,,,,,,,,,,,,,,,,,,,,,,,,,,,,,,,,,,,,,,,,,,,,,,,,,,,,,,,,,,,,,,,,,,,,,,,,,,,,,,,,,,,,,,,,2027-02-27 15:00:00,crystal palace,sunderland,2027-02-27,,,,,,,,,,,,,,,,,,,,,,,,,,,,,,,,
,2027-02-27 15:00:00,,Everton,Nott'm Forest,,,,,,,,,,,,,,,,,,,,,,,,,,,,,,,,,,,,,,,,,,,,,,,,,,,,,,,,,,,,,,,,,,,,,,,,,,,,,,,,,,,,,,,,,,,,,,,,,,,,,,,,,,,,,,,,,,,,,,,,,,,,,,,,,,,,,,,,,,,,1.5061475409836065,1.24,2.0,1.6,7.0,3.0,1.2,11.0,,,,,,,,,,,,,,,,,,,,,,,,,,,,,,,,,,,,,,,,,,,,,,,,,,,,,,,,,,,,,,,,,,,,,,,,,,,,,,,,,,,,,,,,,,,,,2027-02-27 15:00:00,everton,nott'm forest,2027-02-27,,,,,,,,,,,,,,,,,,,,,,,,,,,,,,,,
,2027-02-27 15:00:00,,Fulham,Leeds,,,,,,,,,,,,,,,,,,,,,,,,,,,,,,,,,,,,,,,,,,,,,,,,,,,,,,,,,,,,,,,,,,,,,,,,,,,,,,,,,,,,,,,,,,,,,,,,,,,,,,,,,,,,,,,,,,,,,,,,,,,,,,,,,,,,,,,,,,,,1.3661971830985915,1.2925170068027212,1.2,0.6,9.0,1.0,1.4,7.0,,,,,,,,,,,,,,,,,,,,,,,,,,,,,,,,,,,,,,,,,,,,,,,,,,,,,,,,,,,,,,,,,,,,,,,,,,,,,,,,,,,,,,,,,,,,,2027-02-27 15:00:00,fulham,leeds,2027-02-27,,,,,,,,,,,,,,,,,,,,,,,,,,,,,,,,
,2027-02-27 15:00:00,,Hull City,Man City,,,,,,,,,,,,,,,,,,,,,,,,,,,,,,,,,,,,,,,,,,,,,,,,,,,,,,,,,,,,,,,,,,,,,,,,,,,,,,,,,,,,,,,,,,,,,,,,,,,,,,,,,,,,,,,,,,,,,,,,,,,,,,,,,,,,,,,,,,,,,1.6346153846153846,,,,1.8,1.0,9.0,,,,,,,,,,,,,,,,,,,,,,,,,,,,,,,,,,,,,,,,,,,,,,,,,,,,,,,,,,,,,,,,,,,,,,,,,,,,,,,,,,,,,,,,,,,,,2027-02-27 15:00:00,hull city,man city,2027-02-27,,,,,,,,,,,,,,,,,,,,,,,,,,,,,,,,
,2027-02-27 15:00:00,,Ipswich Town,Brighton,,,,,,,,,,,,,,,,,,,,,,,,,,,,,,,,,,,,,,,,,,,,,,,,,,,,,,,,,,,,,,,,,,,,,,,,,,,,,,,,,,,,,,,,,,,,,,,,,,,,,,,,,,,,,,,,,,,,,,,,,,,,,,,,,,,,,,,,,,,,,1.2,,,,1.2,1.2,9.0,,,,,,,,,,,,,,,,,,,,,,,,,,,,,,,,,,,,,,,,,,,,,,,,,,,,,,,,,,,,,,,,,,,,,,,,,,,,,,,,,,,,,,,,,,,,,2027-02-27 15:00:00,ipswich town,brighton,2027-02-27,,,,,,,,,,,,,,,,,,,,,,,,,,,,,,,,
,2027-02-27 15:00:00,,Man United,Arsenal,,,,,,,,,,,,,,,,,,,,,,,,,,,,,,,,,,,,,,,,,,,,,,,,,,,,,,,,,,,,,,,,,,,,,,,,,,,,,,,,,,,,,,,,,,,,,,,,,,,,,,,,,,,,,,,,,,,,,,,,,,,,,,,,,,,,,,,,,,,,2.037037037037037,1.653688524590164,2.4,1.6,12.0,1.8,0.8,13.0,,,,,,,,,,,,,,,,,,,,,,,,,,,,,,,,,,,,,,,,,,,,,,,,,,,,,,,,,,,,,,,,,,,,,,,,,,,,,,,,,,,,,,,,,,,,,2027-02-27 15:00:00,man united,arsenal,2027-02-27,,,,,,,,,,,,,,,,,,,,,,,,,,,,,,,,
,2027-02-27 15:00:00,,Newcastle,Brentford,,,,,,,,,,,,,,,,,,,,,,,,,,,,,,,,,,,,,,,,,,,,,,,,,,,,,,,,,,,,,,,,,,,,,,,,,,,,,,,,,,,,,,,,,,,,,,,,,,,,,,,,,,,,,,,,,,,,,,,,,,,,,,,,,,,,,,,,,,,,1.5723830734966593,1.3191489361702127,2.0,1.4,9.0,0.4,1.2,5.0,,,,,,,,,,,,,,,,,,,,,,,,,,,,,,,,,,,,,,,,,,,,,,,,,,,,,,,,,,,,,,,,,,,,,,,,,,,,,,,,,,,,,,,,,,,,,2027-02-27 15:00:00,newcastle,brentford,2027-02-27,,,,,,,,,,,,,,,,,,,,,,,,,,,,,,,,
,2027-02-27 15:00:00,,Tottenham,Liverpool,,,,,,,,,,,,,,,,,,,,,,,,,,,,,,,,,,,,,,,,,,,,,,,,,,,,,,,,,,,,,,,,,,,,,,,,,,,,,,,,,,,,,,,,,,,,,,,,,,,,,,,,,,,,,,,,,,,,,,,,,,,,,,,,,,,,,,,,,,,,1.8012295081967213,1.6462167689161553,1.0,1.8,5.0,1.6,2.4,7.0,,,,,,,,,,,,,,,,,,,,,,,,,,,,,,,,,,,,,,,,,,,,,,,,,,,,,,,,,,,,,,,,,,,,,,,,,,,,,,,,,,,,,,,,,,,,,2027-02-27 15:00:00,tottenham,liverpool,2027-02-27,,,,,,,,,,,,,,,,,,,,,,,,,,,,,,,,
,2027-03-03 20:00:00,,Arsenal,Crystal Palace,,,,,,,,,,,,,,,,,,,,,,,,,,,,,,,,,,,,,,,,,,,,,,,,,,,,,,,,,,,,,,,,,,,,,,,,,,,,,,,,,,,,,,,,,,,,,,,,,,,,,,,,,,,,,,,,,,,,,,,,,,,,,,,,,,,,,,,,,,,,2.138144329896907,1.1406844106463878,1.6,0.4,12.0,1.2,2.4,7.0,,,,,,,,,,,,,,,,,,,,,,,,,,,,,,,,,,,,,,,,,,,,,,,,,,,,,,,,,,,,,,,,,,,,,,,,,,,,,,,,,,,,,,,,,,,,,2027-03-03 20:00:00,arsenal,crystal palace,2027-03-03,,,,,,,,,,,,,,,,,,,,,,,,,,,,,,,,
,2027-03-03 20:00:00,,Bournemouth,Tottenham,,,,,,,,,,,,,,,,,,,,,,,,,,,,,,,,,,,,,,,,,,,,,,,,,,,,,,,,,,,,,,,,,,,,,,,,,,,,,,,,,,,,,,,,,,,,,,,,,,,,,,,,,,,,,,,,,,,,,,,,,,,,,,,,,,,,,,,,,,,,1.3823529411764706,1.403688524590164,1.6,1.0,7.0,1.0,1.0,9.0,,,,,,,,,,,,,,,,,,,,,,,,,,,,,,,,,,,,,,,,,,,,,,,,,,,,,,,,,,,,,,,,,,,,,,,,,,,,,,,,,,,,,,,,,,,,,2027-03-03 20:00:00,bournemouth,tottenham,2027-03-03,,,,,,,,,,,,,,,,,,,,,,,,,,,,,,,,
,2027-03-03 20:00:00,,Brentford,Ipswich Town,,,,,,,,,,,,,,,,,,,,,,,,,,,,,,,,,,,,,,,,,,,,,,,,,,,,,,,,,,,,,,,,,,,,,,,,,,,,,,,,,,,,,,,,,,,,,,,,,,,,,,,,,,,,,,,,,,,,,,,,,,,,,,,,,,,,,,,,,,,,1.6702127659574468,,1.8,1.2,7.0,,,,,,,,,,,,,,,,,,,,,,,,,,,,,,,,,,,,,,,,,,,,,,,,,,,,,,,,,,,,,,,,,,,,,,,,,,,,,,,,,,,,,,,,,,,,,,,,2027-03-03 20:00:00,brentford,ipswich town,2027-03-03,,,,,,,,,,,,,,,,,,,,,,,,,,,,,,,,
,2027-03-03 20:00:00,,Brighton,Fulham,,,,,,,,,,,,,,,,,,,,,,,,,,,,,,,,,,,,,,,,,,,,,,,,,,,,,,,,,,,,,,,,,,,,,,,,,,,,,,,,,,,,,,,,,,,,,,,,,,,,,,,,,,,,,,,,,,,,,,,,,,,,,,,,,,,,,,,,,,,,1.3431952662721893,0.9378531073446328,1.6,1.0,9.0,0.2,1.2,5.0,,,,,,,,,,,,,,,,,,,,,,,,,,,,,,,,,,,,,,,,,,,,,,,,,,,,,,,,,,,,,,,,,,,,,,,,,,,,,,,,,,,,,,,,,,,,,2027-03-03 20:00:00,brighton,fulham,2027-03-03,,,,,,,,,,,,,,,,,,,,,,,,,,,,,,,,
,2027-03-03 20:00:00,,Chelsea,Coventry City,,,,,,,,,,,,,,,,,,,,,,,,,,,,,,,,,,,,,,,,,,,,,,,,,,,,,,,,,,,,,,,,,,,,,,,,,,,,,,,,,,,,,,,,,,,,,,,,,,,,,,,,,,,,,,,,,,,,,,,,,,,,,,,,,,,,,,,,,,,,2.02258726899384,,0.6,1.8,3.0,,,,,,,,,,,,,,,,,,,,,,,,,,,,,,,,,,,,,,,,,,,,,,,,,,,,,,,,,,,,,,,,,,,,,,,,,,,,,,,,,,,,,,,,,,,,,,,,2027-03-03 20:00:00,chelsea,coventry city,2027-03-03,,,,,,,,,,,,,,,,,,,,,,,,,,,,,,,,
,2027-03-03 20:00:00,,Leeds,Hull City,,,,,,,,,,,,,,,,,,,,,,,,,,,,,,,,,,,,,,,,,,,,,,,,,,,,,,,,,,,,,,,,,,,,,,,,,,,,,,,,,,,,,,,,,,,,,,,,,,,,,,,,,,,,,,,,,,,,,,,,,,,,,,,,,,,,,,,,,,,,1.429530201342282,,1.4,0.4,10.0,,,,,,,,,,,,,,,,,,,,,,,,,,,,,,,,,,,,,,,,,,,,,,,,,,,,,,,,,,,,,,,,,,,,,,,,,,,,,,,,,,,,,,,,,,,,,,,,2027-03-03 20:00:00,leeds,hull city,2027-03-03,,,,,,,,,,,,,,,,,,,,,,,,,,,,,,,,
,2027-03-03 20:00:00,,Liverpool,Aston Villa,,,,,,,,,,,,,,,,,,,,,,,,,,,,,,,,,,,,,,,,,,,,,,,,,,,,,,,,,,,,,,,,,,,,,,,,,,,,,,,,,,,,,,,,,,,,,,,,,,,,,,,,,,,,,,,,,,,,,,,,,,,,,,,,,,,,,,,,,,,,2.07201646090535,1.1511627906976745,1.6,0.8,9.0,1.2,1.6,7.0,,,,,,,,,,,,,,,,,,,,,,,,,,,,,,,,,,,,,,,,,,,,,,,,,,,,,,,,,,,,,,,,,,,,,,,,,,,,,,,,,,,,,,,,,,,,,2027-03-03 20:00:00,liverpool,aston villa,2027-03-03,,,,,,,,,,,,,,,,,,,,,,,,,,,,,,,,
,2027-03-03 20:00:00,,Man City,Everton,,,,,,,,,,,,,,,,,,,,,,,,,,,,,,,,,,,,,,,,,,,,,,,,,,,,,,,,,,,,,,,,,,,,,,,,,,,,,,,,,,,,,,,,,,,,,,,,,,,,,,,,,,,,,,,,,,,,,,,,,,,,,,,,,,,,,,,,,,,,2.190578158458244,1.0534979423868314,2.2,1.0,10.0,1.0,1.8,5.0,,,,,,,,,,,,,,,,,,,,,,,,,,,,,,,,,,,,,,,,,,,,,,,,,,,,,,,,,,,,,,,,,,,,,,,,,,,,,,,,,,,,,,,,,,,,,2027-03-03 20:00:00,man city,everton,2027-03-03,,,,,,,,,,,,,,,,,,,,,,,,,,,,,,,,
,2027-03-03 20:00:00,,Nott'm Forest,Newcastle,,,,,,,,,,,,,,,,,,,,,,,,,,,,,,,,,,,,,,,,,,,,,,,,,,,,,,,,,,,,,,,,,,,,,,,,,,,,,,,,,,,,,,,,,,,,,,,,,,,,,,,,,,,,,,,,,,,,,,,,,,,,,,,,,,,,,,,,,,,,1.32,1.1046770601336302,1.4,0.8,7.0,0.6,1.2,7.0,,,,,,,,,,,,,,,,,,,,,,,,,,,,,,,,,,,,,,,,,,,,,,,,,,,,,,,,,,,,,,,,,,,,,,,,,,,,,,,,,,,,,,,,,,,,,2027-03-03 20:00:00,nott'm forest,newcastle,2027-03-03,,,,,,,,,,,,,,,,,,,,,,,,,,,,,,,,
,2027-03-03 20:00:00,,Sunderland,Man United,,,,,,,,,,,,,,,,,,,,,,,,,,,,,,,,,,,,,,,,,,,,,,,,,,,,,,,,,,,,,,,,,,,,,,,,,,,,,,,,,,,,,,,,,,,,,,,,,,,,,,,,,,,,,,,,,,,,,,,,,,,,,,,,,,,,,,,,,,,,1.0985915492957747,1.5925925925925926,0.6,1.4,7.0,1.4,0.8,9.0,,,,,,,,,,,,,,,,,,,,,,,,,,,,,,,,,,,,,,,,,,,,,,,,,,,,,,,,,,,,,,,,,,,,,,,,,,,,,,,,,,,,,,,,,,,,,2027-03-03 20:00:00,sunderland,man united,2027-03-03,,,,,,,,,,,,,,,,,,,,,,,,,,,,,,,,
,2027-03-13 15:00:00,,Aston Villa,Hull City,,,,,,,,,,,,,,,,,,,,,,,,,,,,,,,,,,,,,,,,,,,,,,,,,,,,,,,,,,,,,,,,,,,,,,,,,,,,,,,,,,,,,,,,,,,,,,,,,,,,,,,,,,,,,,,,,,,,,,,,,,,,,,,,,,,,,,,,,,,,1.3837209302325582,,2.4,2.2,9.0,,,,,,,,,,,,,,,,,,,,,,,,,,,,,,,,,,,,,,,,,,,,,,,,,,,,,,,,,,,,,,,,,,,,,,,,,,,,,,,,,,,,,,,,,,,,,,,,2027-03-13 15:00:00,aston villa,hull city,2027-03-13,,,,,,,,,,,,,,,,,,,,,,,,,,,,,,,,
,2027-03-13 15:00:00,,Bournemouth,Newcastle,,,,,,,,,,,,,,,,,,,,,,,,,,,,,,,,,,,,,,,,,,,,,,,,,,,,,,,,,,,,,,,,,,,,,,,,,,,,,,,,,,,,,,,,,,,,,,,,,,,,,,,,,,,,,,,,,,,,,,,,,,,,,,,,,,,,,,,,,,,,1.3823529411764706,1.1046770601336302,1.6,1.0,7.0,0.6,1.2,7.0,,,,,,,,,,,,,,,,,,,,,,,,,,,,,,,,,,,,,,,,,,,,,,,,,,,,,,,,,,,,,,,,,,,,,,,,,,,,,,,,,,,,,,,,,,,,,2027-03-13 15:00:00,bournemouth,newcastle,2027-03-13,,,,,,,,,,,,,,,,,,,,,,,,,,,,,,,,
,2027-03-13 15:00:00,,Chelsea,Arsenal,,,,,,,,,,,,,,,,,,,,,,,,,,,,,,,,,,,,,,,,,,,,,,,,,,,,,,,,,,,,,,,,,,,,,,,,,,,,,,,,,,,,,,,,,,,,,,,,,,,,,,,,,,,,,,,,,,,,,,,,,,,,,,,,,,,,,,,,,,,,2.02258726899384,1.653688524590164,0.6,1.8,3.0,1.8,0.8,13.0,,,,,,,,,,,,,,,,,,,,,,,,,,,,,,,,,,,,,,,,,,,,,,,,,,,,,,,,,,,,,,,,,,,,,,,,,,,,,,,,,,,,,,,,,,,,,2027-03-13 15:00:00,chelsea,arsenal,2027-03-13,,,,,,,,,,,,,,,,,,,,,,,,,,,,,,,,
,2027-03-13 15:00:00,,Coventry City,Man City,,,,,,,,,,,,,,,,,,,,,,,,,,,,,,,,,,,,,,,,,,,,,,,,,,,,,,,,,,,,,,,,,,,,,,,,,,,,,,,,,,,,,,,,,,,,,,,,,,,,,,,,,,,,,,,,,,,,,,,,,,,,,,,,,,,,,,,,,,,,,1.6346153846153846,,,,1.8,1.0,9.0,,,,,,,,,,,,,,,,,,,,,,,,,,,,,,,,,,,,,,,,,,,,,,,,,,,,,,,,,,,,,,,,,,,,,,,,,,,,,,,,,,,,,,,,,,,,,2027-03-13 15:00:00,coventry city,man city,2027-03-13,,,,,,,,,,,,,,,,,,,,,,,,,,,,,,,,
,2027-03-13 15:00:00,,Crystal Palace,Fulham,,,,,,,,,,,,,,,,,,,,,,,,,,,,,,,,,,,,,,,,,,,,,,,,,,,,,,,,,,,,,,,,,,,,,,,,,,,,,,,,,,,,,,,,,,,,,,,,,,,,,,,,,,,,,,,,,,,,,,,,,,,,,,,,,,,,,,,,,,,,1.1877394636015326,0.9378531073446328,1.0,1.0,6.0,0.2,1.2,5.0,,,,,,,,,,,,,,,,,,,,,,,,,,,,,,,,,,,,,,,,,,,,,,,,,,,,,,,,,,,,,,,,,,,,,,,,,,,,,,,,,,,,,,,,,,,,,2027-03-13 15:00:00,crystal palace,fulham,2027-03-13,,,,,,,,,,,,,,,,,,,,,,,,,,,,,,,,
,2027-03-13 15:00:00,,Leeds,Brighton,,,,,,,,,,,,,,,,,,,,,,,,,,,,,,,,,,,,,,,,,,,,,,,,,,,,,,,,,,,,,,,,,,,,,,,,,,,,,,,,,,,,,,,,,,,,,,,,,,,,,,,,,,,,,,,,,,,,,,,,,,,,,,,,,,,,,,,,,,,,1.429530201342282,1.2,1.4,0.4,10.0,1.2,1.2,9.0,,,,,,,,,,,,,,,,,,,,,,,,,,,,,,,,,,,,,,,,,,,,,,,,,,,,,,,,,,,,,,,,,,,,,,,,,,,,,,,,,,,,,,,,,,,,,2027-03-13 15:00:00,leeds,brighton,2027-03-13,,,,,,,,,,,,,,,,,,,,,,,,,,,,,,,,
,2027-03-13 15:00:00,,Liverpool,Ipswich Town,,,,,,,,,,,,,,,,,,,,,,,,,,,,,,,,,,,,,,,,,,,,,,,,,,,,,,,,,,,,,,,,,,,,,,,,,,,,,,,,,,,,,,,,,,,,,,,,,,,,,,,,,,,,,,,,,,,,,,,,,,,,,,,,,,,,,,,,,,,,2.07201646090535,,1.6,0.8,9.0,,,,,,,,,,,,,,,,,,,,,,,,,,,,,,,,,,,,,,,,,,,,,,,,,,,,,,,,,,,,,,,,,,,,,,,,,,,,,,,,,,,,,,,,,,,,,,,,2027-03-13 15:00:00,liverpool,ipswich town,2027-03-13,,,,,,,,,,,,,,,,,,,,,,,,,,,,,,,,
,2027-03-13 15:00:00,,Man United,Everton,,,,,,,,,,,,,,,,,,,,,,,,,,,,,,,,,,,,,,,,,,,,,,,,,,,,,,,,,,,,,,,,,,,,,,,,,,,,,,,,,,,,,,,,,,,,,,,,,,,,,,,,,,,,,,,,,,,,,,,,,,,,,,,,,,,,,,,,,,,,2.037037037037037,1.0534979423868314,2.4,1.6,12.0,1.0,1.8,5.0,,,,,,,,,,,,,,,,,,,,,,,,,,,,,,,,,,,,,,,,,,,,,,,,,,,,,,,,,,,,,,,,,,,,,,,,,,,,,,,,,,,,,,,,,,,,,2027-03-13 15:00:00,man united,everton,2027-03-13,,,,,,,,,,,,,,,,,,,,,,,,,,,,,,,,
,2027-03-13 15:00:00,,Sunderland,Brentford,,,,,,,,,,,,,,,,,,,,,,,,,,,,,,,,,,,,,,,,,,,,,,,,,,,,,,,,,,,,,,,,,,,,,,,,,,,,,,,,,,,,,,,,,,,,,,,,,,,,,,,,,,,,,,,,,,,,,,,,,,,,,,,,,,,,,,,,,,,,1.0985915492957747,1.3191489361702127,0.6,1.4,7.0,0.4,1.2,5.0,,,,,,,,,,,,,,,,,,,,,,,,,,,,,,,,,,,,,,,,,,,,,,,,,,,,,,,,,,,,,,,,,,,,,,,,,,,,,,,,,,,,,,,,,,,,,2027-03-13 15:00:00,sunderland,brentford,2027-03-13,,,,,,,,,,,,,,,,,,,,,,,,,,,,,,,,
,2027-03-13 15:00:00,,Tottenham,Nott'm Forest,,,,,,,,,,,,,,,,,,,,,,,,,,,,,,,,,,,,,,,,,,,,,,,,,,,,,,,,,,,,,,,,,,,,,,,,,,,,,,,,,,,,,,,,,,,,,,,,,,,,,,,,,,,,,,,,,,,,,,,,,,,,,,,,,,,,,,,,,,,,1.8012295081967213,1.24,1.0,1.8,5.0,3.0,1.2,11.0,,,,,,,,,,,,,,,,,,,,,,,,,,,,,,,,,,,,,,,,,,,,,,,,,,,,,,,,,,,,,,,,,,,,,,,,,,,,,,,,,,,,,,,,,,,,,2027-03-13 15:00:00,tottenham,nott'm forest,2027-03-13,,,,,,,,,,,,,,,,,,,,,,,,,,,,,,,,
,2027-03-20 15:00:00,,Arsenal,Sunderland,,,,,,,,,,,,,,,,,,,,,,,,,,,,,,,,,,,,,,,,,,,,,,,,,,,,,,,,,,,,,,,,,,,,,,,,,,,,,,,,,,,,,,,,,,,,,,,,,,,,,,,,,,,,,,,,,,,,,,,,,,,,,,,,,,,,,,,,,,,,2.138144329896907,0.872791519434629,1.6,0.4,12.0,2.0,1.4,11.0,,,,,,,,,,,,,,,,,,,,,,,,,,,,,,,,,,,,,,,,,,,,,,,,,,,,,,,,,,,,,,,,,,,,,,,,,,,,,,,,,,,,,,,,,,,,,2027-03-20 15:00:00,arsenal,sunderland,2027-03-20,,,,,,,,,,,,,,,,,,,,,,,,,,,,,,,,
,2027-03-20 15:00:00,,Brentford,Bournemouth,,,,,,,,,,,,,,,,,,,,,,,,,,,,,,,,,,,,,,,,,,,,,,,,,,,,,,,,,,,,,,,,,,,,,,,,,,,,,,,,,,,,,,,,,,,,,,,,,,,,,,,,,,,,,,,,,,,,,,,,,,,,,,,,,,,,,,,,,,,,1.6702127659574468,1.2529411764705882,1.8,1.2,7.0,1.2,0.6,11.0,,,,,,,,,,,,,,,,,,,,,,,,,,,,,,,,,,,,,,,,,,,,,,,,,,,,,,,,,,,,,,,,,,,,,,,,,,,,,,,,,,,,,,,,,,,,,2027-03-20 15:00:00,brentford,bournemouth,2027-03-20,,,,,,,,,,,,,,,,,,,,,,,,,,,,,,,,
,2027-03-20 15:00:00,,Brighton,Coventry City,,,,,,,,,,,,,,,,,,,,,,,,,,,,,,,,,,,,,,,,,,,,,,,,,,,,,,,,,,,,,,,,,,,,,,,,,,,,,,,,,,,,,,,,,,,,,,,,,,,,,,,,,,,,,,,,,,,,,,,,,,,,,,,,,,,,,,,,,,,,1.3431952662721893,,1.6,1.0,9.0,,,,,,,,,,,,,,,,,,,,,,,,,,,,,,,,,,,,,,,,,,,,,,,,,,,,,,,,,,,,,,,,,,,,,,,,,,,,,,,,,,,,,,,,,,,,,,,,2027-03-20 15:00:00,brighton,coventry city,2027-03-20,,,,,,,,,,,,,,,,,,,,,,,,,,,,,,,,
,2027-03-20 15:00:00,,Everton,Tottenham,,,,,,,,,,,,,,,,,,,,,,,,,,,,,,,,,,,,,,,,,,,,,,,,,,,,,,,,,,,,,,,,,,,,,,,,,,,,,,,,,,,,,,,,,,,,,,,,,,,,,,,,,,,,,,,,,,,,,,,,,,,,,,,,,,,,,,,,,,,,1.5061475409836065,1.403688524590164,2.0,1.6,7.0,1.0,1.0,9.0,,,,,,,,,,,,,,,,,,,,,,,,,,,,,,,,,,,,,,,,,,,,,,,,,,,,,,,,,,,,,,,,,,,,,,,,,,,,,,,,,,,,,,,,,,,,,2027-03-20 15:00:00,everton,tottenham,2027-03-20,,,,,,,,,,,,,,,,,,,,,,,,,,,,,,,,
,2027-03-20 15:00:00,,Fulham,Liverpool,,,,,,,,,,,,,,,,,,,,,,,,,,,,,,,,,,,,,,,,,,,,,,,,,,,,,,,,,,,,,,,,,,,,,,,,,,,,,,,,,,,,,,,,,,,,,,,,,,,,,,,,,,,,,,,,,,,,,,,,,,,,,,,,,,,,,,,,,,,,1.3661971830985915,1.6462167689161553,1.2,0.6,9.0,1.6,2.4,7.0,,,,,,,,,,,,,,,,,,,,,,,,,,,,,,,,,,,,,,,,,,,,,,,,,,,,,,,,,,,,,,,,,,,,,,,,,,,,,,,,,,,,,,,,,,,,,2027-03-20 15:00:00,fulham,liverpool,2027-03-20,,,,,,,,,,,,,,,,,,,,,,,,,,,,,,,,
,2027-03-20 15:00:00,,Hull City,Chelsea,,,,,,,,,,,,,,,,,,,,,,,,,,,,,,,,,,,,,,,,,,,,,,,,,,,,,,,,,,,,,,,,,,,,,,,,,,,,,,,,,,,,,,,,,,,,,,,,,,,,,,,,,,,,,,,,,,,,,,,,,,,,,,,,,,,,,,,,,,,,,1.5781893004115226,,,,1.2,2.0,7.0,,,,,,,,,,,,,,,,,,,,,,,,,,,,,,,,,,,,,,,,,,,,,,,,,,,,,,,,,,,,,,,,,,,,,,,,,,,,,,,,,,,,,,,,,,,,,2027-03-20 15:00:00,hull city,chelsea,2027-03-20,,,,,,,,,,,,,,,,,,,,,,,,,,,,,,,,
,2027-03-20 15:00:00,,Ipswich Town,Crystal Palace,,,,,,,,,,,,,,,,,,,,,,,,,,,,,,,,,,,,,,,,,,,,,,,,,,,,,,,,,,,,,,,,,,,,,,,,,,,,,,,,,,,,,,,,,,,,,,,,,,,,,,,,,,,,,,,,,,,,,,,,,,,,,,,,,,,,,,,,,,,,,1.1406844106463878,,,,1.2,2.4,7.0,,,,,,,,,,,,,,,,,,,,,,,,,,,,,,,,,,,,,,,,,,,,,,,,,,,,,,,,,,,,,,,,,,,,,,,,,,,,,,,,,,,,,,,,,,,,,2027-03-20 15:00:00,ipswich town,crystal palace,2027-03-20,,,,,,,,,,,,,,,,,,,,,,,,,,,,,,,,
,2027-03-20 15:00:00,,Man City,Man United,,,,,,,,,,,,,,,,,,,,,,,,,,,,,,,,,,,,,,,,,,,,,,,,,,,,,,,,,,,,,,,,,,,,,,,,,,,,,,,,,,,,,,,,,,,,,,,,,,,,,,,,,,,,,,,,,,,,,,,,,,,,,,,,,,,,,,,,,,,,2.190578158458244,1.5925925925925926,2.2,1.0,10.0,1.4,0.8,9.0,,,,,,,,,,,,,,,,,,,,,,,,,,,,,,,,,,,,,,,,,,,,,,,,,,,,,,,,,,,,,,,,,,,,,,,,,,,,,,,,,,,,,,,,,,,,,2027-03-20 15:00:00,man city,man united,2027-03-20,,,,,,,,,,,,,,,,,,,,,,,,,,,,,,,,
,2027-03-20 15:00:00,,Newcastle,Leeds,,,,,,,,,,,,,,,,,,,,,,,,,,,,,,,,,,,,,,,,,,,,,,,,,,,,,,,,,,,,,,,,,,,,,,,,,,,,,,,,,,,,,,,,,,,,,,,,,,,,,,,,,,,,,,,,,,,,,,,,,,,,,,,,,,,,,,,,,,,,1.5723830734966593,1.2925170068027212,2.0,1.4,9.0,1.0,1.4,7.0,,,,,,,,,,,,,,,,,,,,,,,,,,,,,,,,,,,,,,,,,,,,,,,,,,,,,,,,,,,,,,,,,,,,,,,,,,,,,,,,,,,,,,,,,,,,,2027-03-20 15:00:00,newcastle,leeds,2027-03-20,,,,,,,,,,,,,,,,,,,,,,,,,,,,,,,,
,2027-03-20 15:00:00,,Nott'm Forest,Aston Villa,,,,,,,,,,,,,,,,,,,,,,,,,,,,,,,,,,,,,,,,,,,,,,,,,,,,,,,,,,,,,,,,,,,,,,,,,,,,,,,,,,,,,,,,,,,,,,,,,,,,,,,,,,,,,,,,,,,,,,,,,,,,,,,,,,,,,,,,,,,,1.32,1.1511627906976745,1.4,0.8,7.0,1.2,1.6,7.0,,,,,,,,,,,,,,,,,,,,,,,,,,,,,,,,,,,,,,,,,,,,,,,,,,,,,,,,,,,,,,,,,,,,,,,,,,,,,,,,,,,,,,,,,,,,,2027-03-20 15:00:00,nott'm forest,aston villa,2027-03-20,,,,,,,,,,,,,,,,,,,,,,,,,,,,,,,,
,2027-04-10 15:00:00,,Aston Villa,Brighton,,,,,,,,,,,,,,,,,,,,,,,,,,,,,,,,,,,,,,,,,,,,,,,,,,,,,,,,,,,,,,,,,,,,,,,,,,,,,,,,,,,,,,,,,,,,,,,,,,,,,,,,,,,,,,,,,,,,,,,,,,,,,,,,,,,,,,,,,,,,1.3837209302325582,1.2,2.4,2.2,9.0,1.2,1.2,9.0,,,,,,,,,,,,,,,,,,,,,,,,,,,,,,,,,,,,,,,,,,,,,,,,,,,,,,,,,,,,,,,,,,,,,,,,,,,,,,,,,,,,,,,,,,,,,2027-04-10 15:00:00,aston villa,brighton,2027-04-10,,,,,,,,,,,,,,,,,,,,,,,,,,,,,,,,
,2027-04-10 15:00:00,,Bournemouth,Man City,,,,,,,,,,,,,,,,,,,,,,,,,,,,,,,,,,,,,,,,,,,,,,,,,,,,,,,,,,,,,,,,,,,,,,,,,,,,,,,,,,,,,,,,,,,,,,,,,,,,,,,,,,,,,,,,,,,,,,,,,,,,,,,,,,,,,,,,,,,,1.3823529411764706,1.6346153846153846,1.6,1.0,7.0,1.8,1.0,9.0,,,,,,,,,,,,,,,,,,,,,,,,,,,,,,,,,,,,,,,,,,,,,,,,,,,,,,,,,,,,,,,,,,,,,,,,,,,,,,,,,,,,,,,,,,,,,2027-04-10 15:00:00,bournemouth,man city,2027-04-10,,,,,,,,,,,,,,,,,,,,,,,,,,,,,,,,
,2027-04-10 15:00:00,,Chelsea,Fulham,,,,,,,,,,,,,,,,,,,,,,,,,,,,,,,,,,,,,,,,,,,,,,,,,,,,,,,,,,,,,,,,,,,,,,,,,,,,,,,,,,,,,,,,,,,,,,,,,,,,,,,,,,,,,,,,,,,,,,,,,,,,,,,,,,,,,,,,,,,,2.02258726899384,0.9378531073446328,0.6,1.8,3.0,0.2,1.2,5.0,,,,,,,,,,,,,,,,,,,,,,,,,,,,,,,,,,,,,,,,,,,,,,,,,,,,,,,,,,,,,,,,,,,,,,,,,,,,,,,,,,,,,,,,,,,,,2027-04-10 15:00:00,chelsea,fulham,2027-04-10,,,,,,,,,,,,,,,,,,,,,,,,,,,,,,,,
,2027-04-10 15:00:00,,Coventry City,Arsenal,,,,,,,,,,,,,,,,,,,,,,,,,,,,,,,,,,,,,,,,,,,,,,,,,,,,,,,,,,,,,,,,,,,,,,,,,,,,,,,,,,,,,,,,,,,,,,,,,,,,,,,,,,,,,,,,,,,,,,,,,,,,,,,,,,,,,,,,,,,,,1.653688524590164,,,,1.8,0.8,13.0,,,,,,,,,,,,,,,,,,,,,,,,,,,,,,,,,,,,,,,,,,,,,,,,,,,,,,,,,,,,,,,,,,,,,,,,,,,,,,,,,,,,,,,,,,,,,2027-04-10 15:00:00,coventry city,arsenal,2027-04-10,,,,,,,,,,,,,,,,,,,,,,,,,,,,,,,,
,2027-04-10 15:00:00,,Crystal Palace,Everton,,,,,,,,,,,,,,,,,,,,,,,,,,,,,,,,,,,,,,,,,,,,,,,,,,,,,,,,,,,,,,,,,,,,,,,,,,,,,,,,,,,,,,,,,,,,,,,,,,,,,,,,,,,,,,,,,,,,,,,,,,,,,,,,,,,,,,,,,,,,1.1877394636015326,1.0534979423868314,1.0,1.0,6.0,1.0,1.8,5.0,,,,,,,,,,,,,,,,,,,,,,,,,,,,,,,,,,,,,,,,,,,,,,,,,,,,,,,,,,,,,,,,,,,,,,,,,,,,,,,,,,,,,,,,,,,,,2027-04-10 15:00:00,crystal palace,everton,2027-04-10,,,,,,,,,,,,,,,,,,,,,,,,,,,,,,,,
,2027-04-10 15:00:00,,Leeds,Nott'm Forest,,,,,,,,,,,,,,,,,,,,,,,,,,,,,,,,,,,,,,,,,,,,,,,,,,,,,,,,,,,,,,,,,,,,,,,,,,,,,,,,,,,,,,,,,,,,,,,,,,,,,,,,,,,,,,,,,,,,,,,,,,,,,,,,,,,,,,,,,,,,1.429530201342282,1.24,1.4,0.4,10.0,3.0,1.2,11.0,,,,,,,,,,,,,,,,,,,,,,,,,,,,,,,,,,,,,,,,,,,,,,,,,,,,,,,,,,,,,,,,,,,,,,,,,,,,,,,,,,,,,,,,,,,,,2027-04-10 15:00:00,leeds,nott'm forest,2027-04-10,,,,,,,,,,,,,,,,,,,,,,,,,,,,,,,,
,2027-04-10 15:00:00,,Liverpool,Newcastle,,,,,,,,,,,,,,,,,,,,,,,,,,,,,,,,,,,,,,,,,,,,,,,,,,,,,,,,,,,,,,,,,,,,,,,,,,,,,,,,,,,,,,,,,,,,,,,,,,,,,,,,,,,,,,,,,,,,,,,,,,,,,,,,,,,,,,,,,,,,2.07201646090535,1.1046770601336302,1.6,0.8,9.0,0.6,1.2,7.0,,,,,,,,,,,,,,,,,,,,,,,,,,,,,,,,,,,,,,,,,,,,,,,,,,,,,,,,,,,,,,,,,,,,,,,,,,,,,,,,,,,,,,,,,,,,,2027-04-10 15:00:00,liverpool,newcastle,2027-04-10,,,,,,,,,,,,,,,,,,,,,,,,,,,,,,,,
,2027-04-10 15:00:00,,Man United,Hull City,,,,,,,,,,,,,,,,,,,,,,,,,,,,,,,,,,,,,,,,,,,,,,,,,,,,,,,,,,,,,,,,,,,,,,,,,,,,,,,,,,,,,,,,,,,,,,,,,,,,,,,,,,,,,,,,,,,,,,,,,,,,,,,,,,,,,,,,,,,,2.037037037037037,,2.4,1.6,12.0,,,,,,,,,,,,,,,,,,,,,,,,,,,,,,,,,,,,,,,,,,,,,,,,,,,,,,,,,,,,,,,,,,,,,,,,,,,,,,,,,,,,,,,,,,,,,,,,2027-04-10 15:00:00,man united,hull city,2027-04-10,,,,,,,,,,,,,,,,,,,,,,,,,,,,,,,,
,2027-04-10 15:00:00,,Sunderland,Ipswich Town,,,,,,,,,,,,,,,,,,,,,,,,,,,,,,,,,,,,,,,,,,,,,,,,,,,,,,,,,,,,,,,,,,,,,,,,,,,,,,,,,,,,,,,,,,,,,,,,,,,,,,,,,,,,,,,,,,,,,,,,,,,,,,,,,,,,,,,,,,,,1.0985915492957747,,0.6,1.4,7.0,,,,,,,,,,,,,,,,,,,,,,,,,,,,,,,,,,,,,,,,,,,,,,,,,,,,,,,,,,,,,,,,,,,,,,,,,,,,,,,,,,,,,,,,,,,,,,,,2027-04-10 15:00:00,sunderland,ipswich town,2027-04-10,,,,,,,,,,,,,,,,,,,,,,,,,,,,,,,,
,2027-04-10 15:00:00,,Tottenham,Brentford,,,,,,,,,,,,,,,,,,,,,,,,,,,,,,,,,,,,,,,,,,,,,,,,,,,,,,,,,,,,,,,,,,,,,,,,,,,,,,,,,,,,,,,,,,,,,,,,,,,,,,,,,,,,,,,,,,,,,,,,,,,,,,,,,,,,,,,,,,,,1.8012295081967213,1.3191489361702127,1.0,1.8,5.0,0.4,1.2,5.0,,,,,,,,,,,,,,,,,,,,,,,,,,,,,,,,,,,,,,,,,,,,,,,,,,,,,,,,,,,,,,,,,,,,,,,,,,,,,,,,,,,,,,,,,,,,,2027-04-10 15:00:00,tottenham,brentford,2027-04-10,,,,,,,,,,,,,,,,,,,,,,,,,,,,,,,,
,2027-04-17 15:00:00,,Arsenal,Aston Villa,,,,,,,,,,,,,,,,,,,,,,,,,,,,,,,,,,,,,,,,,,,,,,,,,,,,,,,,,,,,,,,,,,,,,,,,,,,,,,,,,,,,,,,,,,,,,,,,,,,,,,,,,,,,,,,,,,,,,,,,,,,,,,,,,,,,,,,,,,,,2.138144329896907,1.1511627906976745,1.6,0.4,12.0,1.2,1.6,7.0,,,,,,,,,,,,,,,,,,,,,,,,,,,,,,,,,,,,,,,,,,,,,,,,,,,,,,,,,,,,,,,,,,,,,,,,,,,,,,,,,,,,,,,,,,,,,2027-04-17 15:00:00,arsenal,aston villa,2027-04-17,,,,,,,,,,,,,,,,,,,,,,,,,,,,,,,,
,2027-04-17 15:00:00,,Brentford,Leeds,,,,,,,,,,,,,,,,,,,,,,,,,,,,,,,,,,,,,,,,,,,,,,,,,,,,,,,,,,,,,,,,,,,,,,,,,,,,,,,,,,,,,,,,,,,,,,,,,,,,,,,,,,,,,,,,,,,,,,,,,,,,,,,,,,,,,,,,,,,,1.6702127659574468,1.2925170068027212,1.8,1.2,7.0,1.0,1.4,7.0,,,,,,,,,,,,,,,,,,,,,,,,,,,,,,,,,,,,,,,,,,,,,,,,,,,,,,,,,,,,,,,,,,,,,,,,,,,,,,,,,,,,,,,,,,,,,2027-04-17 15:00:00,brentford,leeds,2027-04-17,,,,,,,,,,,,,,,,,,,,,,,,,,,,,,,,
,2027-04-17 15:00:00,,Brighton,Chelsea,,,,,,,,,,,,,,,,,,,,,,,,,,,,,,,,,,,,,,,,,,,,,,,,,,,,,,,,,,,,,,,,,,,,,,,,,,,,,,,,,,,,,,,,,,,,,,,,,,,,,,,,,,,,,,,,,,,,,,,,,,,,,,,,,,,,,,,,,,,,1.3431952662721893,1.5781893004115226,1.6,1.0,9.0,1.2,2.0,7.0,,,,,,,,,,,,,,,,,,,,,,,,,,,,,,,,,,,,,,,,,,,,,,,,,,,,,,,,,,,,,,,,,,,,,,,,,,,,,,,,,,,,,,,,,,,,,2027-04-17 15:00:00,brighton,chelsea,2027-04-17,,,,,,,,,,,,,,,,,,,,,,,,,,,,,,,,
,2027-04-17 15:00:00,,Everton,Bournemouth,,,,,,,,,,,,,,,,,,,,,,,,,,,,,,,,,,,,,,,,,,,,,,,,,,,,,,,,,,,,,,,,,,,,,,,,,,,,,,,,,,,,,,,,,,,,,,,,,,,,,,,,,,,,,,,,,,,,,,,,,,,,,,,,,,,,,,,,,,,,1.5061475409836065,1.2529411764705882,2.0,1.6,7.0,1.2,0.6,11.0,,,,,,,,,,,,,,,,,,,,,,,,,,,,,,,,,,,,,,,,,,,,,,,,,,,,,,,,,,,,,,,,,,,,,,,,,,,,,,,,,,,,,,,,,,,,,2027-04-17 15:00:00,everton,bournemouth,2027-04-17,,,,,,,,,,,,,,,,,,,,,,,,,,,,,,,,
,2027-04-17 15:00:00,,Fulham,Sunderland,,,,,,,,,,,,,,,,,,,,,,,,,,,,,,,,,,,,,,,,,,,,,,,,,,,,,,,,,,,,,,,,,,,,,,,,,,,,,,,,,,,,,,,,,,,,,,,,,,,,,,,,,,,,,,,,,,,,,,,,,,,,,,,,,,,,,,,,,,,,1.3661971830985915,0.872791519434629,1.2,0.6,9.0,2.0,1.4,11.0,,,,,,,,,,,,,,,,,,,,,,,,,,,,,,,,,,,,,,,,,,,,,,,,,,,,,,,,,,,,,,,,,,,,,,,,,,,,,,,,,,,,,,,,,,,,,2027-04-17 15:00:00,fulham,sunderland,2027-04-17,,,,,,,,,,,,,,,,,,,,,,,,,,,,,,,,
,2027-04-17 15:00:00,,Hull City,Coventry City,,,,,,,,,,,,,,,,,,,,,,,,,,,,,,,,,,,,,,,,,,,,,,,,,,,,,,,,,,,,,,,,,,,,,,,,,,,,,,,,,,,,,,,,,,,,,,,,,,,,,,,,,,,,,,,,,,,,,,,,,,,,,,,,,,,,,,,,,,,,,,,,,,,,,,,,,,,,,,,,,,,,,,,,,,,,,,,,,,,,,,,,,,,,,,,,,,,,,,,,,,,,,,,,,,,,,,,,,,,,,,,,,,,,,,,,,,,,,,,,2027-04-17 15:00:00,hull city,coventry city,2027-04-17,,,,,,,,,,,,,,,,,,,,,,,,,,,,,,,,
,2027-04-17 15:00:00,,Ipswich Town,Man United,,,,,,,,,,,,,,,,,,,,,,,,,,,,,,,,,,,,,,,,,,,,,,,,,,,,,,,,,,,,,,,,,,,,,,,,,,,,,,,,,,,,,,,,,,,,,,,,,,,,,,,,,,,,,,,,,,,,,,,,,,,,,,,,,,,,,,,,,,,,,1.5925925925925926,,,,1.4,0.8,9.0,,,,,,,,,,,,,,,,,,,,,,,,,,,,,,,,,,,,,,,,,,,,,,,,,,,,,,,,,,,,,,,,,,,,,,,,,,,,,,,,,,,,,,,,,,,,,2027-04-17 15:00:00,ipswich town,man united,2027-04-17,,,,,,,,,,,,,,,,,,,,,,,,,,,,,,,,
,2027-04-17 15:00:00,,Man City,Crystal Palace,,,,,,,,,,,,,,,,,,,,,,,,,,,,,,,,,,,,,,,,,,,,,,,,,,,,,,,,,,,,,,,,,,,,,,,,,,,,,,,,,,,,,,,,,,,,,,,,,,,,,,,,,,,,,,,,,,,,,,,,,,,,,,,,,,,,,,,,,,,,2.190578158458244,1.1406844106463878,2.2,1.0,10.0,1.2,2.4,7.0,,,,,,,,,,,,,,,,,,,,,,,,,,,,,,,,,,,,,,,,,,,,,,,,,,,,,,,,,,,,,,,,,,,,,,,,,,,,,,,,,,,,,,,,,,,,,2027-04-17 15:00:00,man city,crystal palace,2027-04-17,,,,,,,,,,,,,,,,,,,,,,,,,,,,,,,,
,2027-04-17 15:00:00,,Newcastle,Tottenham,,,,,,,,,,,,,,,,,,,,,,,,,,,,,,,,,,,,,,,,,,,,,,,,,,,,,,,,,,,,,,,,,,,,,,,,,,,,,,,,,,,,,,,,,,,,,,,,,,,,,,,,,,,,,,,,,,,,,,,,,,,,,,,,,,,,,,,,,,,,1.5723830734966593,1.403688524590164,2.0,1.4,9.0,1.0,1.0,9.0,,,,,,,,,,,,,,,,,,,,,,,,,,,,,,,,,,,,,,,,,,,,,,,,,,,,,,,,,,,,,,,,,,,,,,,,,,,,,,,,,,,,,,,,,,,,,2027-04-17 15:00:00,newcastle,tottenham,2027-04-17,,,,,,,,,,,,,,,,,,,,,,,,,,,,,,,,
,2027-04-17 15:00:00,,Nott'm Forest,Liverpool,,,,,,,,,,,,,,,,,,,,,,,,,,,,,,,,,,,,,,,,,,,,,,,,,,,,,,,,,,,,,,,,,,,,,,,,,,,,,,,,,,,,,,,,,,,,,,,,,,,,,,,,,,,,,,,,,,,,,,,,,,,,,,,,,,,,,,,,,,,,1.32,1.6462167689161553,1.4,0.8,7.0,1.6,2.4,7.0,,,,,,,,,,,,,,,,,,,,,,,,,,,,,,,,,,,,,,,,,,,,,,,,,,,,,,,,,,,,,,,,,,,,,,,,,,,,,,,,,,,,,,,,,,,,,2027-04-17 15:00:00,nott'm forest,liverpool,2027-04-17,,,,,,,,,,,,,,,,,,,,,,,,,,,,,,,,
,2027-04-24 15:00:00,,Aston Villa,Coventry City,,,,,,,,,,,,,,,,,,,,,,,,,,,,,,,,,,,,,,,,,,,,,,,,,,,,,,,,,,,,,,,,,,,,,,,,,,,,,,,,,,,,,,,,,,,,,,,,,,,,,,,,,,,,,,,,,,,,,,,,,,,,,,,,,,,,,,,,,,,,1.3837209302325582,,2.4,2.2,9.0,,,,,,,,,,,,,,,,,,,,,,,,,,,,,,,,,,,,,,,,,,,,,,,,,,,,,,,,,,,,,,,,,,,,,,,,,,,,,,,,,,,,,,,,,,,,,,,,2027-04-24 15:00:00,aston villa,coventry city,2027-04-24,,,,,,,,,,,,,,,,,,,,,,,,,,,,,,,,
,2027-04-24 15:00:00,,Bournemouth,Arsenal,,,,,,,,,,,,,,,,,,,,,,,,,,,,,,,,,,,,,,,,,,,,,,,,,,,,,,,,,,,,,,,,,,,,,,,,,,,,,,,,,,,,,,,,,,,,,,,,,,,,,,,,,,,,,,,,,,,,,,,,,,,,,,,,,,,,,,,,,,,,1.3823529411764706,1.653688524590164,1.6,1.0,7.0,1.8,0.8,13.0,,,,,,,,,,,,,,,,,,,,,,,,,,,,,,,,,,,,,,,,,,,,,,,,,,,,,,,,,,,,,,,,,,,,,,,,,,,,,,,,,,,,,,,,,,,,,2027-04-24 15:00:00,bournemouth,arsenal,2027-04-24,,,,,,,,,,,,,,,,,,,,,,,,,,,,,,,,
,2027-04-24 15:00:00,,Brentford,Fulham,,,,,,,,,,,,,,,,,,,,,,,,,,,,,,,,,,,,,,,,,,,,,,,,,,,,,,,,,,,,,,,,,,,,,,,,,,,,,,,,,,,,,,,,,,,,,,,,,,,,,,,,,,,,,,,,,,,,,,,,,,,,,,,,,,,,,,,,,,,,1.6702127659574468,0.9378531073446328,1.8,1.2,7.0,0.2,1.2,5.0,,,,,,,,,,,,,,,,,,,,,,,,,,,,,,,,,,,,,,,,,,,,,,,,,,,,,,,,,,,,,,,,,,,,,,,,,,,,,,,,,,,,,,,,,,,,,2027-04-24 15:00:00,brentford,fulham,2027-04-24,,,,,,,,,,,,,,,,,,,,,,,,,,,,,,,,
,2027-04-24 15:00:00,,Chelsea,Man City,,,,,,,,,,,,,,,,,,,,,,,,,,,,,,,,,,,,,,,,,,,,,,,,,,,,,,,,,,,,,,,,,,,,,,,,,,,,,,,,,,,,,,,,,,,,,,,,,,,,,,,,,,,,,,,,,,,,,,,,,,,,,,,,,,,,,,,,,,,,2.02258726899384,1.6346153846153846,0.6,1.8,3.0,1.8,1.0,9.0,,,,,,,,,,,,,,,,,,,,,,,,,,,,,,,,,,,,,,,,,,,,,,,,,,,,,,,,,,,,,,,,,,,,,,,,,,,,,,,,,,,,,,,,,,,,,2027-04-24 15:00:00,chelsea,man city,2027-04-24,,,,,,,,,,,,,,,,,,,,,,,,,,,,,,,,
,2027-04-24 15:00:00,,Everton,Brighton,,,,,,,,,,,,,,,,,,,,,,,,,,,,,,,,,,,,,,,,,,,,,,,,,,,,,,,,,,,,,,,,,,,,,,,,,,,,,,,,,,,,,,,,,,,,,,,,,,,,,,,,,,,,,,,,,,,,,,,,,,,,,,,,,,,,,,,,,,,,1.5061475409836065,1.2,2.0,1.6,7.0,1.2,1.2,9.0,,,,,,,,,,,,,,,,,,,,,,,,,,,,,,,,,,,,,,,,,,,,,,,,,,,,,,,,,,,,,,,,,,,,,,,,,,,,,,,,,,,,,,,,,,,,,2027-04-24 15:00:00,everton,brighton,2027-04-24,,,,,,,,,,,,,,,,,,,,,,,,,,,,,,,,
,2027-04-24 15:00:00,,Leeds,Liverpool,,,,,,,,,,,,,,,,,,,,,,,,,,,,,,,,,,,,,,,,,,,,,,,,,,,,,,,,,,,,,,,,,,,,,,,,,,,,,,,,,,,,,,,,,,,,,,,,,,,,,,,,,,,,,,,,,,,,,,,,,,,,,,,,,,,,,,,,,,,,1.429530201342282,1.6462167689161553,1.4,0.4,10.0,1.6,2.4,7.0,,,,,,,,,,,,,,,,,,,,,,,,,,,,,,,,,,,,,,,,,,,,,,,,,,,,,,,,,,,,,,,,,,,,,,,,,,,,,,,,,,,,,,,,,,,,,2027-04-24 15:00:00,leeds,liverpool,2027-04-24,,,,,,,,,,,,,,,,,,,,,,,,,,,,,,,,
,2027-04-24 15:00:00,,Man United,Crystal Palace,,,,,,,,,,,,,,,,,,,,,,,,,,,,,,,,,,,,,,,,,,,,,,,,,,,,,,,,,,,,,,,,,,,,,,,,,,,,,,,,,,,,,,,,,,,,,,,,,,,,,,,,,,,,,,,,,,,,,,,,,,,,,,,,,,,,,,,,,,,,2.037037037037037,1.1406844106463878,2.4,1.6,12.0,1.2,2.4,7.0,,,,,,,,,,,,,,,,,,,,,,,,,,,,,,,,,,,,,,,,,,,,,,,,,,,,,,,,,,,,,,,,,,,,,,,,,,,,,,,,,,,,,,,,,,,,,2027-04-24 15:00:00,man united,crystal palace,2027-04-24,,,,,,,,,,,,,,,,,,,,,,,,,,,,,,,,
,2027-04-24 15:00:00,,Newcastle,Ipswich Town,,,,,,,,,,,,,,,,,,,,,,,,,,,,,,,,,,,,,,,,,,,,,,,,,,,,,,,,,,,,,,,,,,,,,,,,,,,,,,,,,,,,,,,,,,,,,,,,,,,,,,,,,,,,,,,,,,,,,,,,,,,,,,,,,,,,,,,,,,,,1.5723830734966593,,2.0,1.4,9.0,,,,,,,,,,,,,,,,,,,,,,,,,,,,,,,,,,,,,,,,,,,,,,,,,,,,,,,,,,,,,,,,,,,,,,,,,,,,,,,,,,,,,,,,,,,,,,,,2027-04-24 15:00:00,newcastle,ipswich town,2027-04-24,,,,,,,,,,,,,,,,,,,,,,,,,,,,,,,,
,2027-04-24 15:00:00,,Nott'm Forest,Sunderland,,,,,,,,,,,,,,,,,,,,,,,,,,,,,,,,,,,,,,,,,,,,,,,,,,,,,,,,,,,,,,,,,,,,,,,,,,,,,,,,,,,,,,,,,,,,,,,,,,,,,,,,,,,,,,,,,,,,,,,,,,,,,,,,,,,,,,,,,,,,1.32,0.872791519434629,1.4,0.8,7.0,2.0,1.4,11.0,,,,,,,,,,,,,,,,,,,,,,,,,,,,,,,,,,,,,,,,,,,,,,,,,,,,,,,,,,,,,,,,,,,,,,,,,,,,,,,,,,,,,,,,,,,,,2027-04-24 15:00:00,nott'm forest,sunderland,2027-04-24,,,,,,,,,,,,,,,,,,,,,,,,,,,,,,,,
,2027-04-24 15:00:00,,Tottenham,Hull City,,,,,,,,,,,,,,,,,,,,,,,,,,,,,,,,,,,,,,,,,,,,,,,,,,,,,,,,,,,,,,,,,,,,,,,,,,,,,,,,,,,,,,,,,,,,,,,,,,,,,,,,,,,,,,,,,,,,,,,,,,,,,,,,,,,,,,,,,,,,1.8012295081967213,,1.0,1.8,5.0,,,,,,,,,,,,,,,,,,,,,,,,,,,,,,,,,,,,,,,,,,,,,,,,,,,,,,,,,,,,,,,,,,,,,,,,,,,,,,,,,,,,,,,,,,,,,,,,2027-04-24 15:00:00,tottenham,hull city,2027-04-24,,,,,,,,,,,,,,,,,,,,,,,,,,,,,,,,
,2027-05-01 15:00:00,,Arsenal,Tottenham,,,,,,,,,,,,,,,,,,,,,,,,,,,,,,,,,,,,,,,,,,,,,,,,,,,,,,,,,,,,,,,,,,,,,,,,,,,,,,,,,,,,,,,,,,,,,,,,,,,,,,,,,,,,,,,,,,,,,,,,,,,,,,,,,,,,,,,,,,,,2.138144329896907,1.403688524590164,1.6,0.4,12.0,1.0,1.0,9.0,,,,,,,,,,,,,,,,,,,,,,,,,,,,,,,,,,,,,,,,,,,,,,,,,,,,,,,,,,,,,,,,,,,,,,,,,,,,,,,,,,,,,,,,,,,,,2027-05-01 15:00:00,arsenal,tottenham,2027-05-01,,,,,,,,,,,,,,,,,,,,,,,,,,,,,,,,
,2027-05-01 15:00:00,,Brighton,Nott'm Forest,,,,,,,,,,,,,,,,,,,,,,,,,,,,,,,,,,,,,,,,,,,,,,,,,,,,,,,,,,,,,,,,,,,,,,,,,,,,,,,,,,,,,,,,,,,,,,,,,,,,,,,,,,,,,,,,,,,,,,,,,,,,,,,,,,,,,,,,,,,,1.3431952662721893,1.24,1.6,1.0,9.0,3.0,1.2,11.0,,,,,,,,,,,,,,,,,,,,,,,,,,,,,,,,,,,,,,,,,,,,,,,,,,,,,,,,,,,,,,,,,,,,,,,,,,,,,,,,,,,,,,,,,,,,,2027-05-01 15:00:00,brighton,nott'm forest,2027-05-01,,,,,,,,,,,,,,,,,,,,,,,,,,,,,,,,
,2027-05-01 15:00:00,,Coventry City,Man United,,,,,,,,,,,,,,,,,,,,,,,,,,,,,,,,,,,,,,,,,,,,,,,,,,,,,,,,,,,,,,,,,,,,,,,,,,,,,,,,,,,,,,,,,,,,,,,,,,,,,,,,,,,,,,,,,,,,,,,,,,,,,,,,,,,,,,,,,,,,,1.5925925925925926,,,,1.4,0.8,9.0,,,,,,,,,,,,,,,,,,,,,,,,,,,,,,,,,,,,,,,,,,,,,,,,,,,,,,,,,,,,,,,,,,,,,,,,,,,,,,,,,,,,,,,,,,,,,2027-05-01 15:00:00,coventry city,man united,2027-05-01,,,,,,,,,,,,,,,,,,,,,,,,,,,,,,,,
,2027-05-01 15:00:00,,Crystal Palace,Aston Villa,,,,,,,,,,,,,,,,,,,,,,,,,,,,,,,,,,,,,,,,,,,,,,,,,,,,,,,,,,,,,,,,,,,,,,,,,,,,,,,,,,,,,,,,,,,,,,,,,,,,,,,,,,,,,,,,,,,,,,,,,,,,,,,,,,,,,,,,,,,,1.1877394636015326,1.1511627906976745,1.0,1.0,6.0,1.2,1.6,7.0,,,,,,,,,,,,,,,,,,,,,,,,,,,,,,,,,,,,,,,,,,,,,,,,,,,,,,,,,,,,,,,,,,,,,,,,,,,,,,,,,,,,,,,,,,,,,2027-05-01 15:00:00,crystal palace,aston villa,2027-05-01,,,,,,,,,,,,,,,,,,,,,,,,,,,,,,,,
,2027-05-01 15:00:00,,Fulham,Everton,,,,,,,,,,,,,,,,,,,,,,,,,,,,,,,,,,,,,,,,,,,,,,,,,,,,,,,,,,,,,,,,,,,,,,,,,,,,,,,,,,,,,,,,,,,,,,,,,,,,,,,,,,,,,,,,,,,,,,,,,,,,,,,,,,,,,,,,,,,,1.3661971830985915,1.0534979423868314,1.2,0.6,9.0,1.0,1.8,5.0,,,,,,,,,,,,,,,,,,,,,,,,,,,,,,,,,,,,,,,,,,,,,,,,,,,,,,,,,,,,,,,,,,,,,,,,,,,,,,,,,,,,,,,,,,,,,2027-05-01 15:00:00,fulham,everton,2027-05-01,,,,,,,,,,,,,,,,,,,,,,,,,,,,,,,,
,2027-05-01 15:00:00,,Hull City,Bournemouth,,,,,,,,,,,,,,,,,,,,,,,,,,,,,,,,,,,,,,,,,,,,,,,,,,,,,,,,,,,,,,,,,,,,,,,,,,,,,,,,,,,,,,,,,,,,,,,,,,,,,,,,,,,,,,,,,,,,,,,,,,,,,,,,,,,,,,,,,,,,,1.2529411764705882,,,,1.2,0.6,11.0,,,,,,,,,,,,,,,,,,,,,,,,,,,,,,,,,,,,,,,,,,,,,,,,,,,,,,,,,,,,,,,,,,,,,,,,,,,,,,,,,,,,,,,,,,,,,2027-05-01 15:00:00,hull city,bournemouth,2027-05-01,,,,,,,,,,,,,,,,,,,,,,,,,,,,,,,,
,2027-05-01 15:00:00,,Ipswich Town,Leeds,,,,,,,,,,,,,,,,,,,,,,,,,,,,,,,,,,,,,,,,,,,,,,,,,,,,,,,,,,,,,,,,,,,,,,,,,,,,,,,,,,,,,,,,,,,,,,,,,,,,,,,,,,,,,,,,,,,,,,,,,,,,,,,,,,,,,,,,,,,,,1.2925170068027212,,,,1.0,1.4,7.0,,,,,,,,,,,,,,,,,,,,,,,,,,,,,,,,,,,,,,,,,,,,,,,,,,,,,,,,,,,,,,,,,,,,,,,,,,,,,,,,,,,,,,,,,,,,,2027-05-01 15:00:00,ipswich town,leeds,2027-05-01,,,,,,,,,,,,,,,,,,,,,,,,,,,,,,,,
,2027-05-01 15:00:00,,Liverpool,Chelsea,,,,,,,,,,,,,,,,,,,,,,,,,,,,,,,,,,,,,,,,,,,,,,,,,,,,,,,,,,,,,,,,,,,,,,,,,,,,,,,,,,,,,,,,,,,,,,,,,,,,,,,,,,,,,,,,,,,,,,,,,,,,,,,,,,,,,,,,,,,,2.07201646090535,1.5781893004115226,1.6,0.8,9.0,1.2,2.0,7.0,,,,,,,,,,,,,,,,,,,,,,,,,,,,,,,,,,,,,,,,,,,,,,,,,,,,,,,,,,,,,,,,,,,,,,,,,,,,,,,,,,,,,,,,,,,,,2027-05-01 15:00:00,liverpool,chelsea,2027-05-01,,,,,,,,,,,,,,,,,,,,,,,,,,,,,,,,
,2027-05-01 15:00:00,,Man City,Brentford,,,,,,,,,,,,,,,,,,,,,,,,,,,,,,,,,,,,,,,,,,,,,,,,,,,,,,,,,,,,,,,,,,,,,,,,,,,,,,,,,,,,,,,,,,,,,,,,,,,,,,,,,,,,,,,,,,,,,,,,,,,,,,,,,,,,,,,,,,,,2.190578158458244,1.3191489361702127,2.2,1.0,10.0,0.4,1.2,5.0,,,,,,,,,,,,,,,,,,,,,,,,,,,,,,,,,,,,,,,,,,,,,,,,,,,,,,,,,,,,,,,,,,,,,,,,,,,,,,,,,,,,,,,,,,,,,2027-05-01 15:00:00,man city,brentford,2027-05-01,,,,,,,,,,,,,,,,,,,,,,,,,,,,,,,,
,2027-05-01 15:00:00,,Sunderland,Newcastle,,,,,,,,,,,,,,,,,,,,,,,,,,,,,,,,,,,,,,,,,,,,,,,,,,,,,,,,,,,,,,,,,,,,,,,,,,,,,,,,,,,,,,,,,,,,,,,,,,,,,,,,,,,,,,,,,,,,,,,,,,,,,,,,,,,,,,,,,,,,1.0985915492957747,1.1046770601336302,0.6,1.4,7.0,0.6,1.2,7.0,,,,,,,,,,,,,,,,,,,,,,,,,,,,,,,,,,,,,,,,,,,,,,,,,,,,,,,,,,,,,,,,,,,,,,,,,,,,,,,,,,,,,,,,,,,,,2027-05-01 15:00:00,sunderland,newcastle,2027-05-01,,,,,,,,,,,,,,,,,,,,,,,,,,,,,,,,
,2027-05-08 15:00:00,,Bournemouth,Man United,,,,,,,,,,,,,,,,,,,,,,,,,,,,,,,,,,,,,,,,,,,,,,,,,,,,,,,,,,,,,,,,,,,,,,,,,,,,,,,,,,,,,,,,,,,,,,,,,,,,,,,,,,,,,,,,,,,,,,,,,,,,,,,,,,,,,,,,,,,,1.3823529411764706,1.5925925925925926,1.6,1.0,7.0,1.4,0.8,9.0,,,,,,,,,,,,,,,,,,,,,,,,,,,,,,,,,,,,,,,,,,,,,,,,,,,,,,,,,,,,,,,,,,,,,,,,,,,,,,,,,,,,,,,,,,,,,2027-05-08 15:00:00,bournemouth,man united,2027-05-08,,,,,,,,,,,,,,,,,,,,,,,,,,,,,,,,
,2027-05-08 15:00:00,,Brentford,Aston Villa,,,,,,,,,,,,,,,,,,,,,,,,,,,,,,,,,,,,,,,,,,,,,,,,,,,,,,,,,,,,,,,,,,,,,,,,,,,,,,,,,,,,,,,,,,,,,,,,,,,,,,,,,,,,,,,,,,,,,,,,,,,,,,,,,,,,,,,,,,,,1.6702127659574468,1.1511627906976745,1.8,1.2,7.0,1.2,1.6,7.0,,,,,,,,,,,,,,,,,,,,,,,,,,,,,,,,,,,,,,,,,,,,,,,,,,,,,,,,,,,,,,,,,,,,,,,,,,,,,,,,,,,,,,,,,,,,,2027-05-08 15:00:00,brentford,aston villa,2027-05-08,,,,,,,,,,,,,,,,,,,,,,,,,,,,,,,,
,2027-05-08 15:00:00,,Brighton,Sunderland,,,,,,,,,,,,,,,,,,,,,,,,,,,,,,,,,,,,,,,,,,,,,,,,,,,,,,,,,,,,,,,,,,,,,,,,,,,,,,,,,,,,,,,,,,,,,,,,,,,,,,,,,,,,,,,,,,,,,,,,,,,,,,,,,,,,,,,,,,,,1.3431952662721893,0.872791519434629,1.6,1.0,9.0,2.0,1.4,11.0,,,,,,,,,,,,,,,,,,,,,,,,,,,,,,,,,,,,,,,,,,,,,,,,,,,,,,,,,,,,,,,,,,,,,,,,,,,,,,,,,,,,,,,,,,,,,2027-05-08 15:00:00,brighton,sunderland,2027-05-08,,,,,,,,,,,,,,,,,,,,,,,,,,,,,,,,
,2027-05-08 15:00:00,,Everton,Hull City,,,,,,,,,,,,,,,,,,,,,,,,,,,,,,,,,,,,,,,,,,,,,,,,,,,,,,,,,,,,,,,,,,,,,,,,,,,,,,,,,,,,,,,,,,,,,,,,,,,,,,,,,,,,,,,,,,,,,,,,,,,,,,,,,,,,,,,,,,,,1.5061475409836065,,2.0,1.6,7.0,,,,,,,,,,,,,,,,,,,,,,,,,,,,,,,,,,,,,,,,,,,,,,,,,,,,,,,,,,,,,,,,,,,,,,,,,,,,,,,,,,,,,,,,,,,,,,,,2027-05-08 15:00:00,everton,hull city,2027-05-08,,,,,,,,,,,,,,,,,,,,,,,,,,,,,,,,
,2027-05-08 15:00:00,,Fulham,Ipswich Town,,,,,,,,,,,,,,,,,,,,,,,,,,,,,,,,,,,,,,,,,,,,,,,,,,,,,,,,,,,,,,,,,,,,,,,,,,,,,,,,,,,,,,,,,,,,,,,,,,,,,,,,,,,,,,,,,,,,,,,,,,,,,,,,,,,,,,,,,,,,1.3661971830985915,,1.2,0.6,9.0,,,,,,,,,,,,,,,,,,,,,,,,,,,,,,,,,,,,,,,,,,,,,,,,,,,,,,,,,,,,,,,,,,,,,,,,,,,,,,,,,,,,,,,,,,,,,,,,2027-05-08 15:00:00,fulham,ipswich town,2027-05-08,,,,,,,,,,,,,,,,,,,,,,,,,,,,,,,,
,2027-05-08 15:00:00,,Leeds,Arsenal,,,,,,,,,,,,,,,,,,,,,,,,,,,,,,,,,,,,,,,,,,,,,,,,,,,,,,,,,,,,,,,,,,,,,,,,,,,,,,,,,,,,,,,,,,,,,,,,,,,,,,,,,,,,,,,,,,,,,,,,,,,,,,,,,,,,,,,,,,,,1.429530201342282,1.653688524590164,1.4,0.4,10.0,1.8,0.8,13.0,,,,,,,,,,,,,,,,,,,,,,,,,,,,,,,,,,,,,,,,,,,,,,,,,,,,,,,,,,,,,,,,,,,,,,,,,,,,,,,,,,,,,,,,,,,,,2027-05-08 15:00:00,leeds,arsenal,2027-05-08,,,,,,,,,,,,,,,,,,,,,,,,,,,,,,,,
,2027-05-08 15:00:00,,Man City,Liverpool,,,,,,,,,,,,,,,,,,,,,,,,,,,,,,,,,,,,,,,,,,,,,,,,,,,,,,,,,,,,,,,,,,,,,,,,,,,,,,,,,,,,,,,,,,,,,,,,,,,,,,,,,,,,,,,,,,,,,,,,,,,,,,,,,,,,,,,,,,,,2.190578158458244,1.6462167689161553,2.2,1.0,10.0,1.6,2.4,7.0,,,,,,,,,,,,,,,,,,,,,,,,,,,,,,,,,,,,,,,,,,,,,,,,,,,,,,,,,,,,,,,,,,,,,,,,,,,,,,,,,,,,,,,,,,,,,2027-05-08 15:00:00,man city,liverpool,2027-05-08,,,,,,,,,,,,,,,,,,,,,,,,,,,,,,,,
,2027-05-08 15:00:00,,Newcastle,Coventry City,,,,,,,,,,,,,,,,,,,,,,,,,,,,,,,,,,,,,,,,,,,,,,,,,,,,,,,,,,,,,,,,,,,,,,,,,,,,,,,,,,,,,,,,,,,,,,,,,,,,,,,,,,,,,,,,,,,,,,,,,,,,,,,,,,,,,,,,,,,,1.5723830734966593,,2.0,1.4,9.0,,,,,,,,,,,,,,,,,,,,,,,,,,,,,,,,,,,,,,,,,,,,,,,,,,,,,,,,,,,,,,,,,,,,,,,,,,,,,,,,,,,,,,,,,,,,,,,,2027-05-08 15:00:00,newcastle,coventry city,2027-05-08,,,,,,,,,,,,,,,,,,,,,,,,,,,,,,,,
,2027-05-08 15:00:00,,Nott'm Forest,Crystal Palace,,,,,,,,,,,,,,,,,,,,,,,,,,,,,,,,,,,,,,,,,,,,,,,,,,,,,,,,,,,,,,,,,,,,,,,,,,,,,,,,,,,,,,,,,,,,,,,,,,,,,,,,,,,,,,,,,,,,,,,,,,,,,,,,,,,,,,,,,,,,1.32,1.1406844106463878,1.4,0.8,7.0,1.2,2.4,7.0,,,,,,,,,,,,,,,,,,,,,,,,,,,,,,,,,,,,,,,,,,,,,,,,,,,,,,,,,,,,,,,,,,,,,,,,,,,,,,,,,,,,,,,,,,,,,2027-05-08 15:00:00,nott'm forest,crystal palace,2027-05-08,,,,,,,,,,,,,,,,,,,,,,,,,,,,,,,,
,2027-05-08 15:00:00,,Tottenham,Chelsea,,,,,,,,,,,,,,,,,,,,,,,,,,,,,,,,,,,,,,,,,,,,,,,,,,,,,,,,,,,,,,,,,,,,,,,,,,,,,,,,,,,,,,,,,,,,,,,,,,,,,,,,,,,,,,,,,,,,,,,,,,,,,,,,,,,,,,,,,,,,1.8012295081967213,1.5781893004115226,1.0,1.8,5.0,1.2,2.0,7.0,,,,,,,,,,,,,,,,,,,,,,,,,,,,,,,,,,,,,,,,,,,,,,,,,,,,,,,,,,,,,,,,,,,,,,,,,,,,,,,,,,,,,,,,,,,,,2027-05-08 15:00:00,tottenham,chelsea,2027-05-08,,,,,,,,,,,,,,,,,,,,,,,,,,,,,,,,
,2027-05-15 15:00:00,,Arsenal,Nott'm Forest,,,,,,,,,,,,,,,,,,,,,,,,,,,,,,,,,,,,,,,,,,,,,,,,,,,,,,,,,,,,,,,,,,,,,,,,,,,,,,,,,,,,,,,,,,,,,,,,,,,,,,,,,,,,,,,,,,,,,,,,,,,,,,,,,,,,,,,,,,,,2.138144329896907,1.24,1.6,0.4,12.0,3.0,1.2,11.0,,,,,,,,,,,,,,,,,,,,,,,,,,,,,,,,,,,,,,,,,,,,,,,,,,,,,,,,,,,,,,,,,,,,,,,,,,,,,,,,,,,,,,,,,,,,,2027-05-15 15:00:00,arsenal,nott'm forest,2027-05-15,,,,,,,,,,,,,,,,,,,,,,,,,,,,,,,,
,2027-05-15 15:00:00,,Aston Villa,Newcastle,,,,,,,,,,,,,,,,,,,,,,,,,,,,,,,,,,,,,,,,,,,,,,,,,,,,,,,,,,,,,,,,,,,,,,,,,,,,,,,,,,,,,,,,,,,,,,,,,,,,,,,,,,,,,,,,,,,,,,,,,,,,,,,,,,,,,,,,,,,,1.3837209302325582,1.1046770601336302,2.4,2.2,9.0,0.6,1.2,7.0,,,,,,,,,,,,,,,,,,,,,,,,,,,,,,,,,,,,,,,,,,,,,,,,,,,,,,,,,,,,,,,,,,,,,,,,,,,,,,,,,,,,,,,,,,,,,2027-05-15 15:00:00,aston villa,newcastle,2027-05-15,,,,,,,,,,,,,,,,,,,,,,,,,,,,,,,,
,2027-05-15 15:00:00,,Chelsea,Everton,,,,,,,,,,,,,,,,,,,,,,,,,,,,,,,,,,,,,,,,,,,,,,,,,,,,,,,,,,,,,,,,,,,,,,,,,,,,,,,,,,,,,,,,,,,,,,,,,,,,,,,,,,,,,,,,,,,,,,,,,,,,,,,,,,,,,,,,,,,,2.02258726899384,1.0534979423868314,0.6,1.8,3.0,1.0,1.8,5.0,,,,,,,,,,,,,,,,,,,,,,,,,,,,,,,,,,,,,,,,,,,,,,,,,,,,,,,,,,,,,,,,,,,,,,,,,,,,,,,,,,,,,,,,,,,,,2027-05-15 15:00:00,chelsea,everton,2027-05-15,,,,,,,,,,,,,,,,,,,,,,,,,,,,,,,,
,2027-05-15 15:00:00,,Coventry City,Tottenham,,,,,,,,,,,,,,,,,,,,,,,,,,,,,,,,,,,,,,,,,,,,,,,,,,,,,,,,,,,,,,,,,,,,,,,,,,,,,,,,,,,,,,,,,,,,,,,,,,,,,,,,,,,,,,,,,,,,,,,,,,,,,,,,,,,,,,,,,,,,,1.403688524590164,,,,1.0,1.0,9.0,,,,,,,,,,,,,,,,,,,,,,,,,,,,,,,,,,,,,,,,,,,,,,,,,,,,,,,,,,,,,,,,,,,,,,,,,,,,,,,,,,,,,,,,,,,,,2027-05-15 15:00:00,coventry city,tottenham,2027-05-15,,,,,,,,,,,,,,,,,,,,,,,,,,,,,,,,
,2027-05-15 15:00:00,,Crystal Palace,Brighton,,,,,,,,,,,,,,,,,,,,,,,,,,,,,,,,,,,,,,,,,,,,,,,,,,,,,,,,,,,,,,,,,,,,,,,,,,,,,,,,,,,,,,,,,,,,,,,,,,,,,,,,,,,,,,,,,,,,,,,,,,,,,,,,,,,,,,,,,,,,1.1877394636015326,1.2,1.0,1.0,6.0,1.2,1.2,9.0,,,,,,,,,,,,,,,,,,,,,,,,,,,,,,,,,,,,,,,,,,,,,,,,,,,,,,,,,,,,,,,,,,,,,,,,,,,,,,,,,,,,,,,,,,,,,2027-05-15 15:00:00,crystal palace,brighton,2027-05-15,,,,,,,,,,,,,,,,,,,,,,,,,,,,,,,,
,2027-05-15 15:00:00,,Hull City,Fulham,,,,,,,,,,,,,,,,,,,,,,,,,,,,,,,,,,,,,,,,,,,,,,,,,,,,,,,,,,,,,,,,,,,,,,,,,,,,,,,,,,,,,,,,,,,,,,,,,,,,,,,,,,,,,,,,,,,,,,,,,,,,,,,,,,,,,,,,,,,,,0.9378531073446328,,,,0.2,1.2,5.0,,,,,,,,,,,,,,,,,,,,,,,,,,,,,,,,,,,,,,,,,,,,,,,,,,,,,,,,,,,,,,,,,,,,,,,,,,,,,,,,,,,,,,,,,,,,,2027-05-15 15:00:00,hull city,fulham,2027-05-15,,,,,,,,,,,,,,,,,,,,,,,,,,,,,,,,
,2027-05-15 15:00:00,,Ipswich Town,Man City,,,,,,,,,,,,,,,,,,,,,,,,,,,,,,,,,,,,,,,,,,,,,,,,,,,,,,,,,,,,,,,,,,,,,,,,,,,,,,,,,,,,,,,,,,,,,,,,,,,,,,,,,,,,,,,,,,,,,,,,,,,,,,,,,,,,,,,,,,,,,1.6346153846153846,,,,1.8,1.0,9.0,,,,,,,,,,,,,,,,,,,,,,,,,,,,,,,,,,,,,,,,,,,,,,,,,,,,,,,,,,,,,,,,,,,,,,,,,,,,,,,,,,,,,,,,,,,,,2027-05-15 15:00:00,ipswich town,man city,2027-05-15,,,,,,,,,,,,,,,,,,,,,,,,,,,,,,,,
,2027-05-15 15:00:00,,Liverpool,Brentford,,,,,,,,,,,,,,,,,,,,,,,,,,,,,,,,,,,,,,,,,,,,,,,,,,,,,,,,,,,,,,,,,,,,,,,,,,,,,,,,,,,,,,,,,,,,,,,,,,,,,,,,,,,,,,,,,,,,,,,,,,,,,,,,,,,,,,,,,,,,2.07201646090535,1.3191489361702127,1.6,0.8,9.0,0.4,1.2,5.0,,,,,,,,,,,,,,,,,,,,,,,,,,,,,,,,,,,,,,,,,,,,,,,,,,,,,,,,,,,,,,,,,,,,,,,,,,,,,,,,,,,,,,,,,,,,,2027-05-15 15:00:00,liverpool,brentford,2027-05-15,,,,,,,,,,,,,,,,,,,,,,,,,,,,,,,,
,2027-05-15 15:00:00,,Man United,Leeds,,,,,,,,,,,,,,,,,,,,,,,,,,,,,,,,,,,,,,,,,,,,,,,,,,,,,,,,,,,,,,,,,,,,,,,,,,,,,,,,,,,,,,,,,,,,,,,,,,,,,,,,,,,,,,,,,,,,,,,,,,,,,,,,,,,,,,,,,,,,2.037037037037037,1.2925170068027212,2.4,1.6,12.0,1.0,1.4,7.0,,,,,,,,,,,,,,,,,,,,,,,,,,,,,,,,,,,,,,,,,,,,,,,,,,,,,,,,,,,,,,,,,,,,,,,,,,,,,,,,,,,,,,,,,,,,,2027-05-15 15:00:00,man united,leeds,2027-05-15,,,,,,,,,,,,,,,,,,,,,,,,,,,,,,,,
,2027-05-15 15:00:00,,Sunderland,Bournemouth,,,,,,,,,,,,,,,,,,,,,,,,,,,,,,,,,,,,,,,,,,,,,,,,,,,,,,,,,,,,,,,,,,,,,,,,,,,,,,,,,,,,,,,,,,,,,,,,,,,,,,,,,,,,,,,,,,,,,,,,,,,,,,,,,,,,,,,,,,,,1.0985915492957747,1.2529411764705882,0.6,1.4,7.0,1.2,0.6,11.0,,,,,,,,,,,,,,,,,,,,,,,,,,,,,,,,,,,,,,,,,,,,,,,,,,,,,,,,,,,,,,,,,,,,,,,,,,,,,,,,,,,,,,,,,,,,,2027-05-15 15:00:00,sunderland,bournemouth,2027-05-15,,,,,,,,,,,,,,,,,,,,,,,,,,,,,,,,
,2027-05-23 15:00:00,,Bournemouth,Chelsea,,,,,,,,,,,,,,,,,,,,,,,,,,,,,,,,,,,,,,,,,,,,,,,,,,,,,,,,,,,,,,,,,,,,,,,,,,,,,,,,,,,,,,,,,,,,,,,,,,,,,,,,,,,,,,,,,,,,,,,,,,,,,,,,,,,,,,,,,,,,1.3823529411764706,1.5781893004115226,1.6,1.0,7.0,1.2,2.0,7.0,,,,,,,,,,,,,,,,,,,,,,,,,,,,,,,,,,,,,,,,,,,,,,,,,,,,,,,,,,,,,,,,,,,,,,,,,,,,,,,,,,,,,,,,,,,,,2027-05-23 15:00:00,bournemouth,chelsea,2027-05-23,,,,,,,,,,,,,,,,,,,,,,,,,,,,,,,,
,2027-05-23 15:00:00,,Brentford,Hull City,,,,,,,,,,,,,,,,,,,,,,,,,,,,,,,,,,,,,,,,,,,,,,,,,,,,,,,,,,,,,,,,,,,,,,,,,,,,,,,,,,,,,,,,,,,,,,,,,,,,,,,,,,,,,,,,,,,,,,,,,,,,,,,,,,,,,,,,,,,,1.6702127659574468,,1.8,1.2,7.0,,,,,,,,,,,,,,,,,,,,,,,,,,,,,,,,,,,,,,,,,,,,,,,,,,,,,,,,,,,,,,,,,,,,,,,,,,,,,,,,,,,,,,,,,,,,,,,,2027-05-23 15:00:00,brentford,hull city,2027-05-23,,,,,,,,,,,,,,,,,,,,,,,,,,,,,,,,
,2027-05-23 15:00:00,,Brighton,Liverpool,,,,,,,,,,,,,,,,,,,,,,,,,,,,,,,,,,,,,,,,,,,,,,,,,,,,,,,,,,,,,,,,,,,,,,,,,,,,,,,,,,,,,,,,,,,,,,,,,,,,,,,,,,,,,,,,,,,,,,,,,,,,,,,,,,,,,,,,,,,,1.3431952662721893,1.6462167689161553,1.6,1.0,9.0,1.6,2.4,7.0,,,,,,,,,,,,,,,,,,,,,,,,,,,,,,,,,,,,,,,,,,,,,,,,,,,,,,,,,,,,,,,,,,,,,,,,,,,,,,,,,,,,,,,,,,,,,2027-05-23 15:00:00,brighton,liverpool,2027-05-23,,,,,,,,,,,,,,,,,,,,,,,,,,,,,,,,
,2027-05-23 15:00:00,,Everton,Arsenal,,,,,,,,,,,,,,,,,,,,,,,,,,,,,,,,,,,,,,,,,,,,,,,,,,,,,,,,,,,,,,,,,,,,,,,,,,,,,,,,,,,,,,,,,,,,,,,,,,,,,,,,,,,,,,,,,,,,,,,,,,,,,,,,,,,,,,,,,,,,1.5061475409836065,1.653688524590164,2.0,1.6,7.0,1.8,0.8,13.0,,,,,,,,,,,,,,,,,,,,,,,,,,,,,,,,,,,,,,,,,,,,,,,,,,,,,,,,,,,,,,,,,,,,,,,,,,,,,,,,,,,,,,,,,,,,,2027-05-23 15:00:00,everton,arsenal,2027-05-23,,,,,,,,,,,,,,,,,,,,,,,,,,,,,,,,
,2027-05-23 15:00:00,,Fulham,Coventry City,,,,,,,,,,,,,,,,,,,,,,,,,,,,,,,,,,,,,,,,,,,,,,,,,,,,,,,,,,,,,,,,,,,,,,,,,,,,,,,,,,,,,,,,,,,,,,,,,,,,,,,,,,,,,,,,,,,,,,,,,,,,,,,,,,,,,,,,,,,,1.3661971830985915,,1.2,0.6,9.0,,,,,,,,,,,,,,,,,,,,,,,,,,,,,,,,,,,,,,,,,,,,,,,,,,,,,,,,,,,,,,,,,,,,,,,,,,,,,,,,,,,,,,,,,,,,,,,,2027-05-23 15:00:00,fulham,coventry city,2027-05-23,,,,,,,,,,,,,,,,,,,,,,,,,,,,,,,,
,2027-05-23 15:00:00,,Leeds,Sunderland,,,,,,,,,,,,,,,,,,,,,,,,,,,,,,,,,,,,,,,,,,,,,,,,,,,,,,,,,,,,,,,,,,,,,,,,,,,,,,,,,,,,,,,,,,,,,,,,,,,,,,,,,,,,,,,,,,,,,,,,,,,,,,,,,,,,,,,,,,,,1.429530201342282,0.872791519434629,1.4,0.4,10.0,2.0,1.4,11.0,,,,,,,,,,,,,,,,,,,,,,,,,,,,,,,,,,,,,,,,,,,,,,,,,,,,,,,,,,,,,,,,,,,,,,,,,,,,,,,,,,,,,,,,,,,,,2027-05-23 15:00:00,leeds,sunderland,2027-05-23,,,,,,,,,,,,,,,,,,,,,,,,,,,,,,,,
,2027-05-23 15:00:00,,Man City,Aston Villa,,,,,,,,,,,,,,,,,,,,,,,,,,,,,,,,,,,,,,,,,,,,,,,,,,,,,,,,,,,,,,,,,,,,,,,,,,,,,,,,,,,,,,,,,,,,,,,,,,,,,,,,,,,,,,,,,,,,,,,,,,,,,,,,,,,,,,,,,,,,2.190578158458244,1.1511627906976745,2.2,1.0,10.0,1.2,1.6,7.0,,,,,,,,,,,,,,,,,,,,,,,,,,,,,,,,,,,,,,,,,,,,,,,,,,,,,,,,,,,,,,,,,,,,,,,,,,,,,,,,,,,,,,,,,,,,,2027-05-23 15:00:00,man city,aston villa,2027-05-23,,,,,,,,,,,,,,,,,,,,,,,,,,,,,,,,
,2027-05-23 15:00:00,,Newcastle,Crystal Palace,,,,,,,,,,,,,,,,,,,,,,,,,,,,,,,,,,,,,,,,,,,,,,,,,,,,,,,,,,,,,,,,,,,,,,,,,,,,,,,,,,,,,,,,,,,,,,,,,,,,,,,,,,,,,,,,,,,,,,,,,,,,,,,,,,,,,,,,,,,,1.5723830734966593,1.1406844106463878,2.0,1.4,9.0,1.2,2.4,7.0,,,,,,,,,,,,,,,,,,,,,,,,,,,,,,,,,,,,,,,,,,,,,,,,,,,,,,,,,,,,,,,,,,,,,,,,,,,,,,,,,,,,,,,,,,,,,2027-05-23 15:00:00,newcastle,crystal palace,2027-05-23,,,,,,,,,,,,,,,,,,,,,,,,,,,,,,,,
,2027-05-23 15:00:00,,Nott'm Forest,Ipswich Town,,,,,,,,,,,,,,,,,,,,,,,,,,,,,,,,,,,,,,,,,,,,,,,,,,,,,,,,,,,,,,,,,,,,,,,,,,,,,,,,,,,,,,,,,,,,,,,,,,,,,,,,,,,,,,,,,,,,,,,,,,,,,,,,,,,,,,,,,,,,1.32,,1.4,0.8,7.0,,,,,,,,,,,,,,,,,,,,,,,,,,,,,,,,,,,,,,,,,,,,,,,,,,,,,,,,,,,,,,,,,,,,,,,,,,,,,,,,,,,,,,,,,,,,,,,,2027-05-23 15:00:00,nott'm forest,ipswich town,2027-05-23,,,,,,,,,,,,,,,,,,,,,,,,,,,,,,,,
,2027-05-23 15:00:00,,Tottenham,Man United,,,,,,,,,,,,,,,,,,,,,,,,,,,,,,,,,,,,,,,,,,,,,,,,,,,,,,,,,,,,,,,,,,,,,,,,,,,,,,,,,,,,,,,,,,,,,,,,,,,,,,,,,,,,,,,,,,,,,,,,,,,,,,,,,,,,,,,,,,,,1.8012295081967213,1.5925925925925926,1.0,1.8,5.0,1.4,0.8,9.0,,,,,,,,,,,,,,,,,,,,,,,,,,,,,,,,,,,,,,,,,,,,,,,,,,,,,,,,,,,,,,,,,,,,,,,,,,,,,,,,,,,,,,,,,,,,,2027-05-23 15:00:00,tottenham,man united,2027-05-23,,,,,,,,,,,,,,,,,,,,,,,,,,,,,,,,
,2027-05-30 16:00:00,,Arsenal,Brighton,,,,,,,,,,,,,,,,,,,,,,,,,,,,,,,,,,,,,,,,,,,,,,,,,,,,,,,,,,,,,,,,,,,,,,,,,,,,,,,,,,,,,,,,,,,,,,,,,,,,,,,,,,,,,,,,,,,,,,,,,,,,,,,,,,,,,,,,,,,,2.138144329896907,1.2,1.6,0.4,12.0,1.2,1.2,9.0,,,,,,,,,,,,,,,,,,,,,,,,,,,,,,,,,,,,,,,,,,,,,,,,,,,,,,,,,,,,,,,,,,,,,,,,,,,,,,,,,,,,,,,,,,,,,2027-05-30 16:00:00,arsenal,brighton,2027-05-30,,,,,,,,,,,,,,,,,,,,,,,,,,,,,,,,
,2027-05-30 16:00:00,,Aston Villa,Tottenham,,,,,,,,,,,,,,,,,,,,,,,,,,,,,,,,,,,,,,,,,,,,,,,,,,,,,,,,,,,,,,,,,,,,,,,,,,,,,,,,,,,,,,,,,,,,,,,,,,,,,,,,,,,,,,,,,,,,,,,,,,,,,,,,,,,,,,,,,,,,1.3837209302325582,1.403688524590164,2.4,2.2,9.0,1.0,1.0,9.0,,,,,,,,,,,,,,,,,,,,,,,,,,,,,,,,,,,,,,,,,,,,,,,,,,,,,,,,,,,,,,,,,,,,,,,,,,,,,,,,,,,,,,,,,,,,,2027-05-30 16:00:00,aston villa,tottenham,2027-05-30,,,,,,,,,,,,,,,,,,,,,,,,,,,,,,,,
,2027-05-30 16:00:00,,Chelsea,Brentford,,,,,,,,,,,,,,,,,,,,,,,,,,,,,,,,,,,,,,,,,,,,,,,,,,,,,,,,,,,,,,,,,,,,,,,,,,,,,,,,,,,,,,,,,,,,,,,,,,,,,,,,,,,,,,,,,,,,,,,,,,,,,,,,,,,,,,,,,,,,2.02258726899384,1.3191489361702127,0.6,1.8,3.0,0.4,1.2,5.0,,,,,,,,,,,,,,,,,,,,,,,,,,,,,,,,,,,,,,,,,,,,,,,,,,,,,,,,,,,,,,,,,,,,,,,,,,,,,,,,,,,,,,,,,,,,,2027-05-30 16:00:00,chelsea,brentford,2027-05-30,,,,,,,,,,,,,,,,,,,,,,,,,,,,,,,,
,2027-05-30 16:00:00,,Coventry City,Nott'm Forest,,,,,,,,,,,,,,,,,,,,,,,,,,,,,,,,,,,,,,,,,,,,,,,,,,,,,,,,,,,,,,,,,,,,,,,,,,,,,,,,,,,,,,,,,,,,,,,,,,,,,,,,,,,,,,,,,,,,,,,,,,,,,,,,,,,,,,,,,,,,,1.24,,,,3.0,1.2,11.0,,,,,,,,,,,,,,,,,,,,,,,,,,,,,,,,,,,,,,,,,,,,,,,,,,,,,,,,,,,,,,,,,,,,,,,,,,,,,,,,,,,,,,,,,,,,,2027-05-30 16:00:00,coventry city,nott'm forest,2027-05-30,,,,,,,,,,,,,,,,,,,,,,,,,,,,,,,,
,2027-05-30 16:00:00,,Crystal Palace,Leeds,,,,,,,,,,,,,,,,,,,,,,,,,,,,,,,,,,,,,,,,,,,,,,,,,,,,,,,,,,,,,,,,,,,,,,,,,,,,,,,,,,,,,,,,,,,,,,,,,,,,,,,,,,,,,,,,,,,,,,,,,,,,,,,,,,,,,,,,,,,,1.1877394636015326,1.2925170068027212,1.0,1.0,6.0,1.0,1.4,7.0,,,,,,,,,,,,,,,,,,,,,,,,,,,,,,,,,,,,,,,,,,,,,,,,,,,,,,,,,,,,,,,,,,,,,,,,,,,,,,,,,,,,,,,,,,,,,2027-05-30 16:00:00,crystal palace,leeds,2027-05-30,,,,,,,,,,,,,,,,,,,,,,,,,,,,,,,,
,2027-05-30 16:00:00,,Hull City,Newcastle,,,,,,,,,,,,,,,,,,,,,,,,,,,,,,,,,,,,,,,,,,,,,,,,,,,,,,,,,,,,,,,,,,,,,,,,,,,,,,,,,,,,,,,,,,,,,,,,,,,,,,,,,,,,,,,,,,,,,,,,,,,,,,,,,,,,,,,,,,,,,1.1046770601336302,,,,0.6,1.2,7.0,,,,,,,,,,,,,,,,,,,,,,,,,,,,,,,,,,,,,,,,,,,,,,,,,,,,,,,,,,,,,,,,,,,,,,,,,,,,,,,,,,,,,,,,,,,,,2027-05-30 16:00:00,hull city,newcastle,2027-05-30,,,,,,,,,,,,,,,,,,,,,,,,,,,,,,,,
,2027-05-30 16:00:00,,Ipswich Town,Everton,,,,,,,,,,,,,,,,,,,,,,,,,,,,,,,,,,,,,,,,,,,,,,,,,,,,,,,,,,,,,,,,,,,,,,,,,,,,,,,,,,,,,,,,,,,,,,,,,,,,,,,,,,,,,,,,,,,,,,,,,,,,,,,,,,,,,,,,,,,,,1.0534979423868314,,,,1.0,1.8,5.0,,,,,,,,,,,,,,,,,,,,,,,,,,,,,,,,,,,,,,,,,,,,,,,,,,,,,,,,,,,,,,,,,,,,,,,,,,,,,,,,,,,,,,,,,,,,,2027-05-30 16:00:00,ipswich town,everton,2027-05-30,,,,,,,,,,,,,,,,,,,,,,,,,,,,,,,,
,2027-05-30 16:00:00,,Liverpool,Bournemouth,,,,,,,,,,,,,,,,,,,,,,,,,,,,,,,,,,,,,,,,,,,,,,,,,,,,,,,,,,,,,,,,,,,,,,,,,,,,,,,,,,,,,,,,,,,,,,,,,,,,,,,,,,,,,,,,,,,,,,,,,,,,,,,,,,,,,,,,,,,,2.07201646090535,1.2529411764705882,1.6,0.8,9.0,1.2,0.6,11.0,,,,,,,,,,,,,,,,,,,,,,,,,,,,,,,,,,,,,,,,,,,,,,,,,,,,,,,,,,,,,,,,,,,,,,,,,,,,,,,,,,,,,,,,,,,,,2027-05-30 16:00:00,liverpool,bournemouth,2027-05-30,,,,,,,,,,,,,,,,,,,,,,,,,,,,,,,,
,2027-05-30 16:00:00,,Man United,Fulham,,,,,,,,,,,,,,,,,,,,,,,,,,,,,,,,,,,,,,,,,,,,,,,,,,,,,,,,,,,,,,,,,,,,,,,,,,,,,,,,,,,,,,,,,,,,,,,,,,,,,,,,,,,,,,,,,,,,,,,,,,,,,,,,,,,,,,,,,,,,2.037037037037037,0.9378531073446328,2.4,1.6,12.0,0.2,1.2,5.0,,,,,,,,,,,,,,,,,,,,,,,,,,,,,,,,,,,,,,,,,,,,,,,,,,,,,,,,,,,,,,,,,,,,,,,,,,,,,,,,,,,,,,,,,,,,,2027-05-30 16:00:00,man united,fulham,2027-05-30,,,,,,,,,,,,,,,,,,,,,,,,,,,,,,,,
,2027-05-30 16:00:00,,Sunderland,Man City,,,,,,,,,,,,,,,,,,,,,,,,,,,,,,,,,,,,,,,,,,,,,,,,,,,,,,,,,,,,,,,,,,,,,,,,,,,,,,,,,,,,,,,,,,,,,,,,,,,,,,,,,,,,,,,,,,,,,,,,,,,,,,,,,,,,,,,,,,,,1.0985915492957747,1.6346153846153846,0.6,1.4,7.0,1.8,1.0,9.0,,,,,,,,,,,,,,,,,,,,,,,,,,,,,,,,,,,,,,,,,,,,,,,,,,,,,,,,,,,,,,,,,,,,,,,,,,,,,,,,,,,,,,,,,,,,,2027-05-30 16:00:00,sunderland,man city,2027-05-30,,,,,,,,,,,,,,,,,,,,,,,,,,,,,,,,
