HomeTeam,AwayTeam,Date,Year,Month,DayOfWeek,Div,Time,FTHG,FTAG,FTR,HTHG,HTAG,HTR,Attendance,Referee,HS,AS,HST,AST,HHW,AHW,HC,AC,HF,AF,HO,AO,HY,AY,HR,AR,1XBH,1XBD,1XBA,B365H,B365D,B365A,B365>2.5,B365<2.5,B365AHH,B365AHA,B365AH,BFH,BFD,BFA,BFEH,BFED,BFEA,BFDH,BFDD,BFDA,BMGMH,BMGMD,BMGMA,BVH,BVD,BVA,VCH,VCD,VCA,BSH,BSD,BSA,BWH,BWD,BWA,CLH,CLD,CLA,GBH,GBD,GBA,GB>2.5,GB<2.5,GBAHH,GBAHA,GBAH,IWH,IWD,IWA,LBH,LBD,LBA,LBAHH,LBAHA,LBAH,PSH,PSD,PSA,P>2.5,P<2.5,PAHH,PAHA,SOH,SOD,SOA,SBH,SBD,SBA,SJH,SJD,SJA,SYH,SYD,SYA,WHH,WHD,WHA,Bb1X2,BbMxH,BbAvH,BbMxD,BbAvD,BbMxA,BbAvA,BbOU,BbMx>2.5,BbAv>2.5,BbMx<2.5,BbAv<2.5,BbAH,BbAHh,BbMxAHH,BbAvAHH,BbMxAHA,BbAvAHA,MaxH,MaxD,MaxA,AvgH,AvgD,AvgA,Max>2.5,Max<2.5,Avg>2.5,Avg<2.5,MaxAHH,MaxAHA,AvgAHH,AvgAHA,AHh,HomeWin,Season,HomeTeam_mean_FTHG,AwayTeam_mean_FTAG,HomeRecentGF,HomeRecentGA,HomeRecentPts,AwayRecentGF,AwayRecentGA,AwayRecentPts,HomeTeam_Arsenal,HomeTeam_Aston Villa,HomeTeam_Birmingham,HomeTeam_Blackburn,HomeTeam_Blackpool,HomeTeam_Bolton,HomeTeam_Bournemouth,HomeTeam_Bradford,HomeTeam_Brentford,HomeTeam_Brighton,HomeTeam_Burnley,HomeTeam_Cardiff,HomeTeam_Charlton,HomeTeam_Chelsea,HomeTeam_Coventry,HomeTeam_Crystal Palace,HomeTeam_Derby,HomeTeam_Everton,HomeTeam_Fulham,HomeTeam_Huddersfield,HomeTeam_Hull,HomeTeam_Ipswich,HomeTeam_Leeds,HomeTeam_Leicester,HomeTeam_Liverpool,HomeTeam_Luton,HomeTeam_Man City,HomeTeam_Man United,HomeTeam_Middlesbrough,HomeTeam_Newcastle,HomeTeam_Norwich,HomeTeam_Nott'm Forest,HomeTeam_Portsmouth,HomeTeam_QPR,HomeTeam_Reading,HomeTeam_Sheffield United,HomeTeam_Southampton,HomeTeam_Stoke,HomeTeam_Sunderland,HomeTeam_Swansea,HomeTeam_Tottenham,HomeTeam_Watford,HomeTeam_West Brom,HomeTeam_West Ham,HomeTeam_Wigan,HomeTeam_Wolves,AwayTeam_Arsenal,AwayTeam_Aston Villa,AwayTeam_Birmingham,AwayTeam_Blackburn,AwayTeam_Blackpool,AwayTeam_Bolton,AwayTeam_Bournemouth,AwayTeam_Bradford,AwayTeam_Brentford,AwayTeam_Brighton,AwayTeam_Burnley,AwayTeam_Cardiff,AwayTeam_Charlton,AwayTeam_Chelsea,AwayTeam_Coventry,AwayTeam_Crystal Palace,AwayTeam_Derby,AwayTeam_Everton,AwayTeam_Fulham,AwayTeam_Huddersfield,AwayTeam_Hull,AwayTeam_Ipswich,AwayTeam_Leeds,AwayTeam_Leicester,AwayTeam_Liverpool,AwayTeam_Luton,AwayTeam_Man City,AwayTeam_Man United,AwayTeam_Middlesbrough,AwayTeam_Newcastle,AwayTeam_Norwich,AwayTeam_Nott'm Forest,AwayTeam_Portsmouth,AwayTeam_QPR,AwayTeam_Reading,AwayTeam_Sheffield United,AwayTeam_Southampton,AwayTeam_Stoke,AwayTeam_Sunderland,AwayTeam_Swansea,AwayTeam_Tottenham,AwayTeam_Watford,AwayTeam_West Brom,AwayTeam_West Ham,AwayTeam_Wigan,AwayTeam_Wolves,Kickoff,B365_gt_2_5,B365_lt_2_5,GB_gt_2_5,GB_lt_2_5,P_gt_2_5,P_lt_2_5,BbMx_gt_2_5,BbAv_gt_2_5,BbMx_lt_2_5,BbAv_lt_2_5,Max_gt_2_5,Max_lt_2_5,Avg_gt_2_5,Avg_lt_2_5,HomeTeam_Aston_Villa,HomeTeam_Crystal_Palace,HomeTeam_Man_City,HomeTeam_Man_United,HomeTeam_Nott_m_Forest,HomeTeam_Sheffield_United,HomeTeam_West_Brom,HomeTeam_West_Ham,AwayTeam_Aston_Villa,AwayTeam_Crystal_Palace,AwayTeam_Man_City,AwayTeam_Man_United,AwayTeam_Nott_m_Forest,AwayTeam_Sheffield_United,AwayTeam_West_Brom,AwayTeam_West_Ham,date,home_team,away_team
Liverpool,Bournemouth,2025-08-15 20:00:00,2025,8,4,,,,,,,,,,,,,,,,,,,,,,,,,,,,,,,,,,,,,,,,,,,,,,,,,,,,,,,,,,,,,,,,,,,,,,,,,,,,,,,,,,,,,,,,,,,,,,,,,,,,,,,,,,,,,,,,,,,,,,,,,,,,,,,,,,,,,,,,,,,2.0876068376068377,1.2236842105263157,2.8,1.4,11.0,1.4,2.0,5.0,,,,,,,,,,,,,,,,,,,,,,,,,,,,,,,,,,,,,,,,,,,,,,,,,,,,,,,,,,,,,,,,,,,,,,,,,,,,,,,,,,,,,,,,,,,,,2025-08-15 20:00:00,,,,,,,,,,,,,,,,,,,,,,,,,,,,,,,2025-08-15,liverpool,bournemouth
Aston Villa,Newcastle,2025-08-16 12:30:00,2025,8,5,,,,,,,,,,,,,,,,,,,,,,,,,,,,,,,,,,,,,,,,,,,,,,,,,,,,,,,,,,,,,,,,,,,,,,,,,,,,,,,,,,,,,,,,,,,,,,,,,,,,,,,,,,,,,,,,,,,,,,,,,,,,,,,,,,,,,,,,,,,1.366504854368932,1.111368909512761,1.8,0.4,13.0,1.0,1.2,5.0,,,,,,,,,,,,,,,,,,,,,,,,,,,,,,,,,,,,,,,,,,,,,,,,,,,,,,,,,,,,,,,,,,,,,,,,,,,,,,,,,,,,,,,,,,,,,2025-08-16 12:30:00,,,,,,,,,,,,,,,,,,,,,,,,,,,,,,,2025-08-16,aston villa,newcastle
Brighton,Fulham,2025-08-16 15:00:00,2025,8,5,,,,,,,,,,,,,,,,,,,,,,,,,,,,,,,,,,,,,,,,,,,,,,,,,,,,,,,,,,,,,,,,,,,,,,,,,,,,,,,,,,,,,,,,,,,,,,,,,,,,,,,,,,,,,,,,,,,,,,,,,,,,,,,,,,,,,,,,,,,1.3112582781456954,0.9404761904761904,2.0,1.6,9.0,1.2,1.2,7.0,,,,,,,,,,,,,,,,,,,,,,,,,,,,,,,,,,,,,,,,,,,,,,,,,,,,,,,,,,,,,,,,,,,,,,,,,,,,,,,,,,,,,,,,,,,,,2025-08-16 15:00:00,,,,,,,,,,,,,,,,,,,,,,,,,,,,,,,2025-08-16,brighton,fulham
Sunderland,West Ham,2025-08-16 15:00:00,2025,8,5,,,,,,,,,,,,,,,,,,,,,,,,,,,,,,,,,,,,,,,,,,,,,,,,,,,,,,,,,,,,,,,,,,,,,,,,,,,,,,,,,,,,,,,,,,,,,,,,,,,,,,,,,,,,,,,,,,,,,,,,,,,,,,,,,,,,,,,,,,,1.0902255639097744,1.0889423076923077,1.0,1.6,4.0,1.6,1.8,6.0,,,,,,,,,,,,,,,,,,,,,,,,,,,,,,,,,,,,,,,,,,,,,,,,,,,,,,,,,,,,,,,,,,,,,,,,,,,,,,,,,,,,,,,,,,,,,2025-08-16 15:00:00,,,,,,,,,,,,,,,,,,,,,,,,,,,,,,,2025-08-16,sunderland,west ham
Tottenham,Burnley,2025-08-16 15:00:00,2025,8,5,,,,,,,,,,,,,,,,,,,,,,,,,,,,,,,,,,,,,,,,,,,,,,,,,,,,,,,,,,,,,,,,,,,,,,,,,,,,,,,,,,,,,,,,,,,,,,,,,,,,,,,,,,,,,,,,,,,,,,,,,,,,,,,,,,,,,,,,,,,1.8297872340425532,0.9415204678362572,1.6,1.8,6.0,1.2,1.6,4.0,,,,,,,,,,,,,,,,,,,,,,,,,,,,,,,,,,,,,,,,,,,,,,,,,,,,,,,,,,,,,,,,,,,,,,,,,,,,,,,,,,,,,,,,,,,,,2025-08-16 15:00:00,,,,,,,,,,,,,,,,,,,,,,,,,,,,,,,2025-08-16,tottenham,burnley
Wolves,Man City,2025-08-16 17:30:00,2025,8,5,,,,,,,,,,,,,,,,,,,,,,,,,,,,,,,,,,,,,,,,,,,,,,,,,,,,,,,,,,,,,,,,,,,,,,,,,,,,,,,,,,,,,,,,,,,,,,,,,,,,,,,,,,,,,,,,,,,,,,,,,,,,,,,,,,,,,,,,,,,1.2184466019417477,1.6377777777777778,1.6,1.8,7.0,1.6,0.0,11.0,,,,,,,,,,,,,,,,,,,,,,,,,,,,,,,,,,,,,,,,,,,,,,,,,,,,,,,,,,,,,,,,,,,,,,,,,,,,,,,,,,,,,,,,,,,,,2025-08-16 17:30:00,,,,,,,,,,,,,,,,,,,,,,,,,,,,,,,2025-08-16,wolves,man city
Chelsea,Crystal Palace,2025-08-17 14:00:00,2025,8,6,,,,,,,,,,,,,,,,,,,,,,,,,,,,,,,,,,,,,,,,,,,,,,,,,,,,,,,,,,,,,,,,,,,,,,,,,,,,,,,,,,,,,,,,,,,,,,,,,,,,,,,,,,,,,,,,,,,,,,,,,,,,,,,,,,,,,,,,,,,2.044776119402985,1.1346938775510205,1.4,0.6,11.0,1.0,1.6,6.0,,,,,,,,,,,,,,,,,,,,,,,,,,,,,,,,,,,,,,,,,,,,,,,,,,,,,,,,,,,,,,,,,,,,,,,,,,,,,,,,,,,,,,,,,,,,,2025-08-17 14:00:00,,,,,,,,,,,,,,,,,,,,,,,,,,,,,,,2025-08-17,chelsea,crystal palace
Nott'm Forest,Brentford,2025-08-17 14:00:00,2025,8,6,,,,,,,,,,,,,,,,,,,,,,,,,,,,,,,,,,,,,,,,,,,,,,,,,,,,,,,,,,,,,,,,,,,,,,,,,,,,,,,,,,,,,,,,,,,,,,,,,,,,,,,,,,,,,,,,,,,,,,,,,,,,,,,,,,,,,,,,,,,1.4385964912280702,1.355263157894737,1.0,1.4,4.0,1.2,1.0,8.0,,,,,,,,,,,,,,,,,,,,,,,,,,,,,,,,,,,,,,,,,,,,,,,,,,,,,,,,,,,,,,,,,,,,,,,,,,,,,,,,,,,,,,,,,,,,,2025-08-17 14:00:00,,,,,,,,,,,,,,,,,,,,,,,,,,,,,,,2025-08-17,nott'm forest,brentford
Man United,Arsenal,2025-08-17 16:30:00,2025,8,6,,,,,,,,,,,,,,,,,,,,,,,,,,,,,,,,,,,,,,,,,,,,,,,,,,,,,,,,,,,,,,,,,,,,,,,,,,,,,,,,,,,,,,,,,,,,,,,,,,,,,,,,,,,,,,,,,,,,,,,,,,,,,,,,,,,,,,,,,,,2.032051282051282,1.6553191489361705,0.4,0.8,4.0,2.0,0.8,11.0,,,,,,,,,,,,,,,,,,,,,,,,,,,,,,,,,,,,,,,,,,,,,,,,,,,,,,,,,,,,,,,,,,,,,,,,,,,,,,,,,,,,,,,,,,,,,2025-08-17 16:30:00,,,,,,,,,,,,,,,,,,,,,,,,,,,,,,,2025-08-17,man united,arsenal
Leeds,Everton,2025-08-18 20:00:00,2025,8,0,,,,,,,,,,,,,,,,,,,,,,,,,,,,,,,,,,,,,,,,,,,,,,,,,,,,,,,,,,,,,,,,,,,,,,,,,,,,,,,,,,,,,,,,,,,,,,,,,,,,,,,,,,,,,,,,,,,,,,,,,,,,,,,,,,,,,,,,,,,1.4122137404580153,1.0491452991452992,1.2,2.6,5.0,1.0,0.6,9.0,,,,,,,,,,,,,,,,,,,,,,,,,,,,,,,,,,,,,,,,,,,,,,,,,,,,,,,,,,,,,,,,,,,,,,,,,,,,,,,,,,,,,,,,,,,,,2025-08-18 20:00:00,,,,,,,,,,,,,,,,,,,,,,,,,,,,,,,2025-08-18,leeds,everton
West Ham,Chelsea,2025-08-22 20:00:00,2025,8,4,,,,,,,,,,,,,,,,,,,,,,,,,,,,,,,,,,,,,,,,,,,,,,,,,,,,,,,,,,,,,,,,,,,,,,,,,,,,,,,,,,,,,,,,,,,,,,,,,,,,,,,,,,,,,,,,,,,,,,,,,,,,,,,,,,,,,,,,,,,1.4364508393285371,1.5811965811965811,1.2,2.2,3.0,1.6,0.8,10.0,,,,,,,,,,,,,,,,,,,,,,,,,,,,,,,,,,,,,,,,,,,,,,,,,,,,,,,,,,,,,,,,,,,,,,,,,,,,,,,,,,,,,,,,,,,,,2025-08-22 20:00:00,,,,,,,,,,,,,,,,,,,,,,,,,,,,,,,2025-08-22,west ham,chelsea
Man City,Tottenham,2025-08-23 12:30:00,2025,8,5,,,,,,,,,,,,,,,,,,,,,,,,,,,,,,,,,,,,,,,,,,,,,,,,,,,,,,,,,,,,,,,,,,,,,,,,,,,,,,,,,,,,,,,,,,,,,,,,,,,,,,,,,,,,,,,,,,,,,,,,,,,,,,,,,,,,,,,,,,,2.178173719376392,1.4063829787234043,2.2,1.2,12.0,1.2,2.4,4.0,,,,,,,,,,,,,,,,,,,,,,,,,,,,,,,,,,,,,,,,,,,,,,,,,,,,,,,,,,,,,,,,,,,,,,,,,,,,,,,,,,,,,,,,,,,,,2025-08-23 12:30:00,,,,,,,,,,,,,,,,,,,,,,,,,,,,,,,2025-08-23,man city,tottenham
Bournemouth,Wolves,2025-08-23 15:00:00,2025,8,5,,,,,,,,,,,,,,,,,,,,,,,,,,,,,,,,,,,,,,,,,,,,,,,,,,,,,,,,,,,,,,,,,,,,,,,,,,,,,,,,,,,,,,,,,,,,,,,,,,,,,,,,,,,,,,,,,,,,,,,,,,,,,,,,,,,,,,,,,,,1.361842105263158,0.9903381642512076,1.0,0.4,10.0,1.0,1.4,6.0,,,,,,,,,,,,,,,,,,,,,,,,,,,,,,,,,,,,,,,,,,,,,,,,,,,,,,,,,,,,,,,,,,,,,,,,,,,,,,,,,,,,,,,,,,,,,2025-08-23 15:00:00,,,,,,,,,,,,,,,,,,,,,,,,,,,,,,,2025-08-23,bournemouth,wolves
Brentford,Aston Villa,2025-08-23 15:00:00,2025,8,5,,,,,,,,,,,,,,,,,,,,,,,,,,,,,,,,,,,,,,,,,,,,,,,,,,,,,,,,,,,,,,,,,,,,,,,,,,,,,,,,,,,,,,,,,,,,,,,,,,,,,,,,,,,,,,,,,,,,,,,,,,,,,,,,,,,,,,,,,,,1.644736842105263,1.1432038834951457,2.2,1.6,10.0,1.0,1.0,6.0,,,,,,,,,,,,,,,,,,,,,,,,,,,,,,,,,,,,,,,,,,,,,,,,,,,,,,,,,,,,,,,,,,,,,,,,,,,,,,,,,,,,,,,,,,,,,2025-08-23 15:00:00,,,,,,,,,,,,,,,,,,,,,,,,,,,,,,,2025-08-23,brentford,aston villa
Burnley,Sunderland,2025-08-23 15:00:00,2025,8,5,,,,,,,,,,,,,,,,,,,,,,,,,,,,,,,,,,,,,,,,,,,,,,,,,,,,,,,,,,,,,,,,,,,,,,,,,,,,,,,,,,,,,,,,,,,,,,,,,,,,,,,,,,,,,,,,,,,,,,,,,,,,,,,,,,,,,,,,,,,1.0584795321637428,0.8679245283018868,1.2,1.6,5.0,0.6,2.0,3.0,,,,,,,,,,,,,,,,,,,,,,,,,,,,,,,,,,,,,,,,,,,,,,,,,,,,,,,,,,,,,,,,,,,,,,,,,,,,,,,,,,,,,,,,,,,,,2025-08-23 15:00:00,,,,,,,,,,,,,,,,,,,,,,,,,,,,,,,2025-08-23,burnley,sunderland
Arsenal,Leeds,2025-08-23 17:30:00,2025,8,5,,,,,,,,,,,,,,,,,,,,,,,,,,,,,,,,,,,,,,,,,,,,,,,,,,,,,,,,,,,,,,,,,,,,,,,,,,,,,,,,,,,,,,,,,,,,,,,,,,,,,,,,,,,,,,,,,,,,,,,,,,,,,,,,,,,,,,,,,,,2.143468950749465,1.317829457364341,2.0,1.0,8.0,0.8,3.2,0.0,,,,,,,,,,,,,,,,,,,,,,,,,,,,,,,,,,,,,,,,,,,,,,,,,,,,,,,,,,,,,,,,,,,,,,,,,,,,,,,,,,,,,,,,,,,,,2025-08-23 17:30:00,,,,,,,,,,,,,,,,,,,,,,,,,,,,,,,2025-08-23,arsenal,leeds
Crystal Palace,Nott'm Forest,2025-08-24 14:00:00,2025,8,6,,,,,,,,,,,,,,,,,,,,,,,,,,,,,,,,,,,,,,,,,,,,,,,,,,,,,,,,,,,,,,,,,,,,,,,,,,,,,,,,,,,,,,,,,,,,,,,,,,,,,,,,,,,,,,,,,,,,,,,,,,,,,,,,,,,,,,,,,,,1.2016460905349795,1.1578947368421053,1.6,1.0,9.0,1.4,1.2,8.0,,,,,,,,,,,,,,,,,,,,,,,,,,,,,,,,,,,,,,,,,,,,,,,,,,,,,,,,,,,,,,,,,,,,,,,,,,,,,,,,,,,,,,,,,,,,,2025-08-24 14:00:00,,,,,,,,,,,,,,,,,,,,,,,,,,,,,,,2025-08-24,crystal palace,nott'm forest
Everton,Brighton,2025-08-24 14:00:00,2025,8,6,,,,,,,,,,,,,,,,,,,,,,,,,,,,,,,,,,,,,,,,,,,,,,,,,,,,,,,,,,,,,,,,,,,,,,,,,,,,,,,,,,,,,,,,,,,,,,,,,,,,,,,,,,,,,,,,,,,,,,,,,,,,,,,,,,,,,,,,,,,1.5127659574468084,1.1973684210526316,1.4,1.0,8.0,1.8,1.8,6.0,,,,,,,,,,,,,,,,,,,,,,,,,,,,,,,,,,,,,,,,,,,,,,,,,,,,,,,,,,,,,,,,,,,,,,,,,,,,,,,,,,,,,,,,,,,,,2025-08-24 14:00:00,,,,,,,,,,,,,,,,,,,,,,,,,,,,,,,2025-08-24,everton,brighton
Fulham,Man United,2025-08-24 16:30:00,2025,8,6,,,,,,,,,,,,,,,,,,,,,,,,,,,,,,,,,,,,,,,,,,,,,,,,,,,,,,,,,,,,,,,,,,,,,,,,,,,,,,,,,,,,,,,,,,,,,,,,,,,,,,,,,,,,,,,,,,,,,,,,,,,,,,,,,,,,,,,,,,,1.3531157270029674,1.5918803418803418,1.2,2.0,4.0,1.2,2.2,2.0,,,,,,,,,,,,,,,,,,,,,,,,,,,,,,,,,,,,,,,,,,,,,,,,,,,,,,,,,,,,,,,,,,,,,,,,,,,,,,,,,,,,,,,,,,,,,2025-08-24 16:30:00,,,,,,,,,,,,,,,,,,,,,,,,,,,,,,,2025-08-24,fulham,man united
Newcastle,Liverpool,2025-08-25 20:00:00,2025,8,0,,,,,,,,,,,,,,,,,,,,,,,,,,,,,,,,,,,,,,,,,,,,,,,,,,,,,,,,,,,,,,,,,,,,,,,,,,,,,,,,,,,,,,,,,,,,,,,,,,,,,,,,,,,,,,,,,,,,,,,,,,,,,,,,,,,,,,,,,,,1.5591647331786542,1.653927813163482,2.4,0.8,9.0,1.8,2.2,6.0,,,,,,,,,,,,,,,,,,,,,,,,,,,,,,,,,,,,,,,,,,,,,,,,,,,,,,,,,,,,,,,,,,,,,,,,,,,,,,,,,,,,,,,,,,,,,2025-08-25 20:00:00,,,,,,,,,,,,,,,,,,,,,,,,,,,,,,,2025-08-25,newcastle,liverpool
Chelsea,Fulham,2025-08-30 12:30:00,2025,8,5,,,,,,,,,,,,,,,,,,,,,,,,,,,,,,,,,,,,,,,,,,,,,,,,,,,,,,,,,,,,,,,,,,,,,,,,,,,,,,,,,,,,,,,,,,,,,,,,,,,,,,,,,,,,,,,,,,,,,,,,,,,,,,,,,,,,,,,,,,,2.0446808510638297,0.9376854599406528,1.4,0.2,13.0,1.2,1.4,7.0,,,,,,,,,,,,,,,,,,,,,,,,,,,,,,,,,,,,,,,,,,,,,,,,,,,,,,,,,,,,,,,,,,,,,,,,,,,,,,,,,,,,,,,,,,,,,2025-08-30 12:30:00,,,,,,,,,,,,,,,,,,,,,,,,,,,,,,,2025-08-30,chelsea,fulham
Man United,Burnley,2025-08-30 15:00:00,2025,8,5,,,,,,,,,,,,,,,,,,,,,,,,,,,,,,,,,,,,,,,,,,,,,,,,,,,,,,,,,,,,,,,,,,,,,,,,,,,,,,,,,,,,,,,,,,,,,,,,,,,,,,,,,,,,,,,,,,,,,,,,,,,,,,,,,,,,,,,,,,,2.0341151385927505,0.9476744186046512,1.0,1.2,6.0,1.6,2.0,4.0,,,,,,,,,,,,,,,,,,,,,,,,,,,,,,,,,,,,,,,,,,,,,,,,,,,,,,,,,,,,,,,,,,,,,,,,,,,,,,,,,,,,,,,,,,,,,2025-08-30 15:00:00,,,,,,,,,,,,,,,,,,,,,,,,,,,,,,,2025-08-30,man united,burnley
Sunderland,Brentford,2025-08-30 15:00:00,2025,8,5,,,,,,,,,,,,,,,,,,,,,,,,,,,,,,,,,,,,,,,,,,,,,,,,,,,,,,,,,,,,,,,,,,,,,,,,,,,,,,,,,,,,,,,,,,,,,,,,,,,,,,,,,,,,,,,,,,,,,,,,,,,,,,,,,,,,,,,,,,,1.093632958801498,1.3506493506493509,1.4,1.2,7.0,1.2,1.2,7.0,,,,,,,,,,,,,,,,,,,,,,,,,,,,,,,,,,,,,,,,,,,,,,,,,,,,,,,,,,,,,,,,,,,,,,,,,,,,,,,,,,,,,,,,,,,,,2025-08-30 15:00:00,,,,,,,,,,,,,,,,,,,,,,,,,,,,,,,2025-08-30,sunderland,brentford
Tottenham,Bournemouth,2025-08-30 15:00:00,2025,8,5,,,,,,,,,,,,,,,,,,,,,,,,,,,,,,,,,,,,,,,,,,,,,,,,,,,,,,,,,,,,,,,,,,,,,,,,,,,,,,,,,,,,,,,,,,,,,,,,,,,,,,,,,,,,,,,,,,,,,,,,,,,,,,,,,,,,,,,,,,,1.8259023354564756,1.2222222222222223,1.0,1.8,3.0,1.2,1.6,7.0,,,,,,,,,,,,,,,,,,,,,,,,,,,,,,,,,,,,,,,,,,,,,,,,,,,,,,,,,,,,,,,,,,,,,,,,,,,,,,,,,,,,,,,,,,,,,2025-08-30 15:00:00,,,,,,,,,,,,,,,,,,,,,,,,,,,,,,,2025-08-30,tottenham,bournemouth
Wolves,Everton,2025-08-30 15:00:00,2025,8,5,,,,,,,,,,,,,,,,,,,,,,,,,,,,,,,,,,,,,,,,,,,,,,,,,,,,,,,,,,,,,,,,,,,,,,,,,,,,,,,,,,,,,,,,,,,,,,,,,,,,,,,,,,,,,,,,,,,,,,,,,,,,,,,,,,,,,,,,,,,1.2222222222222223,1.0533049040511726,1.2,2.0,4.0,1.4,1.0,9.0,,,,,,,,,,,,,,,,,,,,,,,,,,,,,,,,,,,,,,,,,,,,,,,,,,,,,,,,,,,,,,,,,,,,,,,,,,,,,,,,,,,,,,,,,,,,,2025-08-30 15:00:00,,,,,,,,,,,,,,,,,,,,,,,,,,,,,,,2025-08-30,wolves,everton
Leeds,Newcastle,2025-08-30 17:30:00,2025,8,5,,,,,,,,,,,,,,,,,,,,,,,,,,,,,,,,,,,,,,,,,,,,,,,,,,,,,,,,,,,,,,,,,,,,,,,,,,,,,,,,,,,,,,,,,,,,,,,,,,,,,,,,,,,,,,,,,,,,,,,,,,,,,,,,,,,,,,,,,,,1.4015151515151516,1.1087962962962965,1.0,1.4,6.0,0.4,1.2,3.0,,,,,,,,,,,,,,,,,,,,,,,,,,,,,,,,,,,,,,,,,,,,,,,,,,,,,,,,,,,,,,,,,,,,,,,,,,,,,,,,,,,,,,,,,,,,,2025-08-30 17:30:00,,,,,,,,,,,,,,,,,,,,,,,,,,,,,,,2025-08-30,leeds,newcastle
Brighton,Man City,2025-08-31 14:00:00,2025,8,6,,,,,,,,,,,,,,,,,,,,,,,,,,,,,,,,,,,,,,,,,,,,,,,,,,,,,,,,,,,,,,,,,,,,,,,,,,,,,,,,,,,,,,,,,,,,,,,,,,,,,,,,,,,,,,,,,,,,,,,,,,,,,,,,,,,,,,,,,,,1.3157894736842106,1.6363636363636365,2.0,1.4,11.0,1.8,0.4,10.0,,,,,,,,,,,,,,,,,,,,,,,,,,,,,,,,,,,,,,,,,,,,,,,,,,,,,,,,,,,,,,,,,,,,,,,,,,,,,,,,,,,,,,,,,,,,,2025-08-31 14:00:00,,,,,,,,,,,,,,,,,,,,,,,,,,,,,,,2025-08-31,brighton,man city
Nott'm Forest,West Ham,2025-08-31 14:00:00,2025,8,6,,,,,,,,,,,,,,,,,,,,,,,,,,,,,,,,,,,,,,,,,,,,,,,,,,,,,,,,,,,,,,,,,,,,,,,,,,,,,,,,,,,,,,,,,,,,,,,,,,,,,,,,,,,,,,,,,,,,,,,,,,,,,,,,,,,,,,,,,,,1.4137931034482758,1.0935251798561152,1.0,1.8,4.0,2.0,1.4,9.0,,,,,,,,,,,,,,,,,,,,,,,,,,,,,,,,,,,,,,,,,,,,,,,,,,,,,,,,,,,,,,,,,,,,,,,,,,,,,,,,,,,,,,,,,,,,,2025-08-31 14:00:00,,,,,,,,,,,,,,,,,,,,,,,,,,,,,,,2025-08-31,nott'm forest,west ham
Liverpool,Arsenal,2025-08-31 16:30:00,2025,8,6,,,,,,,,,,,,,,,,,,,,,,,,,,,,,,,,,,,,,,,,,,,,,,,,,,,,,,,,,,,,,,,,,,,,,,,,,,,,,,,,,,,,,,,,,,,,,,,,,,,,,,,,,,,,,,,,,,,,,,,,,,,,,,,,,,,,,,,,,,,2.0852878464818763,1.6518046709129512,2.6,1.2,11.0,1.8,0.8,10.0,,,,,,,,,,,,,,,,,,,,,,,,,,,,,,,,,,,,,,,,,,,,,,,,,,,,,,,,,,,,,,,,,,,,,,,,,,,,,,,,,,,,,,,,,,,,,2025-08-31 16:30:00,,,,,,,,,,,,,,,,,,,,,,,,,,,,,,,2025-08-31,liverpool,arsenal
Aston Villa,Crystal Palace,2025-08-31 19:00:00,2025,8,6,,,,,,,,,,,,,,,,,,,,,,,,,,,,,,,,,,,,,,,,,,,,,,,,,,,,,,,,,,,,,,,,,,,,,,,,,,,,,,,,,,,,,,,,,,,,,,,,,,,,,,,,,,,,,,,,,,,,,,,,,,,,,,,,,,,,,,,,,,,1.3631961259079903,1.1422764227642277,1.4,0.8,10.0,1.6,0.6,9.0,,,,,,,,,,,,,,,,,,,,,,,,,,,,,,,,,,,,,,,,,,,,,,,,,,,,,,,,,,,,,,,,,,,,,,,,,,,,,,,,,,,,,,,,,,,,,2025-08-31 19:00:00,,,,,,,,,,,,,,,,,,,,,,,,,,,,,,,2025-08-31,aston villa,crystal palace
Arsenal,Nott'm Forest,2025-09-13 12:30:00,2025,9,5,,,,,,,,,,,,,,,,,,,,,,,,,,,,,,,,,,,,,,,,,,,,,,,,,,,,,,,,,,,,,,,,,,,,,,,,,,,,,,,,,,,,,,,,,,,,,,,,,,,,,,,,,,,,,,,,,,,,,,,,,,,,,,,,,,,,,,,,,,,2.1452991452991452,1.137931034482759,2.4,0.8,10.0,1.2,1.4,8.0,,,,,,,,,,,,,,,,,,,,,,,,,,,,,,,,,,,,,,,,,,,,,,,,,,,,,,,,,,,,,,,,,,,,,,,,,,,,,,,,,,,,,,,,,,,,,2025-09-13 12:30:00,,,,,,,,,,,,,,,,,,,,,,,,,,,,,,,2025-09-13,arsenal,nott'm forest
Bournemouth,Brighton,2025-09-13 15:00:00,2025,9,5,,,,,,,,,,,,,,,,,,,,,,,,,,,,,,,,,,,,,,,,,,,,,,,,,,,,,,,,,,,,,,,,,,,,,,,,,,,,,,,,,,,,,,,,,,,,,,,,,,,,,,,,,,,,,,,,,,,,,,,,,,,,,,,,,,,,,,,,,,,1.3660130718954249,1.196078431372549,1.2,0.6,10.0,1.8,1.8,6.0,,,,,,,,,,,,,,,,,,,,,,,,,,,,,,,,,,,,,,,,,,,,,,,,,,,,,,,,,,,,,,,,,,,,,,,,,,,,,,,,,,,,,,,,,,,,,2025-09-13 15:00:00,,,,,,,,,,,,,,,,,,,,,,,,,,,,,,,2025-09-13,bournemouth,brighton
Crystal Palace,Sunderland,2025-09-13 15:00:00,2025,9,5,,,,,,,,,,,,,,,,,,,,,,,,,,,,,,,,,,,,,,,,,,,,,,,,,,,,,,,,,,,,,,,,,,,,,,,,,,,,,,,,,,,,,,,,,,,,,,,,,,,,,,,,,,,,,,,,,,,,,,,,,,,,,,,,,,,,,,,,,,,1.1967213114754098,0.8646616541353384,1.2,0.8,7.0,0.6,1.8,4.0,,,,,,,,,,,,,,,,,,,,,,,,,,,,,,,,,,,,,,,,,,,,,,,,,,,,,,,,,,,,,,,,,,,,,,,,,,,,,,,,,,,,,,,,,,,,,2025-09-13 15:00:00,,,,,,,,,,,,,,,,,,,,,,,,,,,,,,,2025-09-13,crystal palace,sunderland
Everton,Aston Villa,2025-09-13 15:00:00,2025,9,5,,,,,,,,,,,,,,,,,,,,,,,,,,,,,,,,,,,,,,,,,,,,,,,,,,,,,,,,,,,,,,,,,,,,,,,,,,,,,,,,,,,,,,,,,,,,,,,,,,,,,,,,,,,,,,,,,,,,,,,,,,,,,,,,,,,,,,,,,,,1.5095541401273886,1.1404358353510895,1.2,0.8,8.0,0.4,1.0,4.0,,,,,,,,,,,,,,,,,,,,,,,,,,,,,,,,,,,,,,,,,,,,,,,,,,,,,,,,,,,,,,,,,,,,,,,,,,,,,,,,,,,,,,,,,,,,,2025-09-13 15:00:00,,,,,,,,,,,,,,,,,,,,,,,,,,,,,,,2025-09-13,everton,aston villa
Fulham,Leeds,2025-09-13 15:00:00,2025,9,5,,,,,,,,,,,,,,,,,,,,,,,,,,,,,,,,,,,,,,,,,,,,,,,,,,,,,,,,,,,,,,,,,,,,,,,,,,,,,,,,,,,,,,,,,,,,,,,,,,,,,,,,,,,,,,,,,,,,,,,,,,,,,,,,,,,,,,,,,,,1.3520710059171597,1.3076923076923077,0.8,1.6,4.0,0.6,3.0,0.0,,,,,,,,,,,,,,,,,,,,,,,,,,,,,,,,,,,,,,,,,,,,,,,,,,,,,,,,,,,,,,,,,,,,,,,,,,,,,,,,,,,,,,,,,,,,,2025-09-13 15:00:00,,,,,,,,,,,,,,,,,,,,,,,,,,,,,,,2025-09-13,fulham,leeds
Newcastle,Wolves,2025-09-13 15:00:00,2025,9,5,,,,,,,,,,,,,,,,,,,,,,,,,,,,,,,,,,,,,,,,,,,,,,,,,,,,,,,,,,,,,,,,,,,,,,,,,,,,,,,,,,,,,,,,,,,,,,,,,,,,,,,,,,,,,,,,,,,,,,,,,,,,,,,,,,,,,,,,,,,1.5578703703703705,0.9855769230769232,1.6,0.8,9.0,0.6,1.4,3.0,,,,,,,,,,,,,,,,,,,,,,,,,,,,,,,,,,,,,,,,,,,,,,,,,,,,,,,,,,,,,,,,,,,,,,,,,,,,,,,,,,,,,,,,,,,,,2025-09-13 15:00:00,,,,,,,,,,,,,,,,,,,,,,,,,,,,,,,2025-09-13,newcastle,wolves
West Ham,Tottenham,2025-09-13 17:30:00,2025,9,5,,,,,,,,,,,,,,,,,,,,,,,,,,,,,,,,,,,,,,,,,,,,,,,,,,,,,,,,,,,,,,,,,,,,,,,,,,,,,,,,,,,,,,,,,,,,,,,,,,,,,,,,,,,,,,,,,,,,,,,,,,,,,,,,,,,,,,,,,,,1.4330143540669855,1.4097664543524415,0.8,2.4,2.0,1.4,1.6,7.0,,,,,,,,,,,,,,,,,,,,,,,,,,,,,,,,,,,,,,,,,,,,,,,,,,,,,,,,,,,,,,,,,,,,,,,,,,,,,,,,,,,,,,,,,,,,,2025-09-13 17:30:00,,,,,,,,,,,,,,,,,,,,,,,,,,,,,,,2025-09-13,west ham,tottenham
Brentford,Chelsea,2025-09-13 20:00:00,2025,9,5,,,,,,,,,,,,,,,,,,,,,,,,,,,,,,,,,,,,,,,,,,,,,,,,,,,,,,,,,,,,,,,,,,,,,,,,,,,,,,,,,,,,,,,,,,,,,,,,,,,,,,,,,,,,,,,,,,,,,,,,,,,,,,,,,,,,,,,,,,,1.6493506493506491,1.582089552238806,2.6,2.0,10.0,2.0,1.2,10.0,,,,,,,,,,,,,,,,,,,,,,,,,,,,,,,,,,,,,,,,,,,,,,,,,,,,,,,,,,,,,,,,,,,,,,,,,,,,,,,,,,,,,,,,,,,,,2025-09-13 20:00:00,,,,,,,,,,,,,,,,,,,,,,,,,,,,,,,2025-09-13,brentford,chelsea
Burnley,Liverpool,2025-09-14 14:00:00,2025,9,6,,,,,,,,,,,,,,,,,,,,,,,,,,,,,,,,,,,,,,,,,,,,,,,,,,,,,,,,,,,,,,,,,,,,,,,,,,,,,,,,,,,,,,,,,,,,,,,,,,,,,,,,,,,,,,,,,,,,,,,,,,,,,,,,,,,,,,,,,,,1.052325581395349,1.652542372881356,1.0,1.6,4.0,1.6,1.6,9.0,,,,,,,,,,,,,,,,,,,,,,,,,,,,,,,,,,,,,,,,,,,,,,,,,,,,,,,,,,,,,,,,,,,,,,,,,,,,,,,,,,,,,,,,,,,,,2025-09-14 14:00:00,,,,,,,,,,,,,,,,,,,,,,,,,,,,,,,2025-09-14,burnley,liverpool
Man City,Man United,2025-09-14 16:30:00,2025,9,6,,,,,,,,,,,,,,,,,,,,,,,,,,,,,,,,,,,,,,,,,,,,,,,,,,,,,,,,,,,,,,,,,,,,,,,,,,,,,,,,,,,,,,,,,,,,,,,,,,,,,,,,,,,,,,,,,,,,,,,,,,,,,,,,,,,,,,,,,,,2.18,1.5884861407249466,1.8,0.8,12.0,1.0,2.0,2.0,,,,,,,,,,,,,,,,,,,,,,,,,,,,,,,,,,,,,,,,,,,,,,,,,,,,,,,,,,,,,,,,,,,,,,,,,,,,,,,,,,,,,,,,,,,,,2025-09-14 16:30:00,,,,,,,,,,,,,,,,,,,,,,,,,,,,,,,2025-09-14,man city,man united
Liverpool,Everton,2025-09-20 12:30:00,2025,9,5,,,,,,,,,,,,,,,,,,,,,,,,,,,,,,,,,,,,,,,,,,,,,,,,,,,,,,,,,,,,,,,,,,,,,,,,,,,,,,,,,,,,,,,,,,,,,,,,,,,,,,,,,,,,,,,,,,,,,,,,,,,,,,,,,,,,,,,,,,,2.0851063829787235,1.053191489361702,2.0,1.2,11.0,1.6,1.2,9.0,,,,,,,,,,,,,,,,,,,,,,,,,,,,,,,,,,,,,,,,,,,,,,,,,,,,,,,,,,,,,,,,,,,,,,,,,,,,,,,,,,,,,,,,,,,,,2025-09-20 12:30:00,,,,,,,,,,,,,,,,,,,,,,,,,,,,,,,2025-09-20,liverpool,everton
Brighton,Tottenham,2025-09-20 15:00:00,2025,9,5,,,,,,,,,,,,,,,,,,,,,,,,,,,,,,,,,,,,,,,,,,,,,,,,,,,,,,,,,,,,,,,,,,,,,,,,,,,,,,,,,,,,,,,,,,,,,,,,,,,,,,,,,,,,,,,,,,,,,,,,,,,,,,,,,,,,,,,,,,,1.3202614379084967,1.4110169491525424,1.8,1.4,9.0,1.6,1.0,8.0,,,,,,,,,,,,,,,,,,,,,,,,,,,,,,,,,,,,,,,,,,,,,,,,,,,,,,,,,,,,,,,,,,,,,,,,,,,,,,,,,,,,,,,,,,,,,2025-09-20 15:00:00,,,,,,,,,,,,,,,,,,,,,,,,,,,,,,,2025-09-20,brighton,tottenham
Burnley,Nott'm Forest,2025-09-20 15:00:00,2025,9,5,,,,,,,,,,,,,,,,,,,,,,,,,,,,,,,,,,,,,,,,,,,,,,,,,,,,,,,,,,,,,,,,,,,,,,,,,,,,,,,,,,,,,,,,,,,,,,,,,,,,,,,,,,,,,,,,,,,,,,,,,,,,,,,,,,,,,,,,,,,1.0520231213872833,1.1355932203389831,1.0,1.6,4.0,1.0,1.4,6.0,,,,,,,,,,,,,,,,,,,,,,,,,,,,,,,,,,,,,,,,,,,,,,,,,,,,,,,,,,,,,,,,,,,,,,,,,,,,,,,,,,,,,,,,,,,,,2025-09-20 15:00:00,,,,,,,,,,,,,,,,,,,,,,,,,,,,,,,2025-09-20,burnley,nott'm forest
West Ham,Crystal Palace,2025-09-20 15:00:00,2025,9,5,,,,,,,,,,,,,,,,,,,,,,,,,,,,,,,,,,,,,,,,,,,,,,,,,,,,,,,,,,,,,,,,,,,,,,,,,,,,,,,,,,,,,,,,,,,,,,,,,,,,,,,,,,,,,,,,,,,,,,,,,,,,,,,,,,,,,,,,,,,1.431980906921241,1.145748987854251,0.8,2.6,1.0,1.6,0.4,11.0,,,,,,,,,,,,,,,,,,,,,,,,,,,,,,,,,,,,,,,,,,,,,,,,,,,,,,,,,,,,,,,,,,,,,,,,,,,,,,,,,,,,,,,,,,,,,2025-09-20 15:00:00,,,,,,,,,,,,,,,,,,,,,,,,,,,,,,,2025-09-20,west ham,crystal palace
Wolves,Leeds,2025-09-20 15:00:00,2025,9,5,,,,,,,,,,,,,,,,,,,,,,,,,,,,,,,,,,,,,,,,,,,,,,,,,,,,,,,,,,,,,,,,,,,,,,,,,,,,,,,,,,,,,,,,,,,,,,,,,,,,,,,,,,,,,,,,,,,,,,,,,,,,,,,,,,,,,,,,,,,1.2211538461538465,1.3206106870229009,0.8,2.6,1.0,1.0,2.4,3.0,,,,,,,,,,,,,,,,,,,,,,,,,,,,,,,,,,,,,,,,,,,,,,,,,,,,,,,,,,,,,,,,,,,,,,,,,,,,,,,,,,,,,,,,,,,,,2025-09-20 15:00:00,,,,,,,,,,,,,,,,,,,,,,,,,,,,,,,2025-09-20,wolves,leeds
Man United,Chelsea,2025-09-20 17:30:00,2025,9,5,,,,,,,,,,,,,,,,,,,,,,,,,,,,,,,,,,,,,,,,,,,,,,,,,,,,,,,,,,,,,,,,,,,,,,,,,,,,,,,,,,,,,,,,,,,,,,,,,,,,,,,,,,,,,,,,,,,,,,,,,,,,,,,,,,,,,,,,,,,2.0340425531914894,1.5808510638297872,1.4,1.2,9.0,1.8,1.4,7.0,,,,,,,,,,,,,,,,,,,,,,,,,,,,,,,,,,,,,,,,,,,,,,,,,,,,,,,,,,,,,,,,,,,,,,,,,,,,,,,,,,,,,,,,,,,,,2025-09-20 17:30:00,,,,,,,,,,,,,,,,,,,,,,,,,,,,,,,2025-09-20,man united,chelsea
Fulham,Brentford,2025-09-20 20:00:00,2025,9,5,,,,,,,,,,,,,,,,,,,,,,,,,,,,,,,,,,,,,,,,,,,,,,,,,,,,,,,,,,,,,,,,,,,,,,,,,,,,,,,,,,,,,,,,,,,,,,,,,,,,,,,,,,,,,,,,,,,,,,,,,,,,,,,,,,,,,,,,,,,1.3569321533923304,1.3461538461538465,1.2,1.4,7.0,1.0,1.8,4.0,,,,,,,,,,,,,,,,,,,,,,,,,,,,,,,,,,,,,,,,,,,,,,,,,,,,,,,,,,,,,,,,,,,,,,,,,,,,,,,,,,,,,,,,,,,,,2025-09-20 20:00:00,,,,,,,,,,,,,,,,,,,,,,,,,,,,,,,2025-09-20,fulham,brentford
Bournemouth,Newcastle,2025-09-21 14:00:00,2025,9,6,,,,,,,,,,,,,,,,,,,,,,,,,,,,,,,,,,,,,,,,,,,,,,,,,,,,,,,,,,,,,,,,,,,,,,,,,,,,,,,,,,,,,,,,,,,,,,,,,,,,,,,,,,,,,,,,,,,,,,,,,,,,,,,,,,,,,,,,,,,1.3571428571428572,1.1062355658198617,1.0,0.4,10.0,0.2,0.4,4.0,,,,,,,,,,,,,,,,,,,,,,,,,,,,,,,,,,,,,,,,,,,,,,,,,,,,,,,,,,,,,,,,,,,,,,,,,,,,,,,,,,,,,,,,,,,,,2025-09-21 14:00:00,,,,,,,,,,,,,,,,,,,,,,,,,,,,,,,2025-09-21,bournemouth,newcastle
Sunderland,Aston Villa,2025-09-21 14:00:00,2025,9,6,,,,,,,,,,,,,,,,,,,,,,,,,,,,,,,,,,,,,,,,,,,,,,,,,,,,,,,,,,,,,,,,,,,,,,,,,,,,,,,,,,,,,,,,,,,,,,,,,,,,,,,,,,,,,,,,,,,,,,,,,,,,,,,,,,,,,,,,,,,1.0932835820895523,1.140096618357488,1.2,1.0,7.0,0.4,0.8,5.0,,,,,,,,,,,,,,,,,,,,,,,,,,,,,,,,,,,,,,,,,,,,,,,,,,,,,,,,,,,,,,,,,,,,,,,,,,,,,,,,,,,,,,,,,,,,,2025-09-21 14:00:00,,,,,,,,,,,,,,,,,,,,,,,,,,,,,,,2025-09-21,sunderland,aston villa
Arsenal,Man City,2025-09-21 16:30:00,2025,9,6,,,,,,,,,,,,,,,,,,,,,,,,,,,,,,,,,,,,,,,,,,,,,,,,,,,,,,,,,,,,,,,,,,,,,,,,,,,,,,,,,,,,,,,,,,,,,,,,,,,,,,,,,,,,,,,,,,,,,,,,,,,,,,,,,,,,,,,,,,,2.142857142857143,1.6349557522123894,2.2,0.6,10.0,1.6,0.6,8.0,,,,,,,,,,,,,,,,,,,,,,,,,,,,,,,,,,,,,,,,,,,,,,,,,,,,,,,,,,,,,,,,,,,,,,,,,,,,,,,,,,,,,,,,,,,,,2025-09-21 16:30:00,,,,,,,,,,,,,,,,,,,,,,,,,,,,,,,2025-09-21,arsenal,man city
Brentford,Man United,2025-09-27 12:30:00,2025,9,5,,,,,,,,,,,,,,,,,,,,,,,,,,,,,,,,,,,,,,,,,,,,,,,,,,,,,,,,,,,,,,,,,,,,,,,,,,,,,,,,,,,,,,,,,,,,,,,,,,,,,,,,,,,,,,,,,,,,,,,,,,,,,,,,,,,,,,,,,,,1.6666666666666667,1.5872340425531914,2.4,1.8,10.0,1.0,2.4,1.0,,,,,,,,,,,,,,,,,,,,,,,,,,,,,,,,,,,,,,,,,,,,,,,,,,,,,,,,,,,,,,,,,,,,,,,,,,,,,,,,,,,,,,,,,,,,,2025-09-27 12:30:00,,,,,,,,,,,,,,,,,,,,,,,,,,,,,,,2025-09-27,brentford,man united
Chelsea,Brighton,2025-09-27 15:00:00,2025,9,5,,,,,,,,,,,,,,,,,,,,,,,,,,,,,,,,,,,,,,,,,,,,,,,,,,,,,,,,,,,,,,,,,,,,,,,,,,,,,,,,,,,,,,,,,,,,,,,,,,,,,,,,,,,,,,,,,,,,,,,,,,,,,,,,,,,,,,,,,,,2.0424628450106157,1.207792207792208,1.4,0.8,10.0,2.0,1.2,9.0,,,,,,,,,,,,,,,,,,,,,,,,,,,,,,,,,,,,,,,,,,,,,,,,,,,,,,,,,,,,,,,,,,,,,,,,,,,,,,,,,,,,,,,,,,,,,2025-09-27 15:00:00,,,,,,,,,,,,,,,,,,,,,,,,,,,,,,,2025-09-27,chelsea,brighton
Crystal Palace,Liverpool,2025-09-27 15:00:00,2025,9,5,,,,,,,,,,,,,,,,,,,,,,,,,,,,,,,,,,,,,,,,,,,,,,,,,,,,,,,,,,,,,,,,,,,,,,,,,,,,,,,,,,,,,,,,,,,,,,,,,,,,,,,,,,,,,,,,,,,,,,,,,,,,,,,,,,,,,,,,,,,1.2,1.6511627906976745,1.6,1.0,9.0,1.6,2.0,6.0,,,,,,,,,,,,,,,,,,,,,,,,,,,,,,,,,,,,,,,,,,,,,,,,,,,,,,,,,,,,,,,,,,,,,,,,,,,,,,,,,,,,,,,,,,,,,2025-09-27 15:00:00,,,,,,,,,,,,,,,,,,,,,,,,,,,,,,,2025-09-27,crystal palace,liverpool
Leeds,Bournemouth,2025-09-27 15:00:00,2025,9,5,,,,,,,,,,,,,,,,,,,,,,,,,,,,,,,,,,,,,,,,,,,,,,,,,,,,,,,,,,,,,,,,,,,,,,,,,,,,,,,,,,,,,,,,,,,,,,,,,,,,,,,,,,,,,,,,,,,,,,,,,,,,,,,,,,,,,,,,,,,1.406015037593985,1.2272727272727273,1.2,1.6,6.0,1.6,2.0,7.0,,,,,,,,,,,,,,,,,,,,,,,,,,,,,,,,,,,,,,,,,,,,,,,,,,,,,,,,,,,,,,,,,,,,,,,,,,,,,,,,,,,,,,,,,,,,,2025-09-27 15:00:00,,,,,,,,,,,,,,,,,,,,,,,,,,,,,,,2025-09-27,leeds,bournemouth
Man City,Burnley,2025-09-27 15:00:00,2025,9,5,,,,,,,,,,,,,,,,,,,,,,,,,,,,,,,,,,,,,,,,,,,,,,,,,,,,,,,,,,,,,,,,,,,,,,,,,,,,,,,,,,,,,,,,,,,,,,,,,,,,,,,,,,,,,,,,,,,,,,,,,,,,,,,,,,,,,,,,,,,2.186252771618625,0.9479768786127168,2.4,0.8,12.0,1.0,2.8,1.0,,,,,,,,,,,,,,,,,,,,,,,,,,,,,,,,,,,,,,,,,,,,,,,,,,,,,,,,,,,,,,,,,,,,,,,,,,,,,,,,,,,,,,,,,,,,,2025-09-27 15:00:00,,,,,,,,,,,,,,,,,,,,,,,,,,,,,,,2025-09-27,man city,burnley
Nott'm Forest,Sunderland,2025-09-27 17:30:00,2025,9,5,,,,,,,,,,,,,,,,,,,,,,,,,,,,,,,,,,,,,,,,,,,,,,,,,,,,,,,,,,,,,,,,,,,,,,,,,,,,,,,,,,,,,,,,,,,,,,,,,,,,,,,,,,,,,,,,,,,,,,,,,,,,,,,,,,,,,,,,,,,1.3898305084745763,0.8651685393258427,1.0,1.6,4.0,0.4,1.8,4.0,,,,,,,,,,,,,,,,,,,,,,,,,,,,,,,,,,,,,,,,,,,,,,,,,,,,,,,,,,,,,,,,,,,,,,,,,,,,,,,,,,,,,,,,,,,,,2025-09-27 17:30:00,,,,,,,,,,,,,,,,,,,,,,,,,,,,,,,2025-09-27,nott'm forest,sunderland
Tottenham,Wolves,2025-09-27 20:00:00,2025,9,5,,,,,,,,,,,,,,,,,,,,,,,,,,,,,,,,,,,,,,,,,,,,,,,,,,,,,,,,,,,,,,,,,,,,,,,,,,,,,,,,,,,,,,,,,,,,,,,,,,,,,,,,,,,,,,,,,,,,,,,,,,,,,,,,,,,,,,,,,,,1.8241525423728813,0.985645933014354,1.0,1.6,4.0,0.6,1.6,1.0,,,,,,,,,,,,,,,,,,,,,,,,,,,,,,,,,,,,,,,,,,,,,,,,,,,,,,,,,,,,,,,,,,,,,,,,,,,,,,,,,,,,,,,,,,,,,2025-09-27 20:00:00,,,,,,,,,,,,,,,,,,,,,,,,,,,,,,,2025-09-27,tottenham,wolves
Aston Villa,Fulham,2025-09-28 14:00:00,2025,9,6,,,,,,,,,,,,,,,,,,,,,,,,,,,,,,,,,,,,,,,,,,,,,,,,,,,,,,,,,,,,,,,,,,,,,,,,,,,,,,,,,,,,,,,,,,,,,,,,,,,,,,,,,,,,,,,,,,,,,,,,,,,,,,,,,,,,,,,,,,,1.3671497584541064,0.9378698224852072,1.2,0.8,10.0,1.0,1.8,4.0,,,,,,,,,,,,,,,,,,,,,,,,,,,,,,,,,,,,,,,,,,,,,,,,,,,,,,,,,,,,,,,,,,,,,,,,,,,,,,,,,,,,,,,,,,,,,2025-09-28 14:00:00,,,,,,,,,,,,,,,,,,,,,,,,,,,,,,,2025-09-28,aston villa,fulham
Newcastle,Arsenal,2025-09-28 16:30:00,2025,9,6,,,,,,,,,,,,,,,,,,,,,,,,,,,,,,,,,,,,,,,,,,,,,,,,,,,,,,,,,,,,,,,,,,,,,,,,,,,,,,,,,,,,,,,,,,,,,,,,,,,,,,,,,,,,,,,,,,,,,,,,,,,,,,,,,,,,,,,,,,,1.556581986143187,1.652542372881356,1.2,1.2,6.0,1.4,1.0,10.0,,,,,,,,,,,,,,,,,,,,,,,,,,,,,,,,,,,,,,,,,,,,,,,,,,,,,,,,,,,,,,,,,,,,,,,,,,,,,,,,,,,,,,,,,,,,,2025-09-28 16:30:00,,,,,,,,,,,,,,,,,,,,,,,,,,,,,,,2025-09-28,newcastle,arsenal
Everton,West Ham,2025-09-29 20:00:00,2025,9,0,,,,,,,,,,,,,,,,,,,,,,,,,,,,,,,,,,,,,,,,,,,,,,,,,,,,,,,,,,,,,,,,,,,,,,,,,,,,,,,,,,,,,,,,,,,,,,,,,,,,,,,,,,,,,,,,,,,,,,,,,,,,,,,,,,,,,,,,,,,1.5084745762711864,1.0933014354066986,1.4,0.6,9.0,1.8,1.0,10.0,,,,,,,,,,,,,,,,,,,,,,,,,,,,,,,,,,,,,,,,,,,,,,,,,,,,,,,,,,,,,,,,,,,,,,,,,,,,,,,,,,,,,,,,,,,,,2025-09-29 20:00:00,,,,,,,,,,,,,,,,,,,,,,,,,,,,,,,2025-09-29,everton,west ham
Bournemouth,Fulham,2025-10-03 20:00:00,2025,10,4,,,,,,,,,,,,,,,,,,,,,,,,,,,,,,,,,,,,,,,,,,,,,,,,,,,,,,,,,,,,,,,,,,,,,,,,,,,,,,,,,,,,,,,,,,,,,,,,,,,,,,,,,,,,,,,,,,,,,,,,,,,,,,,,,,,,,,,,,,,1.367741935483871,0.9380530973451328,1.6,0.4,13.0,1.2,2.2,4.0,,,,,,,,,,,,,,,,,,,,,,,,,,,,,,,,,,,,,,,,,,,,,,,,,,,,,,,,,,,,,,,,,,,,,,,,,,,,,,,,,,,,,,,,,,,,,2025-10-03 20:00:00,,,,,,,,,,,,,,,,,,,,,,,,,,,,,,,2025-10-03,bournemouth,fulham
Leeds,Tottenham,2025-10-04 12:30:00,2025,10,5,,,,,,,,,,,,,,,,,,,,,,,,,,,,,,,,,,,,,,,,,,,,,,,,,,,,,,,,,,,,,,,,,,,,,,,,,,,,,,,,,,,,,,,,,,,,,,,,,,,,,,,,,,,,,,,,,,,,,,,,,,,,,,,,,,,,,,,,,,,1.4029850746268655,1.412262156448203,1.0,1.6,5.0,1.8,1.0,10.0,,,,,,,,,,,,,,,,,,,,,,,,,,,,,,,,,,,,,,,,,,,,,,,,,,,,,,,,,,,,,,,,,,,,,,,,,,,,,,,,,,,,,,,,,,,,,2025-10-04 12:30:00,,,,,,,,,,,,,,,,,,,,,,,,,,,,,,,2025-10-04,leeds,tottenham
Arsenal,West Ham,2025-10-04 15:00:00,2025,10,5,,,,,,,,,,,,,,,,,,,,,,,,,,,,,,,,,,,,,,,,,,,,,,,,,,,,,,,,,,,,,,,,,,,,,,,,,,,,,,,,,,,,,,,,,,,,,,,,,,,,,,,,,,,,,,,,,,,,,,,,,,,,,,,,,,,,,,,,,,,2.1425531914893616,1.090692124105012,2.4,0.2,13.0,1.4,1.4,7.0,,,,,,,,,,,,,,,,,,,,,,,,,,,,,,,,,,,,,,,,,,,,,,,,,,,,,,,,,,,,,,,,,,,,,,,,,,,,,,,,,,,,,,,,,,,,,2025-10-04 15:00:00,,,,,,,,,,,,,,,,,,,,,,,,,,,,,,,2025-10-04,arsenal,west ham
Man United,Sunderland,2025-10-04 15:00:00,2025,10,5,,,,,,,,,,,,,,,,,,,,,,,,,,,,,,,,,,,,,,,,,,,,,,,,,,,,,,,,,,,,,,,,,,,,,,,,,,,,,,,,,,,,,,,,,,,,,,,,,,,,,,,,,,,,,,,,,,,,,,,,,,,,,,,,,,,,,,,,,,,2.033970276008493,0.8619402985074627,1.8,0.8,12.0,0.4,1.8,4.0,,,,,,,,,,,,,,,,,,,,,,,,,,,,,,,,,,,,,,,,,,,,,,,,,,,,,,,,,,,,,,,,,,,,,,,,,,,,,,,,,,,,,,,,,,,,,2025-10-04 15:00:00,,,,,,,,,,,,,,,,,,,,,,,,,,,,,,,2025-10-04,man united,sunderland
Chelsea,Liverpool,2025-10-04 17:30:00,2025,10,5,,,,,,,,,,,,,,,,,,,,,,,,,,,,,,,,,,,,,,,,,,,,,,,,,,,,,,,,,,,,,,,,,,,,,,,,,,,,,,,,,,,,,,,,,,,,,,,,,,,,,,,,,,,,,,,,,,,,,,,,,,,,,,,,,,,,,,,,,,,2.042372881355932,1.649789029535865,1.2,0.8,10.0,1.6,1.8,6.0,,,,,,,,,,,,,,,,,,,,,,,,,,,,,,,,,,,,,,,,,,,,,,,,,,,,,,,,,,,,,,,,,,,,,,,,,,,,,,,,,,,,,,,,,,,,,2025-10-04 17:30:00,,,,,,,,,,,,,,,,,,,,,,,,,,,,,,,2025-10-04,chelsea,liverpool
Aston Villa,Burnley,2025-10-05 14:00:00,2025,10,6,,,,,,,,,,,,,,,,,,,,,,,,,,,,,,,,,,,,,,,,,,,,,,,,,,,,,,,,,,,,,,,,,,,,,,,,,,,,,,,,,,,,,,,,,,,,,,,,,,,,,,,,,,,,,,,,,,,,,,,,,,,,,,,,,,,,,,,,,,,1.3686746987951808,0.9482758620689656,1.4,1.0,10.0,1.0,3.0,0.0,,,,,,,,,,,,,,,,,,,,,,,,,,,,,,,,,,,,,,,,,,,,,,,,,,,,,,,,,,,,,,,,,,,,,,,,,,,,,,,,,,,,,,,,,,,,,2025-10-05 14:00:00,,,,,,,,,,,,,,,,,,,,,,,,,,,,,,,2025-10-05,aston villa,burnley
Everton,Crystal Palace,2025-10-05 14:00:00,2025,10,6,,,,,,,,,,,,,,,,,,,,,,,,,,,,,,,,,,,,,,,,,,,,,,,,,,,,,,,,,,,,,,,,,,,,,,,,,,,,,,,,,,,,,,,,,,,,,,,,,,,,,,,,,,,,,,,,,,,,,,,,,,,,,,,,,,,,,,,,,,,1.5095137420718816,1.1451612903225807,1.4,0.4,11.0,1.4,0.8,8.0,,,,,,,,,,,,,,,,,,,,,,,,,,,,,,,,,,,,,,,,,,,,,,,,,,,,,,,,,,,,,,,,,,,,,,,,,,,,,,,,,,,,,,,,,,,,,2025-10-05 14:00:00,,,,,,,,,,,,,,,,,,,,,,,,,,,,,,,2025-10-05,everton,crystal palace
Newcastle,Nott'm Forest,2025-10-05 14:00:00,2025,10,6,,,,,,,,,,,,,,,,,,,,,,,,,,,,,,,,,,,,,,,,,,,,,,,,,,,,,,,,,,,,,,,,,,,,,,,,,,,,,,,,,,,,,,,,,,,,,,,,,,,,,,,,,,,,,,,,,,,,,,,,,,,,,,,,,,,,,,,,,,,1.5576036866359446,1.1166666666666667,1.2,1.2,6.0,0.8,1.6,5.0,,,,,,,,,,,,,,,,,,,,,,,,,,,,,,,,,,,,,,,,,,,,,,,,,,,,,,,,,,,,,,,,,,,,,,,,,,,,,,,,,,,,,,,,,,,,,2025-10-05 14:00:00,,,,,,,,,,,,,,,,,,,,,,,,,,,,,,,2025-10-05,newcastle,nott'm forest
Wolves,Brighton,2025-10-05 14:00:00,2025,10,6,,,,,,,,,,,,,,,,,,,,,,,,,,,,,,,,,,,,,,,,,,,,,,,,,,,,,,,,,,,,,,,,,,,,,,,,,,,,,,,,,,,,,,,,,,,,,,,,,,,,,,,,,,,,,,,,,,,,,,,,,,,,,,,,,,,,,,,,,,,1.2200956937799043,1.206451612903226,1.0,2.4,2.0,1.8,1.4,7.0,,,,,,,,,,,,,,,,,,,,,,,,,,,,,,,,,,,,,,,,,,,,,,,,,,,,,,,,,,,,,,,,,,,,,,,,,,,,,,,,,,,,,,,,,,,,,2025-10-05 14:00:00,,,,,,,,,,,,,,,,,,,,,,,,,,,,,,,2025-10-05,wolves,brighton
Brentford,Man City,2025-10-05 16:30:00,2025,10,6,,,,,,,,,,,,,,,,,,,,,,,,,,,,,,,,,,,,,,,,,,,,,,,,,,,,,,,,,,,,,,,,,,,,,,,,,,,,,,,,,,,,,,,,,,,,,,,,,,,,,,,,,,,,,,,,,,,,,,,,,,,,,,,,,,,,,,,,,,,1.6455696202531649,1.6335540838852096,1.6,1.4,7.0,1.8,0.6,10.0,,,,,,,,,,,,,,,,,,,,,,,,,,,,,,,,,,,,,,,,,,,,,,,,,,,,,,,,,,,,,,,,,,,,,,,,,,,,,,,,,,,,,,,,,,,,,2025-10-05 16:30:00,,,,,,,,,,,,,,,,,,,,,,,,,,,,,,,2025-10-05,brentford,man city
Nott'm Forest,Chelsea,2025-10-18 12:30:00,2025,10,5,,,,,,,,,,,,,,,,,,,,,,,,,,,,,,,,,,,,,,,,,,,,,,,,,,,,,,,,,,,,,,,,,,,,,,,,,,,,,,,,,,,,,,,,,,,,,,,,,,,,,,,,,,,,,,,,,,,,,,,,,,,,,,,,,,,,,,,,,,,1.3666666666666667,1.583864118895966,0.6,1.8,3.0,2.4,1.0,10.0,,,,,,,,,,,,,,,,,,,,,,,,,,,,,,,,,,,,,,,,,,,,,,,,,,,,,,,,,,,,,,,,,,,,,,,,,,,,,,,,,,,,,,,,,,,,,2025-10-18 12:30:00,,,,,,,,,,,,,,,,,,,,,,,,,,,,,,,2025-10-18,nott'm forest,chelsea
Brighton,Newcastle,2025-10-18 15:00:00,2025,10,5,,,,,,,,,,,,,,,,,,,,,,,,,,,,,,,,,,,,,,,,,,,,,,,,,,,,,,,,,,,,,,,,,,,,,,,,,,,,,,,,,,,,,,,,,,,,,,,,,,,,,,,,,,,,,,,,,,,,,,,,,,,,,,,,,,,,,,,,,,,1.324675324675325,1.1059907834101383,2.0,1.4,11.0,0.2,0.6,3.0,,,,,,,,,,,,,,,,,,,,,,,,,,,,,,,,,,,,,,,,,,,,,,,,,,,,,,,,,,,,,,,,,,,,,,,,,,,,,,,,,,,,,,,,,,,,,2025-10-18 15:00:00,,,,,,,,,,,,,,,,,,,,,,,,,,,,,,,2025-10-18,brighton,newcastle
Burnley,Leeds,2025-10-18 15:00:00,2025,10,5,,,,,,,,,,,,,,,,,,,,,,,,,,,,,,,,,,,,,,,,,,,,,,,,,,,,,,,,,,,,,,,,,,,,,,,,,,,,,,,,,,,,,,,,,,,,,,,,,,,,,,,,,,,,,,,,,,,,,,,,,,,,,,,,,,,,,,,,,,,1.057471264367816,1.3106060606060606,1.2,0.8,7.0,0.8,2.4,3.0,,,,,,,,,,,,,,,,,,,,,,,,,,,,,,,,,,,,,,,,,,,,,,,,,,,,,,,,,,,,,,,,,,,,,,,,,,,,,,,,,,,,,,,,,,,,,2025-10-18 15:00:00,,,,,,,,,,,,,,,,,,,,,,,,,,,,,,,2025-10-18,burnley,leeds
Crystal Palace,Bournemouth,2025-10-18 15:00:00,2025,10,5,,,,,,,,,,,,,,,,,,,,,,,,,,,,,,,,,,,,,,,,,,,,,,,,,,,,,,,,,,,,,,,,,,,,,,,,,,,,,,,,,,,,,,,,,,,,,,,,,,,,,,,,,,,,,,,,,,,,,,,,,,,,,,,,,,,,,,,,,,,1.2073170731707317,1.238709677419355,2.0,1.4,9.0,1.8,2.4,5.0,,,,,,,,,,,,,,,,,,,,,,,,,,,,,,,,,,,,,,,,,,,,,,,,,,,,,,,,,,,,,,,,,,,,,,,,,,,,,,,,,,,,,,,,,,,,,2025-10-18 15:00:00,,,,,,,,,,,,,,,,,,,,,,,,,,,,,,,2025-10-18,crystal palace,bournemouth
Man City,Everton,2025-10-18 15:00:00,2025,10,5,,,,,,,,,,,,,,,,,,,,,,,,,,,,,,,,,,,,,,,,,,,,,,,,,,,,,,,,,,,,,,,,,,,,,,,,,,,,,,,,,,,,,,,,,,,,,,,,,,,,,,,,,,,,,,,,,,,,,,,,,,,,,,,,,,,,,,,,,,,2.185840707964602,1.0509554140127388,2.6,0.8,12.0,1.0,1.4,6.0,,,,,,,,,,,,,,,,,,,,,,,,,,,,,,,,,,,,,,,,,,,,,,,,,,,,,,,,,,,,,,,,,,,,,,,,,,,,,,,,,,,,,,,,,,,,,2025-10-18 15:00:00,,,,,,,,,,,,,,,,,,,,,,,,,,,,,,,2025-10-18,man city,everton
Sunderland,Wolves,2025-10-18 15:00:00,2025,10,5,,,,,,,,,,,,,,,,,,,,,,,,,,,,,,,,,,,,,,,,,,,,,,,,,,,,,,,,,,,,,,,,,,,,,,,,,,,,,,,,,,,,,,,,,,,,,,,,,,,,,,,,,,,,,,,,,,,,,,,,,,,,,,,,,,,,,,,,,,,1.096654275092937,0.9809523809523808,1.6,0.8,10.0,0.6,1.8,1.0,,,,,,,,,,,,,,,,,,,,,,,,,,,,,,,,,,,,,,,,,,,,,,,,,,,,,,,,,,,,,,,,,,,,,,,,,,,,,,,,,,,,,,,,,,,,,2025-10-18 15:00:00,,,,,,,,,,,,,,,,,,,,,,,,,,,,,,,2025-10-18,sunderland,wolves
Fulham,Arsenal,2025-10-18 17:30:00,2025,10,5,,,,,,,,,,,,,,,,,,,,,,,,,,,,,,,,,,,,,,,,,,,,,,,,,,,,,,,,,,,,,,,,,,,,,,,,,,,,,,,,,,,,,,,,,,,,,,,,,,,,,,,,,,,,,,,,,,,,,,,,,,,,,,,,,,,,,,,,,,,1.3529411764705883,1.6511627906976745,1.0,1.0,7.0,1.2,0.6,12.0,,,,,,,,,,,,,,,,,,,,,,,,,,,,,,,,,,,,,,,,,,,,,,,,,,,,,,,,,,,,,,,,,,,,,,,,,,,,,,,,,,,,,,,,,,,,,2025-10-18 17:30:00,,,,,,,,,,,,,,,,,,,,,,,,,,,,,,,2025-10-18,fulham,arsenal
Tottenham,Aston Villa,2025-10-19 14:00:00,2025,10,6,,,,,,,,,,,,,,,,,,,,,,,,,,,,,,,,,,,,,,,,,,,,,,,,,,,,,,,,,,,,,,,,,,,,,,,,,,,,,,,,,,,,,,,,,,,,,,,,,,,,,,,,,,,,,,,,,,,,,,,,,,,,,,,,,,,,,,,,,,,1.822410147991543,1.1421686746987951,1.2,1.6,4.0,0.6,1.0,5.0,,,,,,,,,,,,,,,,,,,,,,,,,,,,,,,,,,,,,,,,,,,,,,,,,,,,,,,,,,,,,,,,,,,,,,,,,,,,,,,,,,,,,,,,,,,,,2025-10-19 14:00:00,,,,,,,,,,,,,,,,,,,,,,,,,,,,,,,2025-10-19,tottenham,aston villa
Liverpool,Man United,2025-10-19 16:30:00,2025,10,6,,,,,,,,,,,,,,,,,,,,,,,,,,,,,,,,,,,,,,,,,,,,,,,,,,,,,,,,,,,,,,,,,,,,,,,,,,,,,,,,,,,,,,,,,,,,,,,,,,,,,,,,,,,,,,,,,,,,,,,,,,,,,,,,,,,,,,,,,,,2.082802547770701,1.5881104033970277,1.8,1.2,10.0,0.8,1.8,4.0,,,,,,,,,,,,,,,,,,,,,,,,,,,,,,,,,,,,,,,,,,,,,,,,,,,,,,,,,,,,,,,,,,,,,,,,,,,,,,,,,,,,,,,,,,,,,2025-10-19 16:30:00,,,,,,,,,,,,,,,,,,,,,,,,,,,,,,,2025-10-19,liverpool,man united
West Ham,Brentford,2025-10-20 20:00:00,2025,10,0,,,,,,,,,,,,,,,,,,,,,,,,,,,,,,,,,,,,,,,,,,,,,,,,,,,,,,,,,,,,,,,,,,,,,,,,,,,,,,,,,,,,,,,,,,,,,,,,,,,,,,,,,,,,,,,,,,,,,,,,,,,,,,,,,,,,,,,,,,,1.4285714285714286,1.3544303797468351,0.6,2.8,0.0,1.2,1.8,4.0,,,,,,,,,,,,,,,,,,,,,,,,,,,,,,,,,,,,,,,,,,,,,,,,,,,,,,,,,,,,,,,,,,,,,,,,,,,,,,,,,,,,,,,,,,,,,2025-10-20 20:00:00,,,,,,,,,,,,,,,,,,,,,,,,,,,,,,,2025-10-20,west ham,brentford
Leeds,West Ham,2025-10-24 20:00:00,2025,10,4,,,,,,,,,,,,,,,,,,,,,,,,,,,,,,,,,,,,,,,,,,,,,,,,,,,,,,,,,,,,,,,,,,,,,,,,,,,,,,,,,,,,,,,,,,,,,,,,,,,,,,,,,,,,,,,,,,,,,,,,,,,,,,,,,,,,,,,,,,,1.4074074074074074,1.0904761904761904,1.2,1.0,8.0,1.0,1.6,4.0,,,,,,,,,,,,,,,,,,,,,,,,,,,,,,,,,,,,,,,,,,,,,,,,,,,,,,,,,,,,,,,,,,,,,,,,,,,,,,,,,,,,,,,,,,,,,2025-10-24 20:00:00,,,,,,,,,,,,,,,,,,,,,,,,,,,,,,,2025-10-24,leeds,west ham
Chelsea,Sunderland,2025-10-25 15:00:00,2025,10,5,,,,,,,,,,,,,,,,,,,,,,,,,,,,,,,,,,,,,,,,,,,,,,,,,,,,,,,,,,,,,,,,,,,,,,,,,,,,,,,,,,,,,,,,,,,,,,,,,,,,,,,,,,,,,,,,,,,,,,,,,,,,,,,,,,,,,,,,,,,2.040169133192389,0.8661710037174721,1.2,1.2,7.0,0.6,1.0,7.0,,,,,,,,,,,,,,,,,,,,,,,,,,,,,,,,,,,,,,,,,,,,,,,,,,,,,,,,,,,,,,,,,,,,,,,,,,,,,,,,,,,,,,,,,,,,,2025-10-25 15:00:00,,,,,,,,,,,,,,,,,,,,,,,,,,,,,,,2025-10-25,chelsea,sunderland
Newcastle,Fulham,2025-10-25 15:00:00,2025,10,5,,,,,,,,,,,,,,,,,,,,,,,,,,,,,,,,,,,,,,,,,,,,,,,,,,,,,,,,,,,,,,,,,,,,,,,,,,,,,,,,,,,,,,,,,,,,,,,,,,,,,,,,,,,,,,,,,,,,,,,,,,,,,,,,,,,,,,,,,,,1.5586206896551724,0.9382352941176472,1.6,1.2,9.0,0.8,2.2,1.0,,,,,,,,,,,,,,,,,,,,,,,,,,,,,,,,,,,,,,,,,,,,,,,,,,,,,,,,,,,,,,,,,,,,,,,,,,,,,,,,,,,,,,,,,,,,,2025-10-25 15:00:00,,,,,,,,,,,,,,,,,,,,,,,,,,,,,,,2025-10-25,newcastle,fulham
Man United,Brighton,2025-10-25 17:30:00,2025,10,5,,,,,,,,,,,,,,,,,,,,,,,,,,,,,,,,,,,,,,,,,,,,,,,,,,,,,,,,,,,,,,,,,,,,,,,,,,,,,,,,,,,,,,,,,,,,,,,,,,,,,,,,,,,,,,,,,,,,,,,,,,,,,,,,,,,,,,,,,,,2.038135593220339,1.2115384615384617,2.2,1.2,12.0,1.4,2.0,4.0,,,,,,,,,,,,,,,,,,,,,,,,,,,,,,,,,,,,,,,,,,,,,,,,,,,,,,,,,,,,,,,,,,,,,,,,,,,,,,,,,,,,,,,,,,,,,2025-10-25 17:30:00,,,,,,,,,,,,,,,,,,,,,,,,,,,,,,,2025-10-25,man united,brighton
Brentford,Liverpool,2025-10-25 20:00:00,2025,10,5,,,,,,,,,,,,,,,,,,,,,,,,,,,,,,,,,,,,,,,,,,,,,,,,,,,,,,,,,,,,,,,,,,,,,,,,,,,,,,,,,,,,,,,,,,,,,,,,,,,,,,,,,,,,,,,,,,,,,,,,,,,,,,,,,,,,,,,,,,,1.6625,1.6505263157894736,1.8,1.2,10.0,1.6,1.8,6.0,,,,,,,,,,,,,,,,,,,,,,,,,,,,,,,,,,,,,,,,,,,,,,,,,,,,,,,,,,,,,,,,,,,,,,,,,,,,,,,,,,,,,,,,,,,,,2025-10-25 20:00:00,,,,,,,,,,,,,,,,,,,,,,,,,,,,,,,2025-10-25,brentford,liverpool
Arsenal,Crystal Palace,2025-10-26 14:00:00,2025,10,6,,,,,,,,,,,,,,,,,,,,,,,,,,,,,,,,,,,,,,,,,,,,,,,,,,,,,,,,,,,,,,,,,,,,,,,,,,,,,,,,,,,,,,,,,,,,,,,,,,,,,,,,,,,,,,,,,,,,,,,,,,,,,,,,,,,,,,,,,,,2.140127388535032,1.140562248995984,2.4,0.2,13.0,1.2,0.8,7.0,,,,,,,,,,,,,,,,,,,,,,,,,,,,,,,,,,,,,,,,,,,,,,,,,,,,,,,,,,,,,,,,,,,,,,,,,,,,,,,,,,,,,,,,,,,,,2025-10-26 14:00:00,,,,,,,,,,,,,,,,,,,,,,,,,,,,,,,2025-10-26,arsenal,crystal palace
Aston Villa,Man City,2025-10-26 14:00:00,2025,10,6,,,,,,,,,,,,,,,,,,,,,,,,,,,,,,,,,,,,,,,,,,,,,,,,,,,,,,,,,,,,,,,,,,,,,,,,,,,,,,,,,,,,,,,,,,,,,,,,,,,,,,,,,,,,,,,,,,,,,,,,,,,,,,,,,,,,,,,,,,,1.3677884615384617,1.629955947136564,1.2,1.0,10.0,1.4,0.8,7.0,,,,,,,,,,,,,,,,,,,,,,,,,,,,,,,,,,,,,,,,,,,,,,,,,,,,,,,,,,,,,,,,,,,,,,,,,,,,,,,,,,,,,,,,,,,,,2025-10-26 14:00:00,,,,,,,,,,,,,,,,,,,,,,,,,,,,,,,2025-10-26,aston villa,man city
Bournemouth,Nott'm Forest,2025-10-26 14:00:00,2025,10,6,,,,,,,,,,,,,,,,,,,,,,,,,,,,,,,,,,,,,,,,,,,,,,,,,,,,,,,,,,,,,,,,,,,,,,,,,,,,,,,,,,,,,,,,,,,,,,,,,,,,,,,,,,,,,,,,,,,,,,,,,,,,,,,,,,,,,,,,,,,1.3717948717948718,1.098360655737705,1.6,0.4,13.0,0.4,1.8,2.0,,,,,,,,,,,,,,,,,,,,,,,,,,,,,,,,,,,,,,,,,,,,,,,,,,,,,,,,,,,,,,,,,,,,,,,,,,,,,,,,,,,,,,,,,,,,,2025-10-26 14:00:00,,,,,,,,,,,,,,,,,,,,,,,,,,,,,,,2025-10-26,bournemouth,nott'm forest
Wolves,Burnley,2025-10-26 14:00:00,2025,10,6,,,,,,,,,,,,,,,,,,,,,,,,,,,,,,,,,,,,,,,,,,,,,,,,,,,,,,,,,,,,,,,,,,,,,,,,,,,,,,,,,,,,,,,,,,,,,,,,,,,,,,,,,,,,,,,,,,,,,,,,,,,,,,,,,,,,,,,,,,,1.223809523809524,0.96,1.2,2.8,1.0,1.4,3.0,3.0,,,,,,,,,,,,,,,,,,,,,,,,,,,,,,,,,,,,,,,,,,,,,,,,,,,,,,,,,,,,,,,,,,,,,,,,,,,,,,,,,,,,,,,,,,,,,2025-10-26 14:00:00,,,,,,,,,,,,,,,,,,,,,,,,,,,,,,,2025-10-26,wolves,burnley
Everton,Tottenham,2025-10-26 16:30:00,2025,10,6,,,,,,,,,,,,,,,,,,,,,,,,,,,,,,,,,,,,,,,,,,,,,,,,,,,,,,,,,,,,,,,,,,,,,,,,,,,,,,,,,,,,,,,,,,,,,,,,,,,,,,,,,,,,,,,,,,,,,,,,,,,,,,,,,,,,,,,,,,,1.5063291139240509,1.4156118143459917,1.0,1.0,8.0,2.4,0.6,13.0,,,,,,,,,,,,,,,,,,,,,,,,,,,,,,,,,,,,,,,,,,,,,,,,,,,,,,,,,,,,,,,,,,,,,,,,,,,,,,,,,,,,,,,,,,,,,2025-10-26 16:30:00,,,,,,,,,,,,,,,,,,,,,,,,,,,,,,,2025-10-26,everton,tottenham
Brighton,Leeds,2025-11-01 15:00:00,2025,11,5,,,,,,,,,,,,,,,,,,,,,,,,,,,,,,,,,,,,,,,,,,,,,,,,,,,,,,,,,,,,,,,,,,,,,,,,,,,,,,,,,,,,,,,,,,,,,,,,,,,,,,,,,,,,,,,,,,,,,,,,,,,,,,,,,,,,,,,,,,,1.335483870967742,1.300751879699248,2.0,1.0,11.0,0.6,2.4,3.0,,,,,,,,,,,,,,,,,,,,,,,,,,,,,,,,,,,,,,,,,,,,,,,,,,,,,,,,,,,,,,,,,,,,,,,,,,,,,,,,,,,,,,,,,,,,,2025-11-01 15:00:00,,,,,,,,,,,,,,,,,,,,,,,,,,,,,,,2025-11-01,brighton,leeds
Burnley,Arsenal,2025-11-01 15:00:00,2025,11,5,,,,,,,,,,,,,,,,,,,,,,,,,,,,,,,,,,,,,,,,,,,,,,,,,,,,,,,,,,,,,,,,,,,,,,,,,,,,,,,,,,,,,,,,,,,,,,,,,,,,,,,,,,,,,,,,,,,,,,,,,,,,,,,,,,,,,,,,,,,1.0514285714285714,1.6518987341772151,1.0,0.8,7.0,1.2,0.4,12.0,,,,,,,,,,,,,,,,,,,,,,,,,,,,,,,,,,,,,,,,,,,,,,,,,,,,,,,,,,,,,,,,,,,,,,,,,,,,,,,,,,,,,,,,,,,,,2025-11-01 15:00:00,,,,,,,,,,,,,,,,,,,,,,,,,,,,,,,2025-11-01,burnley,arsenal
Crystal Palace,Brentford,2025-11-01 15:00:00,2025,11,5,,,,,,,,,,,,,,,,,,,,,,,,,,,,,,,,,,,,,,,,,,,,,,,,,,,,,,,,,,,,,,,,,,,,,,,,,,,,,,,,,,,,,,,,,,,,,,,,,,,,,,,,,,,,,,,,,,,,,,,,,,,,,,,,,,,,,,,,,,,1.2105263157894737,1.3375,1.6,1.0,9.0,1.0,2.0,3.0,,,,,,,,,,,,,,,,,,,,,,,,,,,,,,,,,,,,,,,,,,,,,,,,,,,,,,,,,,,,,,,,,,,,,,,,,,,,,,,,,,,,,,,,,,,,,2025-11-01 15:00:00,,,,,,,,,,,,,,,,,,,,,,,,,,,,,,,2025-11-01,crystal palace,brentford
Fulham,Wolves,2025-11-01 15:00:00,2025,11,5,,,,,,,,,,,,,,,,,,,,,,,,,,,,,,,,,,,,,,,,,,,,,,,,,,,,,,,,,,,,,,,,,,,,,,,,,,,,,,,,,,,,,,,,,,,,,,,,,,,,,,,,,,,,,,,,,,,,,,,,,,,,,,,,,,,,,,,,,,,1.3577712609970674,0.976303317535545,1.6,0.6,10.0,0.2,1.6,1.0,,,,,,,,,,,,,,,,,,,,,,,,,,,,,,,,,,,,,,,,,,,,,,,,,,,,,,,,,,,,,,,,,,,,,,,,,,,,,,,,,,,,,,,,,,,,,2025-11-01 15:00:00,,,,,,,,,,,,,,,,,,,,,,,,,,,,,,,2025-11-01,fulham,wolves
Nott'm Forest,Man United,2025-11-01 15:00:00,2025,11,5,,,,,,,,,,,,,,,,,,,,,,,,,,,,,,,,,,,,,,,,,,,,,,,,,,,,,,,,,,,,,,,,,,,,,,,,,,,,,,,,,,,,,,,,,,,,,,,,,,,,,,,,,,,,,,,,,,,,,,,,,,,,,,,,,,,,,,,,,,,1.3770491803278688,1.5889830508474576,1.0,2.0,4.0,1.2,2.0,5.0,,,,,,,,,,,,,,,,,,,,,,,,,,,,,,,,,,,,,,,,,,,,,,,,,,,,,,,,,,,,,,,,,,,,,,,,,,,,,,,,,,,,,,,,,,,,,2025-11-01 15:00:00,,,,,,,,,,,,,,,,,,,,,,,,,,,,,,,2025-11-01,nott'm forest,man united
Tottenham,Chelsea,2025-11-01 17:30:00,2025,11,5,,,,,,,,,,,,,,,,,,,,,,,,,,,,,,,,,,,,,,,,,,,,,,,,,,,,,,,,,,,,,,,,,,,,,,,,,,,,,,,,,,,,,,,,,,,,,,,,,,,,,,,,,,,,,,,,,,,,,,,,,,,,,,,,,,,,,,,,,,,1.818565400843882,1.5826271186440677,1.0,1.0,4.0,2.4,1.0,10.0,,,,,,,,,,,,,,,,,,,,,,,,,,,,,,,,,,,,,,,,,,,,,,,,,,,,,,,,,,,,,,,,,,,,,,,,,,,,,,,,,,,,,,,,,,,,,2025-11-01 17:30:00,,,,,,,,,,,,,,,,,,,,,,,,,,,,,,,2025-11-01,tottenham,chelsea
Liverpool,Aston Villa,2025-11-01 20:00:00,2025,11,5,,,,,,,,,,,,,,,,,,,,,,,,,,,,,,,,,,,,,,,,,,,,,,,,,,,,,,,,,,,,,,,,,,,,,,,,,,,,,,,,,,,,,,,,,,,,,,,,,,,,,,,,,,,,,,,,,,,,,,,,,,,,,,,,,,,,,,,,,,,2.082627118644068,1.1394230769230769,2.0,1.0,12.0,0.6,1.0,5.0,,,,,,,,,,,,,,,,,,,,,,,,,,,,,,,,,,,,,,,,,,,,,,,,,,,,,,,,,,,,,,,,,,,,,,,,,,,,,,,,,,,,,,,,,,,,,2025-11-01 20:00:00,,,,,,,,,,,,,,,,,,,,,,,,,,,,,,,2025-11-01,liverpool,aston villa
West Ham,Newcastle,2025-11-02 14:00:00,2025,11,6,,,,,,,,,,,,,,,,,,,,,,,,,,,,,,,,,,,,,,,,,,,,,,,,,,,,,,,,,,,,,,,,,,,,,,,,,,,,,,,,,,,,,,,,,,,,,,,,,,,,,,,,,,,,,,,,,,,,,,,,,,,,,,,,,,,,,,,,,,,1.4323040380047507,1.1057471264367815,1.0,2.6,3.0,0.4,1.0,3.0,,,,,,,,,,,,,,,,,,,,,,,,,,,,,,,,,,,,,,,,,,,,,,,,,,,,,,,,,,,,,,,,,,,,,,,,,,,,,,,,,,,,,,,,,,,,,2025-11-02 14:00:00,,,,,,,,,,,,,,,,,,,,,,,,,,,,,,,2025-11-02,west ham,newcastle
Man City,Bournemouth,2025-11-02 16:30:00,2025,11,6,,,,,,,,,,,,,,,,,,,,,,,,,,,,,,,,,,,,,,,,,,,,,,,,,,,,,,,,,,,,,,,,,,,,,,,,,,,,,,,,,,,,,,,,,,,,,,,,,,,,,,,,,,,,,,,,,,,,,,,,,,,,,,,,,,,,,,,,,,,2.1876379690949226,1.2371794871794872,2.6,0.8,12.0,1.8,2.4,5.0,,,,,,,,,,,,,,,,,,,,,,,,,,,,,,,,,,,,,,,,,,,,,,,,,,,,,,,,,,,,,,,,,,,,,,,,,,,,,,,,,,,,,,,,,,,,,2025-11-02 16:30:00,,,,,,,,,,,,,,,,,,,,,,,,,,,,,,,2025-11-02,man city,bournemouth
Sunderland,Everton,2025-11-03 20:00:00,2025,11,0,,,,,,,,,,,,,,,,,,,,,,,,,,,,,,,,,,,,,,,,,,,,,,,,,,,,,,,,,,,,,,,,,,,,,,,,,,,,,,,,,,,,,,,,,,,,,,,,,,,,,,,,,,,,,,,,,,,,,,,,,,,,,,,,,,,,,,,,,,,1.0962962962962963,1.0508474576271187,1.8,0.6,11.0,1.0,1.6,4.0,,,,,,,,,,,,,,,,,,,,,,,,,,,,,,,,,,,,,,,,,,,,,,,,,,,,,,,,,,,,,,,,,,,,,,,,,,,,,,,,,,,,,,,,,,,,,2025-11-03 20:00:00,,,,,,,,,,,,,,,,,,,,,,,,,,,,,,,2025-11-03,sunderland,everton
Tottenham,Man United,2025-11-08 12:30:00,2025,11,5,,,,,,,,,,,,,,,,,,,,,,,,,,,,,,,,,,,,,,,,,,,,,,,,,,,,,,,,,,,,,,,,,,,,,,,,,,,,,,,,,,,,,,,,,,,,,,,,,,,,,,,,,,,,,,,,,,,,,,,,,,,,,,,,,,,,,,,,,,,1.8189473684210529,1.5898520084566596,0.8,1.4,2.0,1.4,2.2,5.0,,,,,,,,,,,,,,,,,,,,,,,,,,,,,,,,,,,,,,,,,,,,,,,,,,,,,,,,,,,,,,,,,,,,,,,,,,,,,,,,,,,,,,,,,,,,,2025-11-08 12:30:00,,,,,,,,,,,,,,,,,,,,,,,,,,,,,,,2025-11-08,tottenham,man united
Everton,Fulham,2025-11-08 15:00:00,2025,11,5,,,,,,,,,,,,,,,,,,,,,,,,,,,,,,,,,,,,,,,,,,,,,,,,,,,,,,,,,,,,,,,,,,,,,,,,,,,,,,,,,,,,,,,,,,,,,,,,,,,,,,,,,,,,,,,,,,,,,,,,,,,,,,,,,,,,,,,,,,,1.5073684210526317,0.935483870967742,1.0,1.0,8.0,0.6,2.4,0.0,,,,,,,,,,,,,,,,,,,,,,,,,,,,,,,,,,,,,,,,,,,,,,,,,,,,,,,,,,,,,,,,,,,,,,,,,,,,,,,,,,,,,,,,,,,,,2025-11-08 15:00:00,,,,,,,,,,,,,,,,,,,,,,,,,,,,,,,2025-11-08,everton,fulham
West Ham,Burnley,2025-11-08 15:00:00,2025,11,5,,,,,,,,,,,,,,,,,,,,,,,,,,,,,,,,,,,,,,,,,,,,,,,,,,,,,,,,,,,,,,,,,,,,,,,,,,,,,,,,,,,,,,,,,,,,,,,,,,,,,,,,,,,,,,,,,,,,,,,,,,,,,,,,,,,,,,,,,,,1.4360189573459716,0.9659090909090908,1.4,2.0,6.0,1.8,3.0,3.0,,,,,,,,,,,,,,,,,,,,,,,,,,,,,,,,,,,,,,,,,,,,,,,,,,,,,,,,,,,,,,,,,,,,,,,,,,,,,,,,,,,,,,,,,,,,,2025-11-08 15:00:00,,,,,,,,,,,,,,,,,,,,,,,,,,,,,,,2025-11-08,west ham,burnley
Sunderland,Arsenal,2025-11-08 17:30:00,2025,11,5,,,,,,,,,,,,,,,,,,,,,,,,,,,,,,,,,,,,,,,,,,,,,,,,,,,,,,,,,,,,,,,,,,,,,,,,,,,,,,,,,,,,,,,,,,,,,,,,,,,,,,,,,,,,,,,,,,,,,,,,,,,,,,,,,,,,,,,,,,,1.099630996309963,1.6526315789473685,1.6,1.0,9.0,1.4,0.8,10.0,,,,,,,,,,,,,,,,,,,,,,,,,,,,,,,,,,,,,,,,,,,,,,,,,,,,,,,,,,,,,,,,,,,,,,,,,,,,,,,,,,,,,,,,,,,,,2025-11-08 17:30:00,,,,,,,,,,,,,,,,,,,,,,,,,,,,,,,2025-11-08,sunderland,arsenal
Chelsea,Wolves,2025-11-08 20:00:00,2025,11,5,,,,,,,,,,,,,,,,,,,,,,,,,,,,,,,,,,,,,,,,,,,,,,,,,,,,,,,,,,,,,,,,,,,,,,,,,,,,,,,,,,,,,,,,,,,,,,,,,,,,,,,,,,,,,,,,,,,,,,,,,,,,,,,,,,,,,,,,,,,2.042194092827004,0.9716981132075472,1.8,1.2,9.0,0.2,2.0,1.0,,,,,,,,,,,,,,,,,,,,,,,,,,,,,,,,,,,,,,,,,,,,,,,,,,,,,,,,,,,,,,,,,,,,,,,,,,,,,,,,,,,,,,,,,,,,,2025-11-08 20:00:00,,,,,,,,,,,,,,,,,,,,,,,,,,,,,,,2025-11-08,chelsea,wolves
Aston Villa,Bournemouth,2025-11-09 14:00:00,2025,11,6,,,,,,,,,,,,,,,,,,,,,,,,,,,,,,,,,,,,,,,,,,,,,,,,,,,,,,,,,,,,,,,,,,,,,,,,,,,,,,,,,,,,,,,,,,,,,,,,,,,,,,,,,,,,,,,,,,,,,,,,,,,,,,,,,,,,,,,,,,,1.3741007194244603,1.2292993630573248,2.0,1.0,12.0,1.4,2.4,5.0,,,,,,,,,,,,,,,,,,,,,,,,,,,,,,,,,,,,,,,,,,,,,,,,,,,,,,,,,,,,,,,,,,,,,,,,,,,,,,,,,,,,,,,,,,,,,2025-11-09 14:00:00,,,,,,,,,,,,,,,,,,,,,,,,,,,,,,,2025-11-09,aston villa,bournemouth
Brentford,Newcastle,2025-11-09 14:00:00,2025,11,6,,,,,,,,,,,,,,,,,,,,,,,,,,,,,,,,,,,,,,,,,,,,,,,,,,,,,,,,,,,,,,,,,,,,,,,,,,,,,,,,,,,,,,,,,,,,,,,,,,,,,,,,,,,,,,,,,,,,,,,,,,,,,,,,,,,,,,,,,,,1.6790123456790125,1.1055045871559632,2.2,1.4,10.0,0.6,1.6,2.0,,,,,,,,,,,,,,,,,,,,,,,,,,,,,,,,,,,,,,,,,,,,,,,,,,,,,,,,,,,,,,,,,,,,,,,,,,,,,,,,,,,,,,,,,,,,,2025-11-09 14:00:00,,,,,,,,,,,,,,,,,,,,,,,,,,,,,,,2025-11-09,brentford,newcastle
Crystal Palace,Brighton,2025-11-09 14:00:00,2025,11,6,,,,,,,,,,,,,,,,,,,,,,,,,,,,,,,,,,,,,,,,,,,,,,,,,,,,,,,,,,,,,,,,,,,,,,,,,,,,,,,,,,,,,,,,,,,,,,,,,,,,,,,,,,,,,,,,,,,,,,,,,,,,,,,,,,,,,,,,,,,1.2056451612903225,1.2038216560509554,1.4,0.8,9.0,1.4,1.6,5.0,,,,,,,,,,,,,,,,,,,,,,,,,,,,,,,,,,,,,,,,,,,,,,,,,,,,,,,,,,,,,,,,,,,,,,,,,,,,,,,,,,,,,,,,,,,,,2025-11-09 14:00:00,,,,,,,,,,,,,,,,,,,,,,,,,,,,,,,2025-11-09,crystal palace,brighton
Nott'm Forest,Leeds,2025-11-09 14:00:00,2025,11,6,,,,,,,,,,,,,,,,,,,,,,,,,,,,,,,,,,,,,,,,,,,,,,,,,,,,,,,,,,,,,,,,,,,,,,,,,,,,,,,,,,,,,,,,,,,,,,,,,,,,,,,,,,,,,,,,,,,,,,,,,,,,,,,,,,,,,,,,,,,1.403225806451613,1.2985074626865671,1.0,2.0,4.0,0.8,2.0,3.0,,,,,,,,,,,,,,,,,,,,,,,,,,,,,,,,,,,,,,,,,,,,,,,,,,,,,,,,,,,,,,,,,,,,,,,,,,,,,,,,,,,,,,,,,,,,,2025-11-09 14:00:00,,,,,,,,,,,,,,,,,,,,,,,,,,,,,,,2025-11-09,nott'm forest,leeds
Man City,Liverpool,2025-11-09 16:30:00,2025,11,6,,,,,,,,,,,,,,,,,,,,,,,,,,,,,,,,,,,,,,,,,,,,,,,,,,,,,,,,,,,,,,,,,,,,,,,,,,,,,,,,,,,,,,,,,,,,,,,,,,,,,,,,,,,,,,,,,,,,,,,,,,,,,,,,,,,,,,,,,,,2.1894273127753303,1.6470588235294117,3.2,0.4,15.0,1.0,2.0,3.0,,,,,,,,,,,,,,,,,,,,,,,,,,,,,,,,,,,,,,,,,,,,,,,,,,,,,,,,,,,,,,,,,,,,,,,,,,,,,,,,,,,,,,,,,,,,,2025-11-09 16:30:00,,,,,,,,,,,,,,,,,,,,,,,,,,,,,,,2025-11-09,man city,liverpool
Burnley,Chelsea,2025-11-22 12:30:00,2025,11,5,,,,,,,,,,,,,,,,,,,,,,,,,,,,,,,,,,,,,,,,,,,,,,,,,,,,,,,,,,,,,,,,,,,,,,,,,,,,,,,,,,,,,,,,,,,,,,,,,,,,,,,,,,,,,,,,,,,,,,,,,,,,,,,,,,,,,,,,,,,1.0454545454545454,1.5835095137420718,0.6,1.2,4.0,1.8,0.8,10.0,,,,,,,,,,,,,,,,,,,,,,,,,,,,,,,,,,,,,,,,,,,,,,,,,,,,,,,,,,,,,,,,,,,,,,,,,,,,,,,,,,,,,,,,,,,,,2025-11-22 12:30:00,,,,,,,,,,,,,,,,,,,,,,,,,,,,,,,2025-11-22,burnley,chelsea
Bournemouth,West Ham,2025-11-22 15:00:00,2025,11,5,,,,,,,,,,,,,,,,,,,,,,,,,,,,,,,,,,,,,,,,,,,,,,,,,,,,,,,,,,,,,,,,,,,,,,,,,,,,,,,,,,,,,,,,,,,,,,,,,,,,,,,,,,,,,,,,,,,,,,,,,,,,,,,,,,,,,,,,,,,1.375796178343949,1.0926365795724466,1.8,0.8,11.0,1.4,1.4,5.0,,,,,,,,,,,,,,,,,,,,,,,,,,,,,,,,,,,,,,,,,,,,,,,,,,,,,,,,,,,,,,,,,,,,,,,,,,,,,,,,,,,,,,,,,,,,,2025-11-22 15:00:00,,,,,,,,,,,,,,,,,,,,,,,,,,,,,,,2025-11-22,bournemouth,west ham
Brighton,Brentford,2025-11-22 15:00:00,2025,11,5,,,,,,,,,,,,,,,,,,,,,,,,,,,,,,,,,,,,,,,,,,,,,,,,,,,,,,,,,,,,,,,,,,,,,,,,,,,,,,,,,,,,,,,,,,,,,,,,,,,,,,,,,,,,,,,,,,,,,,,,,,,,,,,,,,,,,,,,,,,1.3397435897435896,1.3333333333333333,2.2,1.0,13.0,1.0,1.8,3.0,,,,,,,,,,,,,,,,,,,,,,,,,,,,,,,,,,,,,,,,,,,,,,,,,,,,,,,,,,,,,,,,,,,,,,,,,,,,,,,,,,,,,,,,,,,,,2025-11-22 15:00:00,,,,,,,,,,,,,,,,,,,,,,,,,,,,,,,2025-11-22,brighton,brentford
Fulham,Sunderland,2025-11-22 15:00:00,2025,11,5,,,,,,,,,,,,,,,,,,,,,,,,,,,,,,,,,,,,,,,,,,,,,,,,,,,,,,,,,,,,,,,,,,,,,,,,,,,,,,,,,,,,,,,,,,,,,,,,,,,,,,,,,,,,,,,,,,,,,,,,,,,,,,,,,,,,,,,,,,,1.3567251461988303,0.8629629629629629,1.6,0.4,12.0,0.6,0.8,7.0,,,,,,,,,,,,,,,,,,,,,,,,,,,,,,,,,,,,,,,,,,,,,,,,,,,,,,,,,,,,,,,,,,,,,,,,,,,,,,,,,,,,,,,,,,,,,2025-11-22 15:00:00,,,,,,,,,,,,,,,,,,,,,,,,,,,,,,,2025-11-22,fulham,sunderland
Liverpool,Nott'm Forest,2025-11-22 15:00:00,2025,11,5,,,,,,,,,,,,,,,,,,,,,,,,,,,,,,,,,,,,,,,,,,,,,,,,,,,,,,,,,,,,,,,,,,,,,,,,,,,,,,,,,,,,,,,,,,,,,,,,,,,,,,,,,,,,,,,,,,,,,,,,,,,,,,,,,,,,,,,,,,,2.0782241014799157,1.1290322580645162,1.2,1.2,9.0,0.8,1.6,4.0,,,,,,,,,,,,,,,,,,,,,,,,,,,,,,,,,,,,,,,,,,,,,,,,,,,,,,,,,,,,,,,,,,,,,,,,,,,,,,,,,,,,,,,,,,,,,2025-11-22 15:00:00,,,,,,,,,,,,,,,,,,,,,,,,,,,,,,,2025-11-22,liverpool,nott'm forest
Wolves,Crystal Palace,2025-11-22 15:00:00,2025,11,5,,,,,,,,,,,,,,,,,,,,,,,,,,,,,,,,,,,,,,,,,,,,,,,,,,,,,,,,,,,,,,,,,,,,,,,,,,,,,,,,,,,,,,,,,,,,,,,,,,,,,,,,,,,,,,,,,,,,,,,,,,,,,,,,,,,,,,,,,,,1.2180094786729858,1.144,1.2,2.4,1.0,1.6,0.8,9.0,,,,,,,,,,,,,,,,,,,,,,,,,,,,,,,,,,,,,,,,,,,,,,,,,,,,,,,,,,,,,,,,,,,,,,,,,,,,,,,,,,,,,,,,,,,,,2025-11-22 15:00:00,,,,,,,,,,,,,,,,,,,,,,,,,,,,,,,2025-11-22,wolves,crystal palace
Newcastle,Man City,2025-11-22 17:30:00,2025,11,5,,,,,,,,,,,,,,,,,,,,,,,,,,,,,,,,,,,,,,,,,,,,,,,,,,,,,,,,,,,,,,,,,,,,,,,,,,,,,,,,,,,,,,,,,,,,,,,,,,,,,,,,,,,,,,,,,,,,,,,,,,,,,,,,,,,,,,,,,,,1.5596330275229358,1.6285714285714286,1.6,0.8,12.0,0.8,1.2,4.0,,,,,,,,,,,,,,,,,,,,,,,,,,,,,,,,,,,,,,,,,,,,,,,,,,,,,,,,,,,,,,,,,,,,,,,,,,,,,,,,,,,,,,,,,,,,,2025-11-22 17:30:00,,,,,,,,,,,,,,,,,,,,,,,,,,,,,,,2025-11-22,newcastle,man city
Leeds,Aston Villa,2025-11-23 14:00:00,2025,11,6,,,,,,,,,,,,,,,,,,,,,,,,,,,,,,,,,,,,,,,,,,,,,,,,,,,,,,,,,,,,,,,,,,,,,,,,,,,,,,,,,,,,,,,,,,,,,,,,,,,,,,,,,,,,,,,,,,,,,,,,,,,,,,,,,,,,,,,,,,,1.4044117647058822,1.1414868105515588,1.2,1.4,5.0,1.0,1.0,8.0,,,,,,,,,,,,,,,,,,,,,,,,,,,,,,,,,,,,,,,,,,,,,,,,,,,,,,,,,,,,,,,,,,,,,,,,,,,,,,,,,,,,,,,,,,,,,2025-11-23 14:00:00,,,,,,,,,,,,,,,,,,,,,,,,,,,,,,,2025-11-23,leeds,aston villa
Arsenal,Tottenham,2025-11-23 16:30:00,2025,11,6,,,,,,,,,,,,,,,,,,,,,,,,,,,,,,,,,,,,,,,,,,,,,,,,,,,,,,,,,,,,,,,,,,,,,,,,,,,,,,,,,,,,,,,,,,,,,,,,,,,,,,,,,,,,,,,,,,,,,,,,,,,,,,,,,,,,,,,,,,,2.1440677966101696,1.414736842105263,2.2,0.4,13.0,2.2,1.4,10.0,,,,,,,,,,,,,,,,,,,,,,,,,,,,,,,,,,,,,,,,,,,,,,,,,,,,,,,,,,,,,,,,,,,,,,,,,,,,,,,,,,,,,,,,,,,,,2025-11-23 16:30:00,,,,,,,,,,,,,,,,,,,,,,,,,,,,,,,2025-11-23,arsenal,tottenham
Man United,Everton,2025-11-24 20:00:00,2025,11,0,,,,,,,,,,,,,,,,,,,,,,,,,,,,,,,,,,,,,,,,,,,,,,,,,,,,,,,,,,,,,,,,,,,,,,,,,,,,,,,,,,,,,,,,,,,,,,,,,,,,,,,,,,,,,,,,,,,,,,,,,,,,,,,,,,,,,,,,,,,2.033826638477801,1.0507399577167018,2.2,1.2,12.0,1.2,1.4,7.0,,,,,,,,,,,,,,,,,,,,,,,,,,,,,,,,,,,,,,,,,,,,,,,,,,,,,,,,,,,,,,,,,,,,,,,,,,,,,,,,,,,,,,,,,,,,,2025-11-24 20:00:00,,,,,,,,,,,,,,,,,,,,,,,,,,,,,,,2025-11-24,man united,everton
Brentford,Burnley,2025-11-29 15:00:00,2025,11,5,,,,,,,,,,,,,,,,,,,,,,,,,,,,,,,,,,,,,,,,,,,,,,,,,,,,,,,,,,,,,,,,,,,,,,,,,,,,,,,,,,,,,,,,,,,,,,,,,,,,,,,,,,,,,,,,,,,,,,,,,,,,,,,,,,,,,,,,,,,1.695121951219512,0.9661016949152542,2.4,1.2,12.0,1.6,3.0,3.0,,,,,,,,,,,,,,,,,,,,,,,,,,,,,,,,,,,,,,,,,,,,,,,,,,,,,,,,,,,,,,,,,,,,,,,,,,,,,,,,,,,,,,,,,,,,,2025-11-29 15:00:00,,,,,,,,,,,,,,,,,,,,,,,,,,,,,,,2025-11-29,brentford,burnley
Man City,Leeds,2025-11-29 15:00:00,2025,11,5,,,,,,,,,,,,,,,,,,,,,,,,,,,,,,,,,,,,,,,,,,,,,,,,,,,,,,,,,,,,,,,,,,,,,,,,,,,,,,,,,,,,,,,,,,,,,,,,,,,,,,,,,,,,,,,,,,,,,,,,,,,,,,,,,,,,,,,,,,,2.1912087912087914,1.3037037037037038,3.2,0.8,15.0,1.2,2.4,3.0,,,,,,,,,,,,,,,,,,,,,,,,,,,,,,,,,,,,,,,,,,,,,,,,,,,,,,,,,,,,,,,,,,,,,,,,,,,,,,,,,,,,,,,,,,,,,2025-11-29 15:00:00,,,,,,,,,,,,,,,,,,,,,,,,,,,,,,,2025-11-29,man city,leeds
Sunderland,Bournemouth,2025-11-29 15:00:00,2025,11,5,,,,,,,,,,,,,,,,,,,,,,,,,,,,,,,,,,,,,,,,,,,,,,,,,,,,,,,,,,,,,,,,,,,,,,,,,,,,,,,,,,,,,,,,,,,,,,,,,,,,,,,,,,,,,,,,,,,,,,,,,,,,,,,,,,,,,,,,,,,1.1066176470588236,1.2341772151898731,1.8,1.2,9.0,1.6,3.0,2.0,,,,,,,,,,,,,,,,,,,,,,,,,,,,,,,,,,,,,,,,,,,,,,,,,,,,,,,,,,,,,,,,,,,,,,,,,,,,,,,,,,,,,,,,,,,,,2025-11-29 15:00:00,,,,,,,,,,,,,,,,,,,,,,,,,,,,,,,2025-11-29,sunderland,bournemouth
Everton,Newcastle,2025-11-29 17:30:00,2025,11,5,,,,,,,,,,,,,,,,,,,,,,,,,,,,,,,,,,,,,,,,,,,,,,,,,,,,,,,,,,,,,,,,,,,,,,,,,,,,,,,,,,,,,,,,,,,,,,,,,,,,,,,,,,,,,,,,,,,,,,,,,,,,,,,,,,,,,,,,,,,1.5063025210084031,1.1121281464530892,1.2,1.8,7.0,1.4,1.8,4.0,,,,,,,,,,,,,,,,,,,,,,,,,,,,,,,,,,,,,,,,,,,,,,,,,,,,,,,,,,,,,,,,,,,,,,,,,,,,,,,,,,,,,,,,,,,,,2025-11-29 17:30:00,,,,,,,,,,,,,,,,,,,,,,,,,,,,,,,2025-11-29,everton,newcastle
Tottenham,Fulham,2025-11-29 20:00:00,2025,11,5,,,,,,,,,,,,,,,,,,,,,,,,,,,,,,,,,,,,,,,,,,,,,,,,,,,,,,,,,,,,,,,,,,,,,,,,,,,,,,,,,,,,,,,,,,,,,,,,,,,,,,,,,,,,,,,,,,,,,,,,,,,,,,,,,,,,,,,,,,,1.8172268907563025,0.9385964912280702,1.0,1.6,2.0,1.0,2.2,3.0,,,,,,,,,,,,,,,,,,,,,,,,,,,,,,,,,,,,,,,,,,,,,,,,,,,,,,,,,,,,,,,,,,,,,,,,,,,,,,,,,,,,,,,,,,,,,2025-11-29 20:00:00,,,,,,,,,,,,,,,,,,,,,,,,,,,,,,,2025-11-29,tottenham,fulham
Crystal Palace,Man United,2025-11-30 12:00:00,2025,11,6,,,,,,,,,,,,,,,,,,,,,,,,,,,,,,,,,,,,,,,,,,,,,,,,,,,,,,,,,,,,,,,,,,,,,,,,,,,,,,,,,,,,,,,,,,,,,,,,,,,,,,,,,,,,,,,,,,,,,,,,,,,,,,,,,,,,,,,,,,,1.2048192771084338,1.590717299578059,1.6,1.2,8.0,1.8,1.8,8.0,,,,,,,,,,,,,,,,,,,,,,,,,,,,,,,,,,,,,,,,,,,,,,,,,,,,,,,,,,,,,,,,,,,,,,,,,,,,,,,,,,,,,,,,,,,,,2025-11-30 12:00:00,,,,,,,,,,,,,,,,,,,,,,,,,,,,,,,2025-11-30,crystal palace,man united
Aston Villa,Wolves,2025-11-30 14:05:00,2025,11,6,,,,,,,,,,,,,,,,,,,,,,,,,,,,,,,,,,,,,,,,,,,,,,,,,,,,,,,,,,,,,,,,,,,,,,,,,,,,,,,,,,,,,,,,,,,,,,,,,,,,,,,,,,,,,,,,,,,,,,,,,,,,,,,,,,,,,,,,,,,1.3732057416267942,0.9671361502347418,2.2,0.4,15.0,0.2,2.0,1.0,,,,,,,,,,,,,,,,,,,,,,,,,,,,,,,,,,,,,,,,,,,,,,,,,,,,,,,,,,,,,,,,,,,,,,,,,,,,,,,,,,,,,,,,,,,,,2025-11-30 14:05:00,,,,,,,,,,,,,,,,,,,,,,,,,,,,,,,2025-11-30,aston villa,wolves
Nott'm Forest,Brighton,2025-11-30 14:05:00,2025,11,6,,,,,,,,,,,,,,,,,,,,,,,,,,,,,,,,,,,,,,,,,,,,,,,,,,,,,,,,,,,,,,,,,,,,,,,,,,,,,,,,,,,,,,,,,,,,,,,,,,,,,,,,,,,,,,,,,,,,,,,,,,,,,,,,,,,,,,,,,,,1.380952380952381,1.2088607594936709,1.0,1.8,4.0,1.6,1.2,8.0,,,,,,,,,,,,,,,,,,,,,,,,,,,,,,,,,,,,,,,,,,,,,,,,,,,,,,,,,,,,,,,,,,,,,,,,,,,,,,,,,,,,,,,,,,,,,2025-11-30 14:05:00,,,,,,,,,,,,,,,,,,,,,,,,,,,,,,,2025-11-30,nott'm forest,brighton
West Ham,Liverpool,2025-11-30 14:05:00,2025,11,6,,,,,,,,,,,,,,,,,,,,,,,,,,,,,,,,,,,,,,,,,,,,,,,,,,,,,,,,,,,,,,,,,,,,,,,,,,,,,,,,,,,,,,,,,,,,,,,,,,,,,,,,,,,,,,,,,,,,,,,,,,,,,,,,,,,,,,,,,,,1.4326241134751774,1.6477987421383649,1.4,1.8,6.0,1.2,2.0,3.0,,,,,,,,,,,,,,,,,,,,,,,,,,,,,,,,,,,,,,,,,,,,,,,,,,,,,,,,,,,,,,,,,,,,,,,,,,,,,,,,,,,,,,,,,,,,,2025-11-30 14:05:00,,,,,,,,,,,,,,,,,,,,,,,,,,,,,,,2025-11-30,west ham,liverpool
Chelsea,Arsenal,2025-11-30 16:30:00,2025,11,6,,,,,,,,,,,,,,,,,,,,,,,,,,,,,,,,,,,,,,,,,,,,,,,,,,,,,,,,,,,,,,,,,,,,,,,,,,,,,,,,,,,,,,,,,,,,,,,,,,,,,,,,,,,,,,,,,,,,,,,,,,,,,,,,,,,,,,,,,,,2.04,1.6512605042016806,1.6,1.4,7.0,1.6,0.8,11.0,,,,,,,,,,,,,,,,,,,,,,,,,,,,,,,,,,,,,,,,,,,,,,,,,,,,,,,,,,,,,,,,,,,,,,,,,,,,,,,,,,,,,,,,,,,,,2025-11-30 16:30:00,,,,,,,,,,,,,,,,,,,,,,,,,,,,,,,2025-11-30,chelsea,arsenal
Bournemouth,Everton,2025-12-02 19:30:00,2025,12,1,,,,,,,,,,,,,,,,,,,,,,,,,,,,,,,,,,,,,,,,,,,,,,,,,,,,,,,,,,,,,,,,,,,,,,,,,,,,,,,,,,,,,,,,,,,,,,,,,,,,,,,,,,,,,,,,,,,,,,,,,,,,,,,,,,,,,,,,,,,1.3670886075949369,1.0506329113924051,1.4,0.8,8.0,0.8,1.0,7.0,,,,,,,,,,,,,,,,,,,,,,,,,,,,,,,,,,,,,,,,,,,,,,,,,,,,,,,,,,,,,,,,,,,,,,,,,,,,,,,,,,,,,,,,,,,,,2025-12-02 19:30:00,,,,,,,,,,,,,,,,,,,,,,,,,,,,,,,2025-12-02,bournemouth,everton
Fulham,Man City,2025-12-02 19:30:00,2025,12,1,,,,,,,,,,,,,,,,,,,,,,,,,,,,,,,,,,,,,,,,,,,,,,,,,,,,,,,,,,,,,,,,,,,,,,,,,,,,,,,,,,,,,,,,,,,,,,,,,,,,,,,,,,,,,,,,,,,,,,,,,,,,,,,,,,,,,,,,,,,1.3644314868804666,1.6359649122807018,2.2,1.4,9.0,1.6,1.6,7.0,,,,,,,,,,,,,,,,,,,,,,,,,,,,,,,,,,,,,,,,,,,,,,,,,,,,,,,,,,,,,,,,,,,,,,,,,,,,,,,,,,,,,,,,,,,,,2025-12-02 19:30:00,,,,,,,,,,,,,,,,,,,,,,,,,,,,,,,2025-12-02,fulham,man city
Newcastle,Tottenham,2025-12-02 20:15:00,2025,12,1,,,,,,,,,,,,,,,,,,,,,,,,,,,,,,,,,,,,,,,,,,,,,,,,,,,,,,,,,,,,,,,,,,,,,,,,,,,,,,,,,,,,,,,,,,,,,,,,,,,,,,,,,,,,,,,,,,,,,,,,,,,,,,,,,,,,,,,,,,,1.5606407322654463,1.415966386554622,1.8,1.2,10.0,2.0,1.8,8.0,,,,,,,,,,,,,,,,,,,,,,,,,,,,,,,,,,,,,,,,,,,,,,,,,,,,,,,,,,,,,,,,,,,,,,,,,,,,,,,,,,,,,,,,,,,,,2025-12-02 20:15:00,,,,,,,,,,,,,,,,,,,,,,,,,,,,,,,2025-12-02,newcastle,tottenham
Arsenal,Brentford,2025-12-03 19:30:00,2025,12,2,,,,,,,,,,,,,,,,,,,,,,,,,,,,,,,,,,,,,,,,,,,,,,,,,,,,,,,,,,,,,,,,,,,,,,,,,,,,,,,,,,,,,,,,,,,,,,,,,,,,,,,,,,,,,,,,,,,,,,,,,,,,,,,,,,,,,,,,,,,2.1437632135306552,1.3170731707317074,2.0,0.4,13.0,0.8,1.8,3.0,,,,,,,,,,,,,,,,,,,,,,,,,,,,,,,,,,,,,,,,,,,,,,,,,,,,,,,,,,,,,,,,,,,,,,,,,,,,,,,,,,,,,,,,,,,,,2025-12-03 19:30:00,,,,,,,,,,,,,,,,,,,,,,,,,,,,,,,2025-12-03,arsenal,brentford
Brighton,Aston Villa,2025-12-03 19:30:00,2025,12,2,,,,,,,,,,,,,,,,,,,,,,,,,,,,,,,,,,,,,,,,,,,,,,,,,,,,,,,,,,,,,,,,,,,,,,,,,,,,,,,,,,,,,,,,,,,,,,,,,,,,,,,,,,,,,,,,,,,,,,,,,,,,,,,,,,,,,,,,,,,1.3503184713375795,1.1483253588516746,2.4,1.6,10.0,1.8,1.6,10.0,,,,,,,,,,,,,,,,,,,,,,,,,,,,,,,,,,,,,,,,,,,,,,,,,,,,,,,,,,,,,,,,,,,,,,,,,,,,,,,,,,,,,,,,,,,,,2025-12-03 19:30:00,,,,,,,,,,,,,,,,,,,,,,,,,,,,,,,2025-12-03,brighton,aston villa
Burnley,Crystal Palace,2025-12-03 19:30:00,2025,12,2,,,,,,,,,,,,,,,,,,,,,,,,,,,,,,,,,,,,,,,,,,,,,,,,,,,,,,,,,,,,,,,,,,,,,,,,,,,,,,,,,,,,,,,,,,,,,,,,,,,,,,,,,,,,,,,,,,,,,,,,,,,,,,,,,,,,,,,,,,,1.03954802259887,1.1434262948207172,0.6,1.2,4.0,1.2,0.8,9.0,,,,,,,,,,,,,,,,,,,,,,,,,,,,,,,,,,,,,,,,,,,,,,,,,,,,,,,,,,,,,,,,,,,,,,,,,,,,,,,,,,,,,,,,,,,,,2025-12-03 19:30:00,,,,,,,,,,,,,,,,,,,,,,,,,,,,,,,2025-12-03,burnley,crystal palace
Wolves,Nott'm Forest,2025-12-03 19:30:00,2025,12,2,,,,,,,,,,,,,,,,,,,,,,,,,,,,,,,,,,,,,,,,,,,,,,,,,,,,,,,,,,,,,,,,,,,,,,,,,,,,,,,,,,,,,,,,,,,,,,,,,,,,,,,,,,,,,,,,,,,,,,,,,,,,,,,,,,,,,,,,,,,1.2122641509433962,1.126984126984127,0.8,2.0,1.0,1.0,1.0,7.0,,,,,,,,,,,,,,,,,,,,,,,,,,,,,,,,,,,,,,,,,,,,,,,,,,,,,,,,,,,,,,,,,,,,,,,,,,,,,,,,,,,,,,,,,,,,,2025-12-03 19:30:00,,,,,,,,,,,,,,,,,,,,,,,,,,,,,,,2025-12-03,wolves,nott'm forest
Leeds,Chelsea,2025-12-03 20:15:00,2025,12,2,,,,,,,,,,,,,,,,,,,,,,,,,,,,,,,,,,,,,,,,,,,,,,,,,,,,,,,,,,,,,,,,,,,,,,,,,,,,,,,,,,,,,,,,,,,,,,,,,,,,,,,,,,,,,,,,,,,,,,,,,,,,,,,,,,,,,,,,,,,1.416058394160584,1.5822784810126582,1.8,1.6,7.0,1.6,1.0,9.0,,,,,,,,,,,,,,,,,,,,,,,,,,,,,,,,,,,,,,,,,,,,,,,,,,,,,,,,,,,,,,,,,,,,,,,,,,,,,,,,,,,,,,,,,,,,,2025-12-03 20:15:00,,,,,,,,,,,,,,,,,,,,,,,,,,,,,,,2025-12-03,leeds,chelsea
Liverpool,Sunderland,2025-12-03 20:15:00,2025,12,2,,,,,,,,,,,,,,,,,,,,,,,,,,,,,,,,,,,,,,,,,,,,,,,,,,,,,,,,,,,,,,,,,,,,,,,,,,,,,,,,,,,,,,,,,,,,,,,,,,,,,,,,,,,,,,,,,,,,,,,,,,,,,,,,,,,,,,,,,,,2.0759493670886076,0.8634686346863468,1.2,1.4,7.0,0.8,1.0,7.0,,,,,,,,,,,,,,,,,,,,,,,,,,,,,,,,,,,,,,,,,,,,,,,,,,,,,,,,,,,,,,,,,,,,,,,,,,,,,,,,,,,,,,,,,,,,,2025-12-03 20:15:00,,,,,,,,,,,,,,,,,,,,,,,,,,,,,,,2025-12-03,liverpool,sunderland
Man United,West Ham,2025-12-04 20:00:00,2025,12,3,,,,,,,,,,,,,,,,,,,,,,,,,,,,,,,,,,,,,,,,,,,,,,,,,,,,,,,,,,,,,,,,,,,,,,,,,,,,,,,,,,,,,,,,,,,,,,,,,,,,,,,,,,,,,,,,,,,,,,,,,,,,,,,,,,,,,,,,,,,2.0316455696202533,1.0924170616113744,1.8,1.0,10.0,1.0,1.6,3.0,,,,,,,,,,,,,,,,,,,,,,,,,,,,,,,,,,,,,,,,,,,,,,,,,,,,,,,,,,,,,,,,,,,,,,,,,,,,,,,,,,,,,,,,,,,,,2025-12-04 20:00:00,,,,,,,,,,,,,,,,,,,,,,,,,,,,,,,2025-12-04,man united,west ham
Aston Villa,Arsenal,2025-12-06 12:30:00,2025,12,5,,,,,,,,,,,,,,,,,,,,,,,,,,,,,,,,,,,,,,,,,,,,,,,,,,,,,,,,,,,,,,,,,,,,,,,,,,,,,,,,,,,,,,,,,,,,,,,,,,,,,,,,,,,,,,,,,,,,,,,,,,,,,,,,,,,,,,,,,,,1.3747016706443913,1.649895178197065,2.0,0.4,15.0,1.4,1.0,8.0,,,,,,,,,,,,,,,,,,,,,,,,,,,,,,,,,,,,,,,,,,,,,,,,,,,,,,,,,,,,,,,,,,,,,,,,,,,,,,,,,,,,,,,,,,,,,2025-12-06 12:30:00,,,,,,,,,,,,,,,,,,,,,,,,,,,,,,,2025-12-06,aston villa,arsenal
Bournemouth,Chelsea,2025-12-06 15:00:00,2025,12,5,,,,,,,,,,,,,,,,,,,,,,,,,,,,,,,,,,,,,,,,,,,,,,,,,,,,,,,,,,,,,,,,,,,,,,,,,,,,,,,,,,,,,,,,,,,,,,,,,,,,,,,,,,,,,,,,,,,,,,,,,,,,,,,,,,,,,,,,,,,1.3584905660377358,1.5789473684210529,1.4,0.8,8.0,1.4,0.6,10.0,,,,,,,,,,,,,,,,,,,,,,,,,,,,,,,,,,,,,,,,,,,,,,,,,,,,,,,,,,,,,,,,,,,,,,,,,,,,,,,,,,,,,,,,,,,,,2025-12-06 15:00:00,,,,,,,,,,,,,,,,,,,,,,,,,,,,,,,2025-12-06,bournemouth,chelsea
Everton,Nott'm Forest,2025-12-06 15:00:00,2025,12,5,,,,,,,,,,,,,,,,,,,,,,,,,,,,,,,,,,,,,,,,,,,,,,,,,,,,,,,,,,,,,,,,,,,,,,,,,,,,,,,,,,,,,,,,,,,,,,,,,,,,,,,,,,,,,,,,,,,,,,,,,,,,,,,,,,,,,,,,,,,1.509433962264151,1.109375,1.6,1.6,9.0,0.8,1.4,6.0,,,,,,,,,,,,,,,,,,,,,,,,,,,,,,,,,,,,,,,,,,,,,,,,,,,,,,,,,,,,,,,,,,,,,,,,,,,,,,,,,,,,,,,,,,,,,2025-12-06 15:00:00,,,,,,,,,,,,,,,,,,,,,,,,,,,,,,,2025-12-06,everton,nott'm forest
Man City,Sunderland,2025-12-06 15:00:00,2025,12,5,,,,,,,,,,,,,,,,,,,,,,,,,,,,,,,,,,,,,,,,,,,,,,,,,,,,,,,,,,,,,,,,,,,,,,,,,,,,,,,,,,,,,,,,,,,,,,,,,,,,,,,,,,,,,,,,,,,,,,,,,,,,,,,,,,,,,,,,,,,2.192982456140351,0.8602941176470589,2.8,0.6,15.0,0.6,1.6,4.0,,,,,,,,,,,,,,,,,,,,,,,,,,,,,,,,,,,,,,,,,,,,,,,,,,,,,,,,,,,,,,,,,,,,,,,,,,,,,,,,,,,,,,,,,,,,,2025-12-06 15:00:00,,,,,,,,,,,,,,,,,,,,,,,,,,,,,,,2025-12-06,man city,sunderland
Newcastle,Burnley,2025-12-06 15:00:00,2025,12,5,,,,,,,,,,,,,,,,,,,,,,,,,,,,,,,,,,,,,,,,,,,,,,,,,,,,,,,,,,,,,,,,,,,,,,,,,,,,,,,,,,,,,,,,,,,,,,,,,,,,,,,,,,,,,,,,,,,,,,,,,,,,,,,,,,,,,,,,,,,1.5616438356164384,0.9662921348314608,2.0,1.0,13.0,1.6,2.4,3.0,,,,,,,,,,,,,,,,,,,,,,,,,,,,,,,,,,,,,,,,,,,,,,,,,,,,,,,,,,,,,,,,,,,,,,,,,,,,,,,,,,,,,,,,,,,,,2025-12-06 15:00:00,,,,,,,,,,,,,,,,,,,,,,,,,,,,,,,2025-12-06,newcastle,burnley
Tottenham,Brentford,2025-12-06 15:00:00,2025,12,5,,,,,,,,,,,,,,,,,,,,,,,,,,,,,,,,,,,,,,,,,,,,,,,,,,,,,,,,,,,,,,,,,,,,,,,,,,,,,,,,,,,,,,,,,,,,,,,,,,,,,,,,,,,,,,,,,,,,,,,,,,,,,,,,,,,,,,,,,,,1.8176100628930816,1.3012048192771084,1.2,1.4,4.0,0.6,1.6,3.0,,,,,,,,,,,,,,,,,,,,,,,,,,,,,,,,,,,,,,,,,,,,,,,,,,,,,,,,,,,,,,,,,,,,,,,,,,,,,,,,,,,,,,,,,,,,,2025-12-06 15:00:00,,,,,,,,,,,,,,,,,,,,,,,,,,,,,,,2025-12-06,tottenham,brentford
Leeds,Liverpool,2025-12-06 17:30:00,2025,12,5,,,,,,,,,,,,,,,,,,,,,,,,,,,,,,,,,,,,,,,,,,,,,,,,,,,,,,,,,,,,,,,,,,,,,,,,,,,,,,,,,,,,,,,,,,,,,,,,,,,,,,,,,,,,,,,,,,,,,,,,,,,,,,,,,,,,,,,,,,,1.427536231884058,1.6506276150627617,2.0,1.8,7.0,1.6,2.2,4.0,,,,,,,,,,,,,,,,,,,,,,,,,,,,,,,,,,,,,,,,,,,,,,,,,,,,,,,,,,,,,,,,,,,,,,,,,,,,,,,,,,,,,,,,,,,,,2025-12-06 17:30:00,,,,,,,,,,,,,,,,,,,,,,,,,,,,,,,2025-12-06,leeds,liverpool
Brighton,West Ham,2025-12-07 14:00:00,2025,12,6,,,,,,,,,,,,,,,,,,,,,,,,,,,,,,,,,,,,,,,,,,,,,,,,,,,,,,,,,,,,,,,,,,,,,,,,,,,,,,,,,,,,,,,,,,,,,,,,,,,,,,,,,,,,,,,,,,,,,,,,,,,,,,,,,,,,,,,,,,,1.3481012658227849,1.0921985815602837,2.2,1.4,10.0,1.0,1.6,3.0,,,,,,,,,,,,,,,,,,,,,,,,,,,,,,,,,,,,,,,,,,,,,,,,,,,,,,,,,,,,,,,,,,,,,,,,,,,,,,,,,,,,,,,,,,,,,2025-12-07 14:00:00,,,,,,,,,,,,,,,,,,,,,,,,,,,,,,,2025-12-07,brighton,west ham
Fulham,Crystal Palace,2025-12-07 16:30:00,2025,12,6,,,,,,,,,,,,,,,,,,,,,,,,,,,,,,,,,,,,,,,,,,,,,,,,,,,,,,,,,,,,,,,,,,,,,,,,,,,,,,,,,,,,,,,,,,,,,,,,,,,,,,,,,,,,,,,,,,,,,,,,,,,,,,,,,,,,,,,,,,,1.3633720930232558,1.1468253968253967,1.8,1.6,6.0,1.2,0.8,9.0,,,,,,,,,,,,,,,,,,,,,,,,,,,,,,,,,,,,,,,,,,,,,,,,,,,,,,,,,,,,,,,,,,,,,,,,,,,,,,,,,,,,,,,,,,,,,2025-12-07 16:30:00,,,,,,,,,,,,,,,,,,,,,,,,,,,,,,,2025-12-07,fulham,crystal palace
Wolves,Man United,2025-12-08 20:00:00,2025,12,0,,,,,,,,,,,,,,,,,,,,,,,,,,,,,,,,,,,,,,,,,,,,,,,,,,,,,,,,,,,,,,,,,,,,,,,,,,,,,,,,,,,,,,,,,,,,,,,,,,,,,,,,,,,,,,,,,,,,,,,,,,,,,,,,,,,,,,,,,,,1.2112676056338028,1.5957894736842104,0.8,2.2,1.0,2.4,1.4,11.0,,,,,,,,,,,,,,,,,,,,,,,,,,,,,,,,,,,,,,,,,,,,,,,,,,,,,,,,,,,,,,,,,,,,,,,,,,,,,,,,,,,,,,,,,,,,,2025-12-08 20:00:00,,,,,,,,,,,,,,,,,,,,,,,,,,,,,,,2025-12-08,wolves,man united
Chelsea,Everton,2025-12-13 15:00:00,2025,12,5,,,,,,,,,,,,,,,,,,,,,,,,,,,,,,,,,,,,,,,,,,,,,,,,,,,,,,,,,,,,,,,,,,,,,,,,,,,,,,,,,,,,,,,,,,,,,,,,,,,,,,,,,,,,,,,,,,,,,,,,,,,,,,,,,,,,,,,,,,,2.0399159663865545,1.048421052631579,1.8,0.8,10.0,0.6,1.0,7.0,,,,,,,,,,,,,,,,,,,,,,,,,,,,,,,,,,,,,,,,,,,,,,,,,,,,,,,,,,,,,,,,,,,,,,,,,,,,,,,,,,,,,,,,,,,,,2025-12-13 15:00:00,,,,,,,,,,,,,,,,,,,,,,,,,,,,,,,2025-12-13,chelsea,everton
Liverpool,Brighton,2025-12-13 15:00:00,2025,12,5,,,,,,,,,,,,,,,,,,,,,,,,,,,,,,,,,,,,,,,,,,,,,,,,,,,,,,,,,,,,,,,,,,,,,,,,,,,,,,,,,,,,,,,,,,,,,,,,,,,,,,,,,,,,,,,,,,,,,,,,,,,,,,,,,,,,,,,,,,,2.0757894736842104,1.20125786163522,1.2,1.2,7.0,1.0,1.4,5.0,,,,,,,,,,,,,,,,,,,,,,,,,,,,,,,,,,,,,,,,,,,,,,,,,,,,,,,,,,,,,,,,,,,,,,,,,,,,,,,,,,,,,,,,,,,,,2025-12-13 15:00:00,,,,,,,,,,,,,,,,,,,,,,,,,,,,,,,2025-12-13,liverpool,brighton
Burnley,Fulham,2025-12-13 17:30:00,2025,12,5,,,,,,,,,,,,,,,,,,,,,,,,,,,,,,,,,,,,,,,,,,,,,,,,,,,,,,,,,,,,,,,,,,,,,,,,,,,,,,,,,,,,,,,,,,,,,,,,,,,,,,,,,,,,,,,,,,,,,,,,,,,,,,,,,,,,,,,,,,,1.0449438202247192,0.9446064139941692,0.8,1.6,3.0,1.4,2.0,6.0,,,,,,,,,,,,,,,,,,,,,,,,,,,,,,,,,,,,,,,,,,,,,,,,,,,,,,,,,,,,,,,,,,,,,,,,,,,,,,,,,,,,,,,,,,,,,2025-12-13 17:30:00,,,,,,,,,,,,,,,,,,,,,,,,,,,,,,,2025-12-13,burnley,fulham
Arsenal,Wolves,2025-12-13 20:00:00,2025,12,5,,,,,,,,,,,,,,,,,,,,,,,,,,,,,,,,,,,,,,,,,,,,,,,,,,,,,,,,,,,,,,,,,,,,,,,,,,,,,,,,,,,,,,,,,,,,,,,,,,,,,,,,,,,,,,,,,,,,,,,,,,,,,,,,,,,,,,,,,,,2.1434599156118144,0.9672897196261684,2.2,0.4,15.0,0.2,2.2,0.0,,,,,,,,,,,,,,,,,,,,,,,,,,,,,,,,,,,,,,,,,,,,,,,,,,,,,,,,,,,,,,,,,,,,,,,,,,,,,,,,,,,,,,,,,,,,,2025-12-13 20:00:00,,,,,,,,,,,,,,,,,,,,,,,,,,,,,,,2025-12-13,arsenal,wolves
Crystal Palace,Man City,2025-12-14 14:00:00,2025,12,6,,,,,,,,,,,,,,,,,,,,,,,,,,,,,,,,,,,,,,,,,,,,,,,,,,,,,,,,,,,,,,,,,,,,,,,,,,,,,,,,,,,,,,,,,,,,,,,,,,,,,,,,,,,,,,,,,,,,,,,,,,,,,,,,,,,,,,,,,,,1.2,1.6389496717724288,1.2,1.6,5.0,2.0,1.4,9.0,,,,,,,,,,,,,,,,,,,,,,,,,,,,,,,,,,,,,,,,,,,,,,,,,,,,,,,,,,,,,,,,,,,,,,,,,,,,,,,,,,,,,,,,,,,,,2025-12-14 14:00:00,,,,,,,,,,,,,,,,,,,,,,,,,,,,,,,2025-12-14,crystal palace,man city
Nott'm Forest,Tottenham,2025-12-14 14:00:00,2025,12,6,,,,,,,,,,,,,,,,,,,,,,,,,,,,,,,,,,,,,,,,,,,,,,,,,,,,,,,,,,,,,,,,,,,,,,,,,,,,,,,,,,,,,,,,,,,,,,,,,,,,,,,,,,,,,,,,,,,,,,,,,,,,,,,,,,,,,,,,,,,1.40625,1.4129979035639413,1.6,1.6,7.0,1.6,2.0,7.0,,,,,,,,,,,,,,,,,,,,,,,,,,,,,,,,,,,,,,,,,,,,,,,,,,,,,,,,,,,,,,,,,,,,,,,,,,,,,,,,,,,,,,,,,,,,,2025-12-14 14:00:00,,,,,,,,,,,,,,,,,,,,,,,,,,,,,,,2025-12-14,nott'm forest,tottenham
Sunderland,Newcastle,2025-12-14 14:00:00,2025,12,6,,,,,,,,,,,,,,,,,,,,,,,,,,,,,,,,,,,,,,,,,,,,,,,,,,,,,,,,,,,,,,,,,,,,,,,,,,,,,,,,,,,,,,,,,,,,,,,,,,,,,,,,,,,,,,,,,,,,,,,,,,,,,,,,,,,,,,,,,,,1.1062271062271063,1.1095890410958904,1.8,1.0,11.0,1.4,2.0,3.0,,,,,,,,,,,,,,,,,,,,,,,,,,,,,,,,,,,,,,,,,,,,,,,,,,,,,,,,,,,,,,,,,,,,,,,,,,,,,,,,,,,,,,,,,,,,,2025-12-14 14:00:00,,,,,,,,,,,,,,,,,,,,,,,,,,,,,,,2025-12-14,sunderland,newcastle
West Ham,Aston Villa,2025-12-14 14:00:00,2025,12,6,,,,,,,,,,,,,,,,,,,,,,,,,,,,,,,,,,,,,,,,,,,,,,,,,,,,,,,,,,,,,,,,,,,,,,,,,,,,,,,,,,,,,,,,,,,,,,,,,,,,,,,,,,,,,,,,,,,,,,,,,,,,,,,,,,,,,,,,,,,1.4339622641509433,1.152744630071599,1.6,2.0,6.0,2.2,1.8,12.0,,,,,,,,,,,,,,,,,,,,,,,,,,,,,,,,,,,,,,,,,,,,,,,,,,,,,,,,,,,,,,,,,,,,,,,,,,,,,,,,,,,,,,,,,,,,,2025-12-14 14:00:00,,,,,,,,,,,,,,,,,,,,,,,,,,,,,,,2025-12-14,west ham,aston villa
Brentford,Leeds,2025-12-14 16:30:00,2025,12,6,,,,,,,,,,,,,,,,,,,,,,,,,,,,,,,,,,,,,,,,,,,,,,,,,,,,,,,,,,,,,,,,,,,,,,,,,,,,,,,,,,,,,,,,,,,,,,,,,,,,,,,,,,,,,,,,,,,,,,,,,,,,,,,,,,,,,,,,,,,1.686746987951807,1.3014705882352942,2.0,1.2,10.0,0.8,2.4,1.0,,,,,,,,,,,,,,,,,,,,,,,,,,,,,,,,,,,,,,,,,,,,,,,,,,,,,,,,,,,,,,,,,,,,,,,,,,,,,,,,,,,,,,,,,,,,,2025-12-14 16:30:00,,,,,,,,,,,,,,,,,,,,,,,,,,,,,,,2025-12-14,brentford,leeds
Man United,Bournemouth,2025-12-15 20:00:00,2025,12,0,,,,,,,,,,,,,,,,,,,,,,,,,,,,,,,,,,,,,,,,,,,,,,,,,,,,,,,,,,,,,,,,,,,,,,,,,,,,,,,,,,,,,,,,,,,,,,,,,,,,,,,,,,,,,,,,,,,,,,,,,,,,,,,,,,,,,,,,,,,2.0357894736842104,1.251572327044025,2.2,1.6,8.0,2.0,3.4,2.0,,,,,,,,,,,,,,,,,,,,,,,,,,,,,,,,,,,,,,,,,,,,,,,,,,,,,,,,,,,,,,,,,,,,,,,,,,,,,,,,,,,,,,,,,,,,,2025-12-15 20:00:00,,,,,,,,,,,,,,,,,,,,,,,,,,,,,,,2025-12-15,man united,bournemouth
Newcastle,Chelsea,2025-12-20 12:30:00,2025,12,5,,,,,,,,,,,,,,,,,,,,,,,,,,,,,,,,,,,,,,,,,,,,,,,,,,,,,,,,,,,,,,,,,,,,,,,,,,,,,,,,,,,,,,,,,,,,,,,,,,,,,,,,,,,,,,,,,,,,,,,,,,,,,,,,,,,,,,,,,,,1.5626423690205011,1.5798319327731092,2.0,1.4,11.0,1.2,1.0,8.0,,,,,,,,,,,,,,,,,,,,,,,,,,,,,,,,,,,,,,,,,,,,,,,,,,,,,,,,,,,,,,,,,,,,,,,,,,,,,,,,,,,,,,,,,,,,,2025-12-20 12:30:00,,,,,,,,,,,,,,,,,,,,,,,,,,,,,,,2025-12-20,newcastle,chelsea
Bournemouth,Burnley,2025-12-20 15:00:00,2025,12,5,,,,,,,,,,,,,,,,,,,,,,,,,,,,,,,,,,,,,,,,,,,,,,,,,,,,,,,,,,,,,,,,,,,,,,,,,,,,,,,,,,,,,,,,,,,,,,,,,,,,,,,,,,,,,,,,,,,,,,,,,,,,,,,,,,,,,,,,,,,1.35625,0.9664804469273744,1.0,0.8,6.0,1.6,2.2,4.0,,,,,,,,,,,,,,,,,,,,,,,,,,,,,,,,,,,,,,,,,,,,,,,,,,,,,,,,,,,,,,,,,,,,,,,,,,,,,,,,,,,,,,,,,,,,,2025-12-20 15:00:00,,,,,,,,,,,,,,,,,,,,,,,,,,,,,,,2025-12-20,bournemouth,burnley
Brighton,Sunderland,2025-12-20 15:00:00,2025,12,5,,,,,,,,,,,,,,,,,,,,,,,,,,,,,,,,,,,,,,,,,,,,,,,,,,,,,,,,,,,,,,,,,,,,,,,,,,,,,,,,,,,,,,,,,,,,,,,,,,,,,,,,,,,,,,,,,,,,,,,,,,,,,,,,,,,,,,,,,,,1.339622641509434,0.8571428571428571,1.8,1.2,8.0,0.6,1.2,5.0,,,,,,,,,,,,,,,,,,,,,,,,,,,,,,,,,,,,,,,,,,,,,,,,,,,,,,,,,,,,,,,,,,,,,,,,,,,,,,,,,,,,,,,,,,,,,2025-12-20 15:00:00,,,,,,,,,,,,,,,,,,,,,,,,,,,,,,,2025-12-20,brighton,sunderland
Man City,West Ham,2025-12-20 15:00:00,2025,12,5,,,,,,,,,,,,,,,,,,,,,,,,,,,,,,,,,,,,,,,,,,,,,,,,,,,,,,,,,,,,,,,,,,,,,,,,,,,,,,,,,,,,,,,,,,,,,,,,,,,,,,,,,,,,,,,,,,,,,,,,,,,,,,,,,,,,,,,,,,,2.1947483588621446,1.089622641509434,3.0,0.6,15.0,1.0,1.8,3.0,,,,,,,,,,,,,,,,,,,,,,,,,,,,,,,,,,,,,,,,,,,,,,,,,,,,,,,,,,,,,,,,,,,,,,,,,,,,,,,,,,,,,,,,,,,,,2025-12-20 15:00:00,,,,,,,,,,,,,,,,,,,,,,,,,,,,,,,2025-12-20,man city,west ham
Wolves,Brentford,2025-12-20 15:00:00,2025,12,5,,,,,,,,,,,,,,,,,,,,,,,,,,,,,,,,,,,,,,,,,,,,,,,,,,,,,,,,,,,,,,,,,,,,,,,,,,,,,,,,,,,,,,,,,,,,,,,,,,,,,,,,,,,,,,,,,,,,,,,,,,,,,,,,,,,,,,,,,,,1.205607476635514,1.3095238095238095,0.6,2.4,0.0,0.6,1.6,3.0,,,,,,,,,,,,,,,,,,,,,,,,,,,,,,,,,,,,,,,,,,,,,,,,,,,,,,,,,,,,,,,,,,,,,,,,,,,,,,,,,,,,,,,,,,,,,2025-12-20 15:00:00,,,,,,,,,,,,,,,,,,,,,,,,,,,,,,,2025-12-20,wolves,brentford
Tottenham,Liverpool,2025-12-20 17:30:00,2025,12,5,,,,,,,,,,,,,,,,,,,,,,,,,,,,,,,,,,,,,,,,,,,,,,,,,,,,,,,,,,,,,,,,,,,,,,,,,,,,,,,,,,,,,,,,,,,,,,,,,,,,,,,,,,,,,,,,,,,,,,,,,,,,,,,,,,,,,,,,,,,1.815899581589958,1.651356993736952,1.2,1.4,4.0,1.8,2.0,7.0,,,,,,,,,,,,,,,,,,,,,,,,,,,,,,,,,,,,,,,,,,,,,,,,,,,,,,,,,,,,,,,,,,,,,,,,,,,,,,,,,,,,,,,,,,,,,2025-12-20 17:30:00,,,,,,,,,,,,,,,,,,,,,,,,,,,,,,,2025-12-20,tottenham,liverpool
Everton,Arsenal,2025-12-20 20:00:00,2025,12,5,,,,,,,,,,,,,,,,,,,,,,,,,,,,,,,,,,,,,,,,,,,,,,,,,,,,,,,,,,,,,,,,,,,,,,,,,,,,,,,,,,,,,,,,,,,,,,,,,,,,,,,,,,,,,,,,,,,,,,,,,,,,,,,,,,,,,,,,,,,1.506276150627615,1.6485355648535565,1.2,1.6,6.0,1.4,1.0,8.0,,,,,,,,,,,,,,,,,,,,,,,,,,,,,,,,,,,,,,,,,,,,,,,,,,,,,,,,,,,,,,,,,,,,,,,,,,,,,,,,,,,,,,,,,,,,,2025-12-20 20:00:00,,,,,,,,,,,,,,,,,,,,,,,,,,,,,,,2025-12-20,everton,arsenal
Leeds,Crystal Palace,2025-12-20 20:00:00,2025,12,5,,,,,,,,,,,,,,,,,,,,,,,,,,,,,,,,,,,,,,,,,,,,,,,,,,,,,,,,,,,,,,,,,,,,,,,,,,,,,,,,,,,,,,,,,,,,,,,,,,,,,,,,,,,,,,,,,,,,,,,,,,,,,,,,,,,,,,,,,,,1.4460431654676258,1.1462450592885376,2.6,1.6,10.0,1.2,1.2,9.0,,,,,,,,,,,,,,,,,,,,,,,,,,,,,,,,,,,,,,,,,,,,,,,,,,,,,,,,,,,,,,,,,,,,,,,,,,,,,,,,,,,,,,,,,,,,,2025-12-20 20:00:00,,,,,,,,,,,,,,,,,,,,,,,,,,,,,,,2025-12-20,leeds,crystal palace
Aston Villa,Man United,2025-12-21 16:30:00,2025,12,6,,,,,,,,,,,,,,,,,,,,,,,,,,,,,,,,,,,,,,,,,,,,,,,,,,,,,,,,,,,,,,,,,,,,,,,,,,,,,,,,,,,,,,,,,,,,,,,,,,,,,,,,,,,,,,,,,,,,,,,,,,,,,,,,,,,,,,,,,,,1.3761904761904762,1.5945378151260503,2.0,0.4,15.0,2.2,1.6,8.0,,,,,,,,,,,,,,,,,,,,,,,,,,,,,,,,,,,,,,,,,,,,,,,,,,,,,,,,,,,,,,,,,,,,,,,,,,,,,,,,,,,,,,,,,,,,,2025-12-21 16:30:00,,,,,,,,,,,,,,,,,,,,,,,,,,,,,,,2025-12-21,aston villa,man united
Fulham,Nott'm Forest,2025-12-22 20:00:00,2025,12,0,,,,,,,,,,,,,,,,,,,,,,,,,,,,,,,,,,,,,,,,,,,,,,,,,,,,,,,,,,,,,,,,,,,,,,,,,,,,,,,,,,,,,,,,,,,,,,,,,,,,,,,,,,,,,,,,,,,,,,,,,,,,,,,,,,,,,,,,,,,1.3623188405797102,1.0923076923076922,2.0,1.4,9.0,0.8,1.2,6.0,,,,,,,,,,,,,,,,,,,,,,,,,,,,,,,,,,,,,,,,,,,,,,,,,,,,,,,,,,,,,,,,,,,,,,,,,,,,,,,,,,,,,,,,,,,,,2025-12-22 20:00:00,,,,,,,,,,,,,,,,,,,,,,,,,,,,,,,2025-12-22,fulham,nott'm forest
Man United,Newcastle,2025-12-26 20:00:00,2025,12,4,,,,,,,,,,,,,,,,,,,,,,,,,,,,,,,,,,,,,,,,,,,,,,,,,,,,,,,,,,,,,,,,,,,,,,,,,,,,,,,,,,,,,,,,,,,,,,,,,,,,,,,,,,,,,,,,,,,,,,,,,,,,,,,,,,,,,,,,,,,2.033613445378151,1.1070615034168565,2.0,1.6,8.0,1.2,1.8,3.0,,,,,,,,,,,,,,,,,,,,,,,,,,,,,,,,,,,,,,,,,,,,,,,,,,,,,,,,,,,,,,,,,,,,,,,,,,,,,,,,,,,,,,,,,,,,,2025-12-26 20:00:00,,,,,,,,,,,,,,,,,,,,,,,,,,,,,,,2025-12-26,man united,newcastle
Nott'm Forest,Man City,2025-12-27 12:30:00,2025,12,5,,,,,,,,,,,,,,,,,,,,,,,,,,,,,,,,,,,,,,,,,,,,,,,,,,,,,,,,,,,,,,,,,,,,,,,,,,,,,,,,,,,,,,,,,,,,,,,,,,,,,,,,,,,,,,,,,,,,,,,,,,,,,,,,,,,,,,,,,,,1.4,1.6397379912663756,1.8,1.4,7.0,2.2,1.6,9.0,,,,,,,,,,,,,,,,,,,,,,,,,,,,,,,,,,,,,,,,,,,,,,,,,,,,,,,,,,,,,,,,,,,,,,,,,,,,,,,,,,,,,,,,,,,,,2025-12-27 12:30:00,,,,,,,,,,,,,,,,,,,,,,,,,,,,,,,2025-12-27,nott'm forest,man city
Arsenal,Brighton,2025-12-27 15:00:00,2025,12,5,,,,,,,,,,,,,,,,,,,,,,,,,,,,,,,,,,,,,,,,,,,,,,,,,,,,,,,,,,,,,,,,,,,,,,,,,,,,,,,,,,,,,,,,,,,,,,,,,,,,,,,,,,,,,,,,,,,,,,,,,,,,,,,,,,,,,,,,,,,2.143157894736842,1.2,2.2,0.6,15.0,1.0,1.6,4.0,,,,,,,,,,,,,,,,,,,,,,,,,,,,,,,,,,,,,,,,,,,,,,,,,,,,,,,,,,,,,,,,,,,,,,,,,,,,,,,,,,,,,,,,,,,,,2025-12-27 15:00:00,,,,,,,,,,,,,,,,,,,,,,,,,,,,,,,2025-12-27,arsenal,brighton
Brentford,Bournemouth,2025-12-27 15:00:00,2025,12,5,,,,,,,,,,,,,,,,,,,,,,,,,,,,,,,,,,,,,,,,,,,,,,,,,,,,,,,,,,,,,,,,,,,,,,,,,,,,,,,,,,,,,,,,,,,,,,,,,,,,,,,,,,,,,,,,,,,,,,,,,,,,,,,,,,,,,,,,,,,1.7142857142857142,1.25,2.8,1.2,13.0,1.6,3.6,1.0,,,,,,,,,,,,,,,,,,,,,,,,,,,,,,,,,,,,,,,,,,,,,,,,,,,,,,,,,,,,,,,,,,,,,,,,,,,,,,,,,,,,,,,,,,,,,2025-12-27 15:00:00,,,,,,,,,,,,,,,,,,,,,,,,,,,,,,,2025-12-27,brentford,bournemouth
Burnley,Everton,2025-12-27 15:00:00,2025,12,5,,,,,,,,,,,,,,,,,,,,,,,,,,,,,,,,,,,,,,,,,,,,,,,,,,,,,,,,,,,,,,,,,,,,,,,,,,,,,,,,,,,,,,,,,,,,,,,,,,,,,,,,,,,,,,,,,,,,,,,,,,,,,,,,,,,,,,,,,,,1.0391061452513966,1.046218487394958,0.4,1.6,1.0,0.6,0.6,8.0,,,,,,,,,,,,,,,,,,,,,,,,,,,,,,,,,,,,,,,,,,,,,,,,,,,,,,,,,,,,,,,,,,,,,,,,,,,,,,,,,,,,,,,,,,,,,2025-12-27 15:00:00,,,,,,,,,,,,,,,,,,,,,,,,,,,,,,,2025-12-27,burnley,everton
Liverpool,Wolves,2025-12-27 15:00:00,2025,12,5,,,,,,,,,,,,,,,,,,,,,,,,,,,,,,,,,,,,,,,,,,,,,,,,,,,,,,,,,,,,,,,,,,,,,,,,,,,,,,,,,,,,,,,,,,,,,,,,,,,,,,,,,,,,,,,,,,,,,,,,,,,,,,,,,,,,,,,,,,,2.0756302521008405,0.9674418604651164,1.4,1.0,10.0,0.4,2.2,0.0,,,,,,,,,,,,,,,,,,,,,,,,,,,,,,,,,,,,,,,,,,,,,,,,,,,,,,,,,,,,,,,,,,,,,,,,,,,,,,,,,,,,,,,,,,,,,2025-12-27 15:00:00,,,,,,,,,,,,,,,,,,,,,,,,,,,,,,,2025-12-27,liverpool,wolves
West Ham,Fulham,2025-12-27 15:00:00,2025,12,5,,,,,,,,,,,,,,,,,,,,,,,,,,,,,,,,,,,,,,,,,,,,,,,,,,,,,,,,,,,,,,,,,,,,,,,,,,,,,,,,,,,,,,,,,,,,,,,,,,,,,,,,,,,,,,,,,,,,,,,,,,,,,,,,,,,,,,,,,,,1.4305882352941175,0.9447674418604652,1.6,1.8,6.0,1.4,1.4,9.0,,,,,,,,,,,,,,,,,,,,,,,,,,,,,,,,,,,,,,,,,,,,,,,,,,,,,,,,,,,,,,,,,,,,,,,,,,,,,,,,,,,,,,,,,,,,,2025-12-27 15:00:00,,,,,,,,,,,,,,,,,,,,,,,,,,,,,,,2025-12-27,west ham,fulham
Chelsea,Aston Villa,2025-12-27 17:30:00,2025,12,5,,,,,,,,,,,,,,,,,,,,,,,,,,,,,,,,,,,,,,,,,,,,,,,,,,,,,,,,,,,,,,,,,,,,,,,,,,,,,,,,,,,,,,,,,,,,,,,,,,,,,,,,,,,,,,,,,,,,,,,,,,,,,,,,,,,,,,,,,,,2.037735849056604,1.1547619047619049,1.6,1.0,7.0,2.2,1.8,12.0,,,,,,,,,,,,,,,,,,,,,,,,,,,,,,,,,,,,,,,,,,,,,,,,,,,,,,,,,,,,,,,,,,,,,,,,,,,,,,,,,,,,,,,,,,,,,2025-12-27 17:30:00,,,,,,,,,,,,,,,,,,,,,,,,,,,,,,,2025-12-27,chelsea,aston villa
Sunderland,Leeds,2025-12-28 14:00:00,2025,12,6,,,,,,,,,,,,,,,,,,,,,,,,,,,,,,,,,,,,,,,,,,,,,,,,,,,,,,,,,,,,,,,,,,,,,,,,,,,,,,,,,,,,,,,,,,,,,,,,,,,,,,,,,,,,,,,,,,,,,,,,,,,,,,,,,,,,,,,,,,,1.1058394160583942,1.2992700729927007,1.6,1.2,9.0,1.0,2.2,2.0,,,,,,,,,,,,,,,,,,,,,,,,,,,,,,,,,,,,,,,,,,,,,,,,,,,,,,,,,,,,,,,,,,,,,,,,,,,,,,,,,,,,,,,,,,,,,2025-12-28 14:00:00,,,,,,,,,,,,,,,,,,,,,,,,,,,,,,,2025-12-28,sunderland,leeds
Crystal Palace,Tottenham,2025-12-28 16:30:00,2025,12,6,,,,,,,,,,,,,,,,,,,,,,,,,,,,,,,,,,,,,,,,,,,,,,,,,,,,,,,,,,,,,,,,,,,,,,,,,,,,,,,,,,,,,,,,,,,,,,,,,,,,,,,,,,,,,,,,,,,,,,,,,,,,,,,,,,,,,,,,,,,1.195219123505976,1.4121338912133892,0.6,1.2,4.0,1.4,1.8,7.0,,,,,,,,,,,,,,,,,,,,,,,,,,,,,,,,,,,,,,,,,,,,,,,,,,,,,,,,,,,,,,,,,,,,,,,,,,,,,,,,,,,,,,,,,,,,,2025-12-28 16:30:00,,,,,,,,,,,,,,,,,,,,,,,,,,,,,,,2025-12-28,crystal palace,tottenham
Burnley,Newcastle,2025-12-30 19:30:00,2025,12,1,,,,,,,,,,,,,,,,,,,,,,,,,,,,,,,,,,,,,,,,,,,,,,,,,,,,,,,,,,,,,,,,,,,,,,,,,,,,,,,,,,,,,,,,,,,,,,,,,,,,,,,,,,,,,,,,,,,,,,,,,,,,,,,,,,,,,,,,,,,1.038888888888889,1.1113636363636363,0.6,1.8,1.0,1.6,1.4,6.0,,,,,,,,,,,,,,,,,,,,,,,,,,,,,,,,,,,,,,,,,,,,,,,,,,,,,,,,,,,,,,,,,,,,,,,,,,,,,,,,,,,,,,,,,,,,,2025-12-30 19:30:00,,,,,,,,,,,,,,,,,,,,,,,,,,,,,,,2025-12-30,burnley,newcastle
Chelsea,Bournemouth,2025-12-30 19:30:00,2025,12,1,,,,,,,,,,,,,,,,,,,,,,,,,,,,,,,,,,,,,,,,,,,,,,,,,,,,,,,,,,,,,,,,,,,,,,,,,,,,,,,,,,,,,,,,,,,,,,,,,,,,,,,,,,,,,,,,,,,,,,,,,,,,,,,,,,,,,,,,,,,2.0376569037656904,1.2546583850931676,1.8,1.0,8.0,1.8,3.4,2.0,,,,,,,,,,,,,,,,,,,,,,,,,,,,,,,,,,,,,,,,,,,,,,,,,,,,,,,,,,,,,,,,,,,,,,,,,,,,,,,,,,,,,,,,,,,,,2025-12-30 19:30:00,,,,,,,,,,,,,,,,,,,,,,,,,,,,,,,2025-12-30,chelsea,bournemouth
Nott'm Forest,Everton,2025-12-30 19:30:00,2025,12,1,,,,,,,,,,,,,,,,,,,,,,,,,,,,,,,,,,,,,,,,,,,,,,,,,,,,,,,,,,,,,,,,,,,,,,,,,,,,,,,,,,,,,,,,,,,,,,,,,,,,,,,,,,,,,,,,,,,,,,,,,,,,,,,,,,,,,,,,,,,1.378787878787879,1.0482180293501049,1.4,1.4,6.0,0.8,0.4,10.0,,,,,,,,,,,,,,,,,,,,,,,,,,,,,,,,,,,,,,,,,,,,,,,,,,,,,,,,,,,,,,,,,,,,,,,,,,,,,,,,,,,,,,,,,,,,,2025-12-30 19:30:00,,,,,,,,,,,,,,,,,,,,,,,,,,,,,,,2025-12-30,nott'm forest,everton
West Ham,Brighton,2025-12-30 19:30:00,2025,12,1,,,,,,,,,,,,,,,,,,,,,,,,,,,,,,,,,,,,,,,,,,,,,,,,,,,,,,,,,,,,,,,,,,,,,,,,,,,,,,,,,,,,,,,,,,,,,,,,,,,,,,,,,,,,,,,,,,,,,,,,,,,,,,,,,,,,,,,,,,,1.431924882629108,1.204968944099379,1.4,2.0,4.0,1.0,1.2,5.0,,,,,,,,,,,,,,,,,,,,,,,,,,,,,,,,,,,,,,,,,,,,,,,,,,,,,,,,,,,,,,,,,,,,,,,,,,,,,,,,,,,,,,,,,,,,,2025-12-30 19:30:00,,,,,,,,,,,,,,,,,,,,,,,,,,,,,,,2025-12-30,west ham,brighton
Arsenal,Aston Villa,2025-12-30 20:15:00,2025,12,1,,,,,,,,,,,,,,,,,,,,,,,,,,,,,,,,,,,,,,,,,,,,,,,,,,,,,,,,,,,,,,,,,,,,,,,,,,,,,,,,,,,,,,,,,,,,,,,,,,,,,,,,,,,,,,,,,,,,,,,,,,,,,,,,,,,,,,,,,,,2.1470588235294117,1.154394299287411,2.8,0.8,15.0,2.4,2.2,12.0,,,,,,,,,,,,,,,,,,,,,,,,,,,,,,,,,,,,,,,,,,,,,,,,,,,,,,,,,,,,,,,,,,,,,,,,,,,,,,,,,,,,,,,,,,,,,2025-12-30 20:15:00,,,,,,,,,,,,,,,,,,,,,,,,,,,,,,,2025-12-30,arsenal,aston villa
Man United,Wolves,2025-12-30 20:15:00,2025,12,1,,,,,,,,,,,,,,,,,,,,,,,,,,,,,,,,,,,,,,,,,,,,,,,,,,,,,,,,,,,,,,,,,,,,,,,,,,,,,,,,,,,,,,,,,,,,,,,,,,,,,,,,,,,,,,,,,,,,,,,,,,,,,,,,,,,,,,,,,,,2.0314465408805034,0.9675925925925926,1.4,1.4,6.0,0.6,1.8,1.0,,,,,,,,,,,,,,,,,,,,,,,,,,,,,,,,,,,,,,,,,,,,,,,,,,,,,,,,,,,,,,,,,,,,,,,,,,,,,,,,,,,,,,,,,,,,,2025-12-30 20:15:00,,,,,,,,,,,,,,,,,,,,,,,,,,,,,,,2025-12-30,man united,wolves
Crystal Palace,Fulham,2026-01-01 17:30:00,2026,1,3,,,,,,,,,,,,,,,,,,,,,,,,,,,,,,,,,,,,,,,,,,,,,,,,,,,,,,,,,,,,,,,,,,,,,,,,,,,,,,,,,,,,,,,,,,,,,,,,,,,,,,,,,,,,,,,,,,,,,,,,,,,,,,,,,,,,,,,,,,,1.1944444444444444,0.944927536231884,0.4,1.4,2.0,1.4,1.2,10.0,,,,,,,,,,,,,,,,,,,,,,,,,,,,,,,,,,,,,,,,,,,,,,,,,,,,,,,,,,,,,,,,,,,,,,,,,,,,,,,,,,,,,,,,,,,,,2026-01-01 17:30:00,,,,,,,,,,,,,,,,,,,,,,,,,,,,,,,2026-01-01,crystal palace,fulham
Liverpool,Leeds,2026-01-01 17:30:00,2026,1,3,,,,,,,,,,,,,,,,,,,,,,,,,,,,,,,,,,,,,,,,,,,,,,,,,,,,,,,,,,,,,,,,,,,,,,,,,,,,,,,,,,,,,,,,,,,,,,,,,,,,,,,,,,,,,,,,,,,,,,,,,,,,,,,,,,,,,,,,,,,2.0712788259958073,1.289855072463768,1.0,1.0,8.0,1.0,1.6,3.0,,,,,,,,,,,,,,,,,,,,,,,,,,,,,,,,,,,,,,,,,,,,,,,,,,,,,,,,,,,,,,,,,,,,,,,,,,,,,,,,,,,,,,,,,,,,,2026-01-01 17:30:00,,,,,,,,,,,,,,,,,,,,,,,,,,,,,,,2026-01-01,liverpool,leeds
Brentford,Tottenham,2026-01-01 20:00:00,2026,1,3,,,,,,,,,,,,,,,,,,,,,,,,,,,,,,,,,,,,,,,,,,,,,,,,,,,,,,,,,,,,,,,,,,,,,,,,,,,,,,,,,,,,,,,,,,,,,,,,,,,,,,,,,,,,,,,,,,,,,,,,,,,,,,,,,,,,,,,,,,,1.6941176470588235,1.4091858037578289,2.2,0.8,11.0,0.8,1.8,5.0,,,,,,,,,,,,,,,,,,,,,,,,,,,,,,,,,,,,,,,,,,,,,,,,,,,,,,,,,,,,,,,,,,,,,,,,,,,,,,,,,,,,,,,,,,,,,2026-01-01 20:00:00,,,,,,,,,,,,,,,,,,,,,,,,,,,,,,,2026-01-01,brentford,tottenham
Sunderland,Man City,2026-01-01 20:00:00,2026,1,3,,,,,,,,,,,,,,,,,,,,,,,,,,,,,,,,,,,,,,,,,,,,,,,,,,,,,,,,,,,,,,,,,,,,,,,,,,,,,,,,,,,,,,,,,,,,,,,,,,,,,,,,,,,,,,,,,,,,,,,,,,,,,,,,,,,,,,,,,,,1.1018181818181818,1.636165577342048,1.4,1.0,9.0,2.2,1.4,10.0,,,,,,,,,,,,,,,,,,,,,,,,,,,,,,,,,,,,,,,,,,,,,,,,,,,,,,,,,,,,,,,,,,,,,,,,,,,,,,,,,,,,,,,,,,,,,2026-01-01 20:00:00,,,,,,,,,,,,,,,,,,,,,,,,,,,,,,,2026-01-01,sunderland,man city
Aston Villa,Nott'm Forest,2026-01-03 12:30:00,2026,1,5,,,,,,,,,,,,,,,,,,,,,,,,,,,,,,,,,,,,,,,,,,,,,,,,,,,,,,,,,,,,,,,,,,,,,,,,,,,,,,,,,,,,,,,,,,,,,,,,,,,,,,,,,,,,,,,,,,,,,,,,,,,,,,,,,,,,,,,,,,,1.3800475059382422,1.0909090909090908,2.4,0.6,15.0,1.0,1.4,6.0,,,,,,,,,,,,,,,,,,,,,,,,,,,,,,,,,,,,,,,,,,,,,,,,,,,,,,,,,,,,,,,,,,,,,,,,,,,,,,,,,,,,,,,,,,,,,2026-01-03 12:30:00,,,,,,,,,,,,,,,,,,,,,,,,,,,,,,,2026-01-03,aston villa,nott'm forest
Brighton,Burnley,2026-01-03 15:00:00,2026,1,5,,,,,,,,,,,,,,,,,,,,,,,,,,,,,,,,,,,,,,,,,,,,,,,,,,,,,,,,,,,,,,,,,,,,,,,,,,,,,,,,,,,,,,,,,,,,,,,,,,,,,,,,,,,,,,,,,,,,,,,,,,,,,,,,,,,,,,,,,,,1.34375,0.9611111111111112,1.6,1.2,8.0,1.0,2.2,1.0,,,,,,,,,,,,,,,,,,,,,,,,,,,,,,,,,,,,,,,,,,,,,,,,,,,,,,,,,,,,,,,,,,,,,,,,,,,,,,,,,,,,,,,,,,,,,2026-01-03 15:00:00,,,,,,,,,,,,,,,,,,,,,,,,,,,,,,,2026-01-03,brighton,burnley
Wolves,West Ham,2026-01-03 15:00:00,2026,1,5,,,,,,,,,,,,,,,,,,,,,,,,,,,,,,,,,,,,,,,,,,,,,,,,,,,,,,,,,,,,,,,,,,,,,,,,,,,,,,,,,,,,,,,,,,,,,,,,,,,,,,,,,,,,,,,,,,,,,,,,,,,,,,,,,,,,,,,,,,,1.213953488372093,1.087058823529412,0.8,1.8,3.0,0.8,2.0,3.0,,,,,,,,,,,,,,,,,,,,,,,,,,,,,,,,,,,,,,,,,,,,,,,,,,,,,,,,,,,,,,,,,,,,,,,,,,,,,,,,,,,,,,,,,,,,,2026-01-03 15:00:00,,,,,,,,,,,,,,,,,,,,,,,,,,,,,,,2026-01-03,wolves,west ham
Bournemouth,Arsenal,2026-01-03 17:30:00,2026,1,5,,,,,,,,,,,,,,,,,,,,,,,,,,,,,,,,,,,,,,,,,,,,,,,,,,,,,,,,,,,,,,,,,,,,,,,,,,,,,,,,,,,,,,,,,,,,,,,,,,,,,,,,,,,,,,,,,,,,,,,,,,,,,,,,,,,,,,,,,,,1.360248447204969,1.651356993736952,1.0,1.4,3.0,1.6,1.4,8.0,,,,,,,,,,,,,,,,,,,,,,,,,,,,,,,,,,,,,,,,,,,,,,,,,,,,,,,,,,,,,,,,,,,,,,,,,,,,,,,,,,,,,,,,,,,,,2026-01-03 17:30:00,,,,,,,,,,,,,,,,,,,,,,,,,,,,,,,2026-01-03,bournemouth,arsenal
Leeds,Man United,2026-01-04 12:30:00,2026,1,6,,,,,,,,,,,,,,,,,,,,,,,,,,,,,,,,,,,,,,,,,,,,,,,,,,,,,,,,,,,,,,,,,,,,,,,,,,,,,,,,,,,,,,,,,,,,,,,,,,,,,,,,,,,,,,,,,,,,,,,,,,,,,,,,,,,,,,,,,,,1.4428571428571428,1.5932914046121591,2.4,1.6,8.0,2.0,1.4,8.0,,,,,,,,,,,,,,,,,,,,,,,,,,,,,,,,,,,,,,,,,,,,,,,,,,,,,,,,,,,,,,,,,,,,,,,,,,,,,,,,,,,,,,,,,,,,,2026-01-04 12:30:00,,,,,,,,,,,,,,,,,,,,,,,,,,,,,,,2026-01-04,leeds,man united
Everton,Brentford,2026-01-04 15:00:00,2026,1,6,,,,,,,,,,,,,,,,,,,,,,,,,,,,,,,,,,,,,,,,,,,,,,,,,,,,,,,,,,,,,,,,,,,,,,,,,,,,,,,,,,,,,,,,,,,,,,,,,,,,,,,,,,,,,,,,,,,,,,,,,,,,,,,,,,,,,,,,,,,1.5073068893528183,1.3411764705882352,1.6,1.8,6.0,1.4,1.6,6.0,,,,,,,,,,,,,,,,,,,,,,,,,,,,,,,,,,,,,,,,,,,,,,,,,,,,,,,,,,,,,,,,,,,,,,,,,,,,,,,,,,,,,,,,,,,,,2026-01-04 15:00:00,,,,,,,,,,,,,,,,,,,,,,,,,,,,,,,2026-01-04,everton,brentford
Newcastle,Crystal Palace,2026-01-04 15:00:00,2026,1,6,,,,,,,,,,,,,,,,,,,,,,,,,,,,,,,,,,,,,,,,,,,,,,,,,,,,,,,,,,,,,,,,,,,,,,,,,,,,,,,,,,,,,,,,,,,,,,,,,,,,,,,,,,,,,,,,,,,,,,,,,,,,,,,,,,,,,,,,,,,1.5636363636363635,1.141732283464567,2.0,1.2,11.0,1.2,1.4,9.0,,,,,,,,,,,,,,,,,,,,,,,,,,,,,,,,,,,,,,,,,,,,,,,,,,,,,,,,,,,,,,,,,,,,,,,,,,,,,,,,,,,,,,,,,,,,,2026-01-04 15:00:00,,,,,,,,,,,,,,,,,,,,,,,,,,,,,,,2026-01-04,newcastle,crystal palace
Tottenham,Sunderland,2026-01-04 15:00:00,2026,1,6,,,,,,,,,,,,,,,,,,,,,,,,,,,,,,,,,,,,,,,,,,,,,,,,,,,,,,,,,,,,,,,,,,,,,,,,,,,,,,,,,,,,,,,,,,,,,,,,,,,,,,,,,,,,,,,,,,,,,,,,,,,,,,,,,,,,,,,,,,,1.81419624217119,0.8576642335766423,1.4,1.4,5.0,0.4,1.2,3.0,,,,,,,,,,,,,,,,,,,,,,,,,,,,,,,,,,,,,,,,,,,,,,,,,,,,,,,,,,,,,,,,,,,,,,,,,,,,,,,,,,,,,,,,,,,,,2026-01-04 15:00:00,,,,,,,,,,,,,,,,,,,,,,,,,,,,,,,2026-01-04,tottenham,sunderland
Fulham,Liverpool,2026-01-04 15:15:00,2026,1,6,,,,,,,,,,,,,,,,,,,,,,,,,,,,,,,,,,,,,,,,,,,,,,,,,,,,,,,,,,,,,,,,,,,,,,,,,,,,,,,,,,,,,,,,,,,,,,,,,,,,,,,,,,,,,,,,,,,,,,,,,,,,,,,,,,,,,,,,,,,1.3641618497109826,1.6520833333333331,1.8,1.8,7.0,1.8,1.8,8.0,,,,,,,,,,,,,,,,,,,,,,,,,,,,,,,,,,,,,,,,,,,,,,,,,,,,,,,,,,,,,,,,,,,,,,,,,,,,,,,,,,,,,,,,,,,,,2026-01-04 15:15:00,,,,,,,,,,,,,,,,,,,,,,,,,,,,,,,2026-01-04,fulham,liverpool
Man City,Chelsea,2026-01-04 17:30:00,2026,1,6,,,,,,,,,,,,,,,,,,,,,,,,,,,,,,,,,,,,,,,,,,,,,,,,,,,,,,,,,,,,,,,,,,,,,,,,,,,,,,,,,,,,,,,,,,,,,,,,,,,,,,,,,,,,,,,,,,,,,,,,,,,,,,,,,,,,,,,,,,,2.1921397379912664,1.578616352201258,2.6,0.6,13.0,1.2,1.2,6.0,,,,,,,,,,,,,,,,,,,,,,,,,,,,,,,,,,,,,,,,,,,,,,,,,,,,,,,,,,,,,,,,,,,,,,,,,,,,,,,,,,,,,,,,,,,,,2026-01-04 17:30:00,,,,,,,,,,,,,,,,,,,,,,,,,,,,,,,2026-01-04,man city,chelsea
West Ham,Nott'm Forest,2026-01-06 20:00:00,2026,1,1,,,,,,,,,,,,,,,,,,,,,,,,,,,,,,,,,,,,,,,,,,,,,,,,,,,,,,,,,,,,,,,,,,,,,,,,,,,,,,,,,,,,,,,,,,,,,,,,,,,,,,,,,,,,,,,,,,,,,,,,,,,,,,,,,,,,,,,,,,,1.430913348946136,1.1044776119402986,1.0,2.0,1.0,0.8,1.6,6.0,,,,,,,,,,,,,,,,,,,,,,,,,,,,,,,,,,,,,,,,,,,,,,,,,,,,,,,,,,,,,,,,,,,,,,,,,,,,,,,,,,,,,,,,,,,,,2026-01-06 20:00:00,,,,,,,,,,,,,,,,,,,,,,,,,,,,,,,2026-01-06,west ham,nott'm forest
Bournemouth,Tottenham,2026-01-07 19:30:00,2026,1,2,,,,,,,,,,,,,,,,,,,,,,,,,,,,,,,,,,,,,,,,,,,,,,,,,,,,,,,,,,,,,,,,,,,,,,,,,,,,,,,,,,,,,,,,,,,,,,,,,,,,,,,,,,,,,,,,,,,,,,,,,,,,,,,,,,,,,,,,,,,1.3703703703703705,1.4104166666666669,1.2,1.4,5.0,1.0,1.6,5.0,,,,,,,,,,,,,,,,,,,,,,,,,,,,,,,,,,,,,,,,,,,,,,,,,,,,,,,,,,,,,,,,,,,,,,,,,,,,,,,,,,,,,,,,,,,,,2026-01-07 19:30:00,,,,,,,,,,,,,,,,,,,,,,,,,,,,,,,2026-01-07,bournemouth,tottenham
Brentford,Sunderland,2026-01-07 19:30:00,2026,1,2,,,,,,,,,,,,,,,,,,,,,,,,,,,,,,,,,,,,,,,,,,,,,,,,,,,,,,,,,,,,,,,,,,,,,,,,,,,,,,,,,,,,,,,,,,,,,,,,,,,,,,,,,,,,,,,,,,,,,,,,,,,,,,,,,,,,,,,,,,,1.7093023255813953,0.8545454545454545,2.2,0.6,11.0,0.4,1.6,3.0,,,,,,,,,,,,,,,,,,,,,,,,,,,,,,,,,,,,,,,,,,,,,,,,,,,,,,,,,,,,,,,,,,,,,,,,,,,,,,,,,,,,,,,,,,,,,2026-01-07 19:30:00,,,,,,,,,,,,,,,,,,,,,,,,,,,,,,,2026-01-07,brentford,sunderland
Crystal Palace,Aston Villa,2026-01-07 19:30:00,2026,1,2,,,,,,,,,,,,,,,,,,,,,,,,,,,,,,,,,,,,,,,,,,,,,,,,,,,,,,,,,,,,,,,,,,,,,,,,,,,,,,,,,,,,,,,,,,,,,,,,,,,,,,,,,,,,,,,,,,,,,,,,,,,,,,,,,,,,,,,,,,,1.1897233201581028,1.151658767772512,0.4,1.4,2.0,2.0,2.0,10.0,,,,,,,,,,,,,,,,,,,,,,,,,,,,,,,,,,,,,,,,,,,,,,,,,,,,,,,,,,,,,,,,,,,,,,,,,,,,,,,,,,,,,,,,,,,,,2026-01-07 19:30:00,,,,,,,,,,,,,,,,,,,,,,,,,,,,,,,2026-01-07,crystal palace,aston villa
Everton,Wolves,2026-01-07 19:30:00,2026,1,2,,,,,,,,,,,,,,,,,,,,,,,,,,,,,,,,,,,,,,,,,,,,,,,,,,,,,,,,,,,,,,,,,,,,,,,,,,,,,,,,,,,,,,,,,,,,,,,,,,,,,,,,,,,,,,,,,,,,,,,,,,,,,,,,,,,,,,,,,,,1.50625,0.967741935483871,1.4,2.0,4.0,0.8,1.4,2.0,,,,,,,,,,,,,,,,,,,,,,,,,,,,,,,,,,,,,,,,,,,,,,,,,,,,,,,,,,,,,,,,,,,,,,,,,,,,,,,,,,,,,,,,,,,,,2026-01-07 19:30:00,,,,,,,,,,,,,,,,,,,,,,,,,,,,,,,2026-01-07,everton,wolves
Fulham,Chelsea,2026-01-07 19:30:00,2026,1,2,,,,,,,,,,,,,,,,,,,,,,,,,,,,,,,,,,,,,,,,,,,,,,,,,,,,,,,,,,,,,,,,,,,,,,,,,,,,,,,,,,,,,,,,,,,,,,,,,,,,,,,,,,,,,,,,,,,,,,,,,,,,,,,,,,,,,,,,,,,1.3659942363112392,1.5774058577405858,2.0,2.0,7.0,1.0,1.6,3.0,,,,,,,,,,,,,,,,,,,,,,,,,,,,,,,,,,,,,,,,,,,,,,,,,,,,,,,,,,,,,,,,,,,,,,,,,,,,,,,,,,,,,,,,,,,,,2026-01-07 19:30:00,,,,,,,,,,,,,,,,,,,,,,,,,,,,,,,2026-01-07,fulham,chelsea
Man City,Brighton,2026-01-07 19:30:00,2026,1,2,,,,,,,,,,,,,,,,,,,,,,,,,,,,,,,,,,,,,,,,,,,,,,,,,,,,,,,,,,,,,,,,,,,,,,,,,,,,,,,,,,,,,,,,,,,,,,,,,,,,,,,,,,,,,,,,,,,,,,,,,,,,,,,,,,,,,,,,,,,2.189542483660131,1.2037037037037035,2.2,0.8,11.0,1.2,1.4,5.0,,,,,,,,,,,,,,,,,,,,,,,,,,,,,,,,,,,,,,,,,,,,,,,,,,,,,,,,,,,,,,,,,,,,,,,,,,,,,,,,,,,,,,,,,,,,,2026-01-07 19:30:00,,,,,,,,,,,,,,,,,,,,,,,,,,,,,,,2026-01-07,man city,brighton
Burnley,Man United,2026-01-07 20:15:00,2026,1,2,,,,,,,,,,,,,,,,,,,,,,,,,,,,,,,,,,,,,,,,,,,,,,,,,,,,,,,,,,,,,,,,,,,,,,,,,,,,,,,,,,,,,,,,,,,,,,,,,,,,,,,,,,,,,,,,,,,,,,,,,,,,,,,,,,,,,,,,,,,1.0441988950276244,1.594142259414226,1.0,1.8,2.0,2.0,1.4,8.0,,,,,,,,,,,,,,,,,,,,,,,,,,,,,,,,,,,,,,,,,,,,,,,,,,,,,,,,,,,,,,,,,,,,,,,,,,,,,,,,,,,,,,,,,,,,,2026-01-07 20:15:00,,,,,,,,,,,,,,,,,,,,,,,,,,,,,,,2026-01-07,burnley,man united
Newcastle,Leeds,2026-01-07 20:15:00,2026,1,2,,,,,,,,,,,,,,,,,,,,,,,,,,,,,,,,,,,,,,,,,,,,,,,,,,,,,,,,,,,,,,,,,,,,,,,,,,,,,,,,,,,,,,,,,,,,,,,,,,,,,,,,,,,,,,,,,,,,,,,,,,,,,,,,,,,,,,,,,,,1.5691609977324263,1.3021582733812949,2.4,1.6,11.0,1.4,1.8,3.0,,,,,,,,,,,,,,,,,,,,,,,,,,,,,,,,,,,,,,,,,,,,,,,,,,,,,,,,,,,,,,,,,,,,,,,,,,,,,,,,,,,,,,,,,,,,,2026-01-07 20:15:00,,,,,,,,,,,,,,,,,,,,,,,,,,,,,,,2026-01-07,newcastle,leeds
Arsenal,Liverpool,2026-01-08 20:00:00,2026,1,3,,,,,,,,,,,,,,,,,,,,,,,,,,,,,,,,,,,,,,,,,,,,,,,,,,,,,,,,,,,,,,,,,,,,,,,,,,,,,,,,,,,,,,,,,,,,,,,,,,,,,,,,,,,,,,,,,,,,,,,,,,,,,,,,,,,,,,,,,,,2.142557651991614,1.648648648648649,2.0,0.6,13.0,1.8,1.2,9.0,,,,,,,,,,,,,,,,,,,,,,,,,,,,,,,,,,,,,,,,,,,,,,,,,,,,,,,,,,,,,,,,,,,,,,,,,,,,,,,,,,,,,,,,,,,,,2026-01-08 20:00:00,,,,,,,,,,,,,,,,,,,,,,,,,,,,,,,2026-01-08,arsenal,liverpool
Man United,Man City,2026-01-17 12:30:00,2026,1,5,,,,,,,,,,,,,,,,,,,,,,,,,,,,,,,,,,,,,,,,,,,,,,,,,,,,,,,,,,,,,,,,,,,,,,,,,,,,,,,,,,,,,,,,,,,,,,,,,,,,,,,,,,,,,,,,,,,,,,,,,,,,,,,,,,,,,,,,,,,2.031380753138075,1.632608695652174,1.8,1.2,9.0,2.0,1.4,10.0,,,,,,,,,,,,,,,,,,,,,,,,,,,,,,,,,,,,,,,,,,,,,,,,,,,,,,,,,,,,,,,,,,,,,,,,,,,,,,,,,,,,,,,,,,,,,2026-01-17 12:30:00,,,,,,,,,,,,,,,,,,,,,,,,,,,,,,,2026-01-17,man united,man city
Chelsea,Brentford,2026-01-17 15:00:00,2026,1,5,,,,,,,,,,,,,,,,,,,,,,,,,,,,,,,,,,,,,,,,,,,,,,,,,,,,,,,,,,,,,,,,,,,,,,,,,,,,,,,,,,,,,,,,,,,,,,,,,,,,,,,,,,,,,,,,,,,,,,,,,,,,,,,,,,,,,,,,,,,2.037578288100209,1.3255813953488371,1.6,1.0,8.0,1.2,1.6,6.0,,,,,,,,,,,,,,,,,,,,,,,,,,,,,,,,,,,,,,,,,,,,,,,,,,,,,,,,,,,,,,,,,,,,,,,,,,,,,,,,,,,,,,,,,,,,,2026-01-17 15:00:00,,,,,,,,,,,,,,,,,,,,,,,,,,,,,,,2026-01-17,chelsea,brentford
Leeds,Fulham,2026-01-17 15:00:00,2026,1,5,,,,,,,,,,,,,,,,,,,,,,,,,,,,,,,,,,,,,,,,,,,,,,,,,,,,,,,,,,,,,,,,,,,,,,,,,,,,,,,,,,,,,,,,,,,,,,,,,,,,,,,,,,,,,,,,,,,,,,,,,,,,,,,,,,,,,,,,,,,1.4397163120567376,0.9421965317919077,2.4,1.2,11.0,1.4,1.0,10.0,,,,,,,,,,,,,,,,,,,,,,,,,,,,,,,,,,,,,,,,,,,,,,,,,,,,,,,,,,,,,,,,,,,,,,,,,,,,,,,,,,,,,,,,,,,,,2026-01-17 15:00:00,,,,,,,,,,,,,,,,,,,,,,,,,,,,,,,2026-01-17,leeds,fulham
Liverpool,Burnley,2026-01-17 15:00:00,2026,1,5,,,,,,,,,,,,,,,,,,,,,,,,,,,,,,,,,,,,,,,,,,,,,,,,,,,,,,,,,,,,,,,,,,,,,,,,,,,,,,,,,,,,,,,,,,,,,,,,,,,,,,,,,,,,,,,,,,,,,,,,,,,,,,,,,,,,,,,,,,,2.069037656903766,0.9613259668508288,1.2,0.6,9.0,0.8,1.8,2.0,,,,,,,,,,,,,,,,,,,,,,,,,,,,,,,,,,,,,,,,,,,,,,,,,,,,,,,,,,,,,,,,,,,,,,,,,,,,,,,,,,,,,,,,,,,,,2026-01-17 15:00:00,,,,,,,,,,,,,,,,,,,,,,,,,,,,,,,2026-01-17,liverpool,burnley
Sunderland,Crystal Palace,2026-01-17 15:00:00,2026,1,5,,,,,,,,,,,,,,,,,,,,,,,,,,,,,,,,,,,,,,,,,,,,,,,,,,,,,,,,,,,,,,,,,,,,,,,,,,,,,,,,,,,,,,,,,,,,,,,,,,,,,,,,,,,,,,,,,,,,,,,,,,,,,,,,,,,,,,,,,,,1.105072463768116,1.1411764705882352,1.4,0.8,11.0,1.0,1.8,6.0,,,,,,,,,,,,,,,,,,,,,,,,,,,,,,,,,,,,,,,,,,,,,,,,,,,,,,,,,,,,,,,,,,,,,,,,,,,,,,,,,,,,,,,,,,,,,2026-01-17 15:00:00,,,,,,,,,,,,,,,,,,,,,,,,,,,,,,,2026-01-17,sunderland,crystal palace
Tottenham,West Ham,2026-01-17 15:00:00,2026,1,5,,,,,,,,,,,,,,,,,,,,,,,,,,,,,,,,,,,,,,,,,,,,,,,,,,,,,,,,,,,,,,,,,,,,,,,,,,,,,,,,,,,,,,,,,,,,,,,,,,,,,,,,,,,,,,,,,,,,,,,,,,,,,,,,,,,,,,,,,,,1.8125,1.0892018779342725,1.2,1.4,4.0,0.8,1.8,5.0,,,,,,,,,,,,,,,,,,,,,,,,,,,,,,,,,,,,,,,,,,,,,,,,,,,,,,,,,,,,,,,,,,,,,,,,,,,,,,,,,,,,,,,,,,,,,2026-01-17 15:00:00,,,,,,,,,,,,,,,,,,,,,,,,,,,,,,,2026-01-17,tottenham,west ham
Nott'm Forest,Arsenal,2026-01-17 17:30:00,2026,1,5,,,,,,,,,,,,,,,,,,,,,,,,,,,,,,,,,,,,,,,,,,,,,,,,,,,,,,,,,,,,,,,,,,,,,,,,,,,,,,,,,,,,,,,,,,,,,,,,,,,,,,,,,,,,,,,,,,,,,,,,,,,,,,,,,,,,,,,,,,,1.3582089552238803,1.6479166666666667,0.8,1.2,4.0,1.2,1.0,8.0,,,,,,,,,,,,,,,,,,,,,,,,,,,,,,,,,,,,,,,,,,,,,,,,,,,,,,,,,,,,,,,,,,,,,,,,,,,,,,,,,,,,,,,,,,,,,2026-01-17 17:30:00,,,,,,,,,,,,,,,,,,,,,,,,,,,,,,,2026-01-17,nott'm forest,arsenal
Wolves,Newcastle,2026-01-18 14:00:00,2026,1,6,,,,,,,,,,,,,,,,,,,,,,,,,,,,,,,,,,,,,,,,,,,,,,,,,,,,,,,,,,,,,,,,,,,,,,,,,,,,,,,,,,,,,,,,,,,,,,,,,,,,,,,,,,,,,,,,,,,,,,,,,,,,,,,,,,,,,,,,,,,1.2083333333333333,1.108843537414966,0.8,1.4,4.0,1.4,0.8,7.0,,,,,,,,,,,,,,,,,,,,,,,,,,,,,,,,,,,,,,,,,,,,,,,,,,,,,,,,,,,,,,,,,,,,,,,,,,,,,,,,,,,,,,,,,,,,,2026-01-18 14:00:00,,,,,,,,,,,,,,,,,,,,,,,,,,,,,,,2026-01-18,wolves,newcastle
Aston Villa,Everton,2026-01-18 16:30:00,2026,1,6,,,,,,,,,,,,,,,,,,,,,,,,,,,,,,,,,,,,,,,,,,,,,,,,,,,,,,,,,,,,,,,,,,,,,,,,,,,,,,,,,,,,,,,,,,,,,,,,,,,,,,,,,,,,,,,,,,,,,,,,,,,,,,,,,,,,,,,,,,,1.3767772511848342,1.0481171548117154,1.6,0.8,12.0,0.8,0.4,10.0,,,,,,,,,,,,,,,,,,,,,,,,,,,,,,,,,,,,,,,,,,,,,,,,,,,,,,,,,,,,,,,,,,,,,,,,,,,,,,,,,,,,,,,,,,,,,2026-01-18 16:30:00,,,,,,,,,,,,,,,,,,,,,,,,,,,,,,,2026-01-18,aston villa,everton
Brighton,Bournemouth,2026-01-19 20:00:00,2026,1,0,,,,,,,,,,,,,,,,,,,,,,,,,,,,,,,,,,,,,,,,,,,,,,,,,,,,,,,,,,,,,,,,,,,,,,,,,,,,,,,,,,,,,,,,,,,,,,,,,,,,,,,,,,,,,,,,,,,,,,,,,,,,,,,,,,,,,,,,,,,1.3416149068322982,1.2530864197530864,1.4,1.2,6.0,2.0,2.8,3.0,,,,,,,,,,,,,,,,,,,,,,,,,,,,,,,,,,,,,,,,,,,,,,,,,,,,,,,,,,,,,,,,,,,,,,,,,,,,,,,,,,,,,,,,,,,,,2026-01-19 20:00:00,,,,,,,,,,,,,,,,,,,,,,,,,,,,,,,2026-01-19,brighton,bournemouth
West Ham,Sunderland,2026-01-24 12:30:00,2026,1,5,,,,,,,,,,,,,,,,,,,,,,,,,,,,,,,,,,,,,,,,,,,,,,,,,,,,,,,,,,,,,,,,,,,,,,,,,,,,,,,,,,,,,,,,,,,,,,,,,,,,,,,,,,,,,,,,,,,,,,,,,,,,,,,,,,,,,,,,,,,1.4345794392523366,0.855072463768116,1.6,1.8,4.0,0.4,2.0,2.0,,,,,,,,,,,,,,,,,,,,,,,,,,,,,,,,,,,,,,,,,,,,,,,,,,,,,,,,,,,,,,,,,,,,,,,,,,,,,,,,,,,,,,,,,,,,,2026-01-24 12:30:00,,,,,,,,,,,,,,,,,,,,,,,,,,,,,,,2026-01-24,west ham,sunderland
Burnley,Tottenham,2026-01-24 15:00:00,2026,1,5,,,,,,,,,,,,,,,,,,,,,,,,,,,,,,,,,,,,,,,,,,,,,,,,,,,,,,,,,,,,,,,,,,,,,,,,,,,,,,,,,,,,,,,,,,,,,,,,,,,,,,,,,,,,,,,,,,,,,,,,,,,,,,,,,,,,,,,,,,,1.0494505494505495,1.4116424116424116,1.4,2.0,3.0,1.0,1.6,5.0,,,,,,,,,,,,,,,,,,,,,,,,,,,,,,,,,,,,,,,,,,,,,,,,,,,,,,,,,,,,,,,,,,,,,,,,,,,,,,,,,,,,,,,,,,,,,2026-01-24 15:00:00,,,,,,,,,,,,,,,,,,,,,,,,,,,,,,,2026-01-24,burnley,tottenham
Fulham,Brighton,2026-01-24 15:00:00,2026,1,5,,,,,,,,,,,,,,,,,,,,,,,,,,,,,,,,,,,,,,,,,,,,,,,,,,,,,,,,,,,,,,,,,,,,,,,,,,,,,,,,,,,,,,,,,,,,,,,,,,,,,,,,,,,,,,,,,,,,,,,,,,,,,,,,,,,,,,,,,,,1.367816091954023,1.2024539877300613,1.6,1.2,10.0,1.0,1.8,2.0,,,,,,,,,,,,,,,,,,,,,,,,,,,,,,,,,,,,,,,,,,,,,,,,,,,,,,,,,,,,,,,,,,,,,,,,,,,,,,,,,,,,,,,,,,,,,2026-01-24 15:00:00,,,,,,,,,,,,,,,,,,,,,,,,,,,,,,,2026-01-24,fulham,brighton
Man City,Wolves,2026-01-24 15:00:00,2026,1,5,,,,,,,,,,,,,,,,,,,,,,,,,,,,,,,,,,,,,,,,,,,,,,,,,,,,,,,,,,,,,,,,,,,,,,,,,,,,,,,,,,,,,,,,,,,,,,,,,,,,,,,,,,,,,,,,,,,,,,,,,,,,,,,,,,,,,,,,,,,2.1891304347826086,0.963302752293578,2.0,0.4,11.0,0.8,1.6,2.0,,,,,,,,,,,,,,,,,,,,,,,,,,,,,,,,,,,,,,,,,,,,,,,,,,,,,,,,,,,,,,,,,,,,,,,,,,,,,,,,,,,,,,,,,,,,,2026-01-24 15:00:00,,,,,,,,,,,,,,,,,,,,,,,,,,,,,,,2026-01-24,man city,wolves
Bournemouth,Liverpool,2026-01-24 17:30:00,2026,1,5,,,,,,,,,,,,,,,,,,,,,,,,,,,,,,,,,,,,,,,,,,,,,,,,,,,,,,,,,,,,,,,,,,,,,,,,,,,,,,,,,,,,,,,,,,,,,,,,,,,,,,,,,,,,,,,,,,,,,,,,,,,,,,,,,,,,,,,,,,,1.3803680981595092,1.6493775933609958,1.8,1.6,8.0,1.8,1.8,6.0,,,,,,,,,,,,,,,,,,,,,,,,,,,,,,,,,,,,,,,,,,,,,,,,,,,,,,,,,,,,,,,,,,,,,,,,,,,,,,,,,,,,,,,,,,,,,2026-01-24 17:30:00,,,,,,,,,,,,,,,,,,,,,,,,,,,,,,,2026-01-24,bournemouth,liverpool
Brentford,Nott'm Forest,2026-01-25 14:00:00,2026,1,6,,,,,,,,,,,,,,,,,,,,,,,,,,,,,,,,,,,,,,,,,,,,,,,,,,,,,,,,,,,,,,,,,,,,,,,,,,,,,,,,,,,,,,,,,,,,,,,,,,,,,,,,,,,,,,,,,,,,,,,,,,,,,,,,,,,,,,,,,,,1.6896551724137931,1.1176470588235294,1.6,0.8,8.0,1.0,1.6,6.0,,,,,,,,,,,,,,,,,,,,,,,,,,,,,,,,,,,,,,,,,,,,,,,,,,,,,,,,,,,,,,,,,,,,,,,,,,,,,,,,,,,,,,,,,,,,,2026-01-25 14:00:00,,,,,,,,,,,,,,,,,,,,,,,,,,,,,,,2026-01-25,brentford,nott'm forest
Crystal Palace,Chelsea,2026-01-25 14:00:00,2026,1,6,,,,,,,,,,,,,,,,,,,,,,,,,,,,,,,,,,,,,,,,,,,,,,,,,,,,,,,,,,,,,,,,,,,,,,,,,,,,,,,,,,,,,,,,,,,,,,,,,,,,,,,,,,,,,,,,,,,,,,,,,,,,,,,,,,,,,,,,,,,1.188976377952756,1.580375782881002,0.4,1.6,2.0,1.4,1.2,6.0,,,,,,,,,,,,,,,,,,,,,,,,,,,,,,,,,,,,,,,,,,,,,,,,,,,,,,,,,,,,,,,,,,,,,,,,,,,,,,,,,,,,,,,,,,,,,2026-01-25 14:00:00,,,,,,,,,,,,,,,,,,,,,,,,,,,,,,,2026-01-25,crystal palace,chelsea
Newcastle,Aston Villa,2026-01-25 14:00:00,2026,1,6,,,,,,,,,,,,,,,,,,,,,,,,,,,,,,,,,,,,,,,,,,,,,,,,,,,,,,,,,,,,,,,,,,,,,,,,,,,,,,,,,,,,,,,,,,,,,,,,,,,,,,,,,,,,,,,,,,,,,,,,,,,,,,,,,,,,,,,,,,,1.5656108597285068,1.153664302600473,2.0,1.6,10.0,1.6,1.4,10.0,,,,,,,,,,,,,,,,,,,,,,,,,,,,,,,,,,,,,,,,,,,,,,,,,,,,,,,,,,,,,,,,,,,,,,,,,,,,,,,,,,,,,,,,,,,,,2026-01-25 14:00:00,,,,,,,,,,,,,,,,,,,,,,,,,,,,,,,2026-01-25,newcastle,aston villa
Arsenal,Man United,2026-01-25 16:30:00,2026,1,6,,,,,,,,,,,,,,,,,,,,,,,,,,,,,,,,,,,,,,,,,,,,,,,,,,,,,,,,,,,,,,,,,,,,,,,,,,,,,,,,,,,,,,,,,,,,,,,,,,,,,,,,,,,,,,,,,,,,,,,,,,,,,,,,,,,,,,,,,,,2.1422594142259412,1.5970772442588723,2.0,1.2,10.0,2.2,1.6,8.0,,,,,,,,,,,,,,,,,,,,,,,,,,,,,,,,,,,,,,,,,,,,,,,,,,,,,,,,,,,,,,,,,,,,,,,,,,,,,,,,,,,,,,,,,,,,,2026-01-25 16:30:00,,,,,,,,,,,,,,,,,,,,,,,,,,,,,,,2026-01-25,arsenal,man united
Everton,Leeds,2026-01-26 20:00:00,2026,1,0,,,,,,,,,,,,,,,,,,,,,,,,,,,,,,,,,,,,,,,,,,,,,,,,,,,,,,,,,,,,,,,,,,,,,,,,,,,,,,,,,,,,,,,,,,,,,,,,,,,,,,,,,,,,,,,,,,,,,,,,,,,,,,,,,,,,,,,,,,,1.5051975051975053,1.3,1.4,1.4,5.0,1.2,1.4,4.0,,,,,,,,,,,,,,,,,,,,,,,,,,,,,,,,,,,,,,,,,,,,,,,,,,,,,,,,,,,,,,,,,,,,,,,,,,,,,,,,,,,,,,,,,,,,,2026-01-26 20:00:00,,,,,,,,,,,,,,,,,,,,,,,,,,,,,,,2026-01-26,everton,leeds
Brighton,Everton,2026-01-31 15:00:00,2026,1,5,,,,,,,,,,,,,,,,,,,,,,,,,,,,,,,,,,,,,,,,,,,,,,,,,,,,,,,,,,,,,,,,,,,,,,,,,,,,,,,,,,,,,,,,,,,,,,,,,,,,,,,,,,,,,,,,,,,,,,,,,,,,,,,,,,,,,,,,,,,1.339506172839506,1.048016701461378,1.0,0.6,7.0,0.8,0.6,8.0,,,,,,,,,,,,,,,,,,,,,,,,,,,,,,,,,,,,,,,,,,,,,,,,,,,,,,,,,,,,,,,,,,,,,,,,,,,,,,,,,,,,,,,,,,,,,2026-01-31 15:00:00,,,,,,,,,,,,,,,,,,,,,,,,,,,,,,,2026-01-31,brighton,everton
Leeds,Arsenal,2026-01-31 15:00:00,2026,1,5,,,,,,,,,,,,,,,,,,,,,,,,,,,,,,,,,,,,,,,,,,,,,,,,,,,,,,,,,,,,,,,,,,,,,,,,,,,,,,,,,,,,,,,,,,,,,,,,,,,,,,,,,,,,,,,,,,,,,,,,,,,,,,,,,,,,,,,,,,,1.4295774647887325,1.6528066528066527,1.8,1.8,8.0,1.8,0.8,10.0,,,,,,,,,,,,,,,,,,,,,,,,,,,,,,,,,,,,,,,,,,,,,,,,,,,,,,,,,,,,,,,,,,,,,,,,,,,,,,,,,,,,,,,,,,,,,2026-01-31 15:00:00,,,,,,,,,,,,,,,,,,,,,,,,,,,,,,,2026-01-31,leeds,arsenal
Wolves,Bournemouth,2026-01-31 15:00:00,2026,1,5,,,,,,,,,,,,,,,,,,,,,,,,,,,,,,,,,,,,,,,,,,,,,,,,,,,,,,,,,,,,,,,,,,,,,,,,,,,,,,,,,,,,,,,,,,,,,,,,,,,,,,,,,,,,,,,,,,,,,,,,,,,,,,,,,,,,,,,,,,,1.2027649769585254,1.2576687116564418,0.8,1.6,4.0,2.0,2.2,6.0,,,,,,,,,,,,,,,,,,,,,,,,,,,,,,,,,,,,,,,,,,,,,,,,,,,,,,,,,,,,,,,,,,,,,,,,,,,,,,,,,,,,,,,,,,,,,2026-01-31 15:00:00,,,,,,,,,,,,,,,,,,,,,,,,,,,,,,,2026-01-31,wolves,bournemouth
Chelsea,West Ham,2026-01-31 17:30:00,2026,1,5,,,,,,,,,,,,,,,,,,,,,,,,,,,,,,,,,,,,,,,,,,,,,,,,,,,,,,,,,,,,,,,,,,,,,,,,,,,,,,,,,,,,,,,,,,,,,,,,,,,,,,,,,,,,,,,,,,,,,,,,,,,,,,,,,,,,,,,,,,,2.0395833333333333,1.0913348946135832,2.0,1.2,10.0,1.0,2.2,4.0,,,,,,,,,,,,,,,,,,,,,,,,,,,,,,,,,,,,,,,,,,,,,,,,,,,,,,,,,,,,,,,,,,,,,,,,,,,,,,,,,,,,,,,,,,,,,2026-01-31 17:30:00,,,,,,,,,,,,,,,,,,,,,,,,,,,,,,,2026-01-31,chelsea,west ham
Liverpool,Newcastle,2026-01-31 20:00:00,2026,1,5,,,,,,,,,,,,,,,,,,,,,,,,,,,,,,,,,,,,,,,,,,,,,,,,,,,,,,,,,,,,,,,,,,,,,,,,,,,,,,,,,,,,,,,,,,,,,,,,,,,,,,,,,,,,,,,,,,,,,,,,,,,,,,,,,,,,,,,,,,,2.0730688935281836,1.1085972850678734,1.8,0.6,11.0,0.8,1.4,4.0,,,,,,,,,,,,,,,,,,,,,,,,,,,,,,,,,,,,,,,,,,,,,,,,,,,,,,,,,,,,,,,,,,,,,,,,,,,,,,,,,,,,,,,,,,,,,2026-01-31 20:00:00,,,,,,,,,,,,,,,,,,,,,,,,,,,,,,,2026-01-31,liverpool,newcastle
Aston Villa,Brentford,2026-02-01 14:00:00,2026,2,6,,,,,,,,,,,,,,,,,,,,,,,,,,,,,,,,,,,,,,,,,,,,,,,,,,,,,,,,,,,,,,,,,,,,,,,,,,,,,,,,,,,,,,,,,,,,,,,,,,,,,,,,,,,,,,,,,,,,,,,,,,,,,,,,,,,,,,,,,,,1.3735224586288417,1.3218390804597702,1.4,1.0,9.0,1.4,1.2,9.0,,,,,,,,,,,,,,,,,,,,,,,,,,,,,,,,,,,,,,,,,,,,,,,,,,,,,,,,,,,,,,,,,,,,,,,,,,,,,,,,,,,,,,,,,,,,,2026-02-01 14:00:00,,,,,,,,,,,,,,,,,,,,,,,,,,,,,,,2026-02-01,aston villa,brentford
Man United,Fulham,2026-02-01 14:00:00,2026,2,6,,,,,,,,,,,,,,,,,,,,,,,,,,,,,,,,,,,,,,,,,,,,,,,,,,,,,,,,,,,,,,,,,,,,,,,,,,,,,,,,,,,,,,,,,,,,,,,,,,,,,,,,,,,,,,,,,,,,,,,,,,,,,,,,,,,,,,,,,,,2.0334029227557413,0.9452449567723344,2.2,1.4,11.0,1.4,1.4,7.0,,,,,,,,,,,,,,,,,,,,,,,,,,,,,,,,,,,,,,,,,,,,,,,,,,,,,,,,,,,,,,,,,,,,,,,,,,,,,,,,,,,,,,,,,,,,,2026-02-01 14:00:00,,,,,,,,,,,,,,,,,,,,,,,,,,,,,,,2026-02-01,man united,fulham
Nott'm Forest,Crystal Palace,2026-02-01 14:00:00,2026,2,6,,,,,,,,,,,,,,,,,,,,,,,,,,,,,,,,,,,,,,,,,,,,,,,,,,,,,,,,,,,,,,,,,,,,,,,,,,,,,,,,,,,,,,,,,,,,,,,,,,,,,,,,,,,,,,,,,,,,,,,,,,,,,,,,,,,,,,,,,,,1.3529411764705883,1.140625,1.0,1.0,5.0,1.0,2.0,4.0,,,,,,,,,,,,,,,,,,,,,,,,,,,,,,,,,,,,,,,,,,,,,,,,,,,,,,,,,,,,,,,,,,,,,,,,,,,,,,,,,,,,,,,,,,,,,2026-02-01 14:00:00,,,,,,,,,,,,,,,,,,,,,,,,,,,,,,,2026-02-01,nott'm forest,crystal palace
Tottenham,Man City,2026-02-01 16:30:00,2026,2,6,,,,,,,,,,,,,,,,,,,,,,,,,,,,,,,,,,,,,,,,,,,,,,,,,,,,,,,,,,,,,,,,,,,,,,,,,,,,,,,,,,,,,,,,,,,,,,,,,,,,,,,,,,,,,,,,,,,,,,,,,,,,,,,,,,,,,,,,,,,1.812889812889813,1.6334056399132322,1.4,1.4,5.0,1.4,1.0,8.0,,,,,,,,,,,,,,,,,,,,,,,,,,,,,,,,,,,,,,,,,,,,,,,,,,,,,,,,,,,,,,,,,,,,,,,,,,,,,,,,,,,,,,,,,,,,,2026-02-01 16:30:00,,,,,,,,,,,,,,,,,,,,,,,,,,,,,,,2026-02-01,tottenham,man city
Sunderland,Burnley,2026-02-02 20:00:00,2026,2,0,,,,,,,,,,,,,,,,,,,,,,,,,,,,,,,,,,,,,,,,,,,,,,,,,,,,,,,,,,,,,,,,,,,,,,,,,,,,,,,,,,,,,,,,,,,,,,,,,,,,,,,,,,,,,,,,,,,,,,,,,,,,,,,,,,,,,,,,,,,1.111913357400722,0.956043956043956,1.4,0.4,11.0,0.6,1.8,2.0,,,,,,,,,,,,,,,,,,,,,,,,,,,,,,,,,,,,,,,,,,,,,,,,,,,,,,,,,,,,,,,,,,,,,,,,,,,,,,,,,,,,,,,,,,,,,2026-02-02 20:00:00,,,,,,,,,,,,,,,,,,,,,,,,,,,,,,,2026-02-02,sunderland,burnley
Leeds,Nott'm Forest,2026-02-06 20:00:00,2026,2,4,,,,,,,,,,,,,,,,,,,,,,,,,,,,,,,,,,,,,,,,,,,,,,,,,,,,,,,,,,,,,,,,,,,,,,,,,,,,,,,,,,,,,,,,,,,,,,,,,,,,,,,,,,,,,,,,,,,,,,,,,,,,,,,,,,,,,,,,,,,1.4405594405594406,1.115942028985507,1.8,1.4,10.0,1.2,1.6,6.0,,,,,,,,,,,,,,,,,,,,,,,,,,,,,,,,,,,,,,,,,,,,,,,,,,,,,,,,,,,,,,,,,,,,,,,,,,,,,,,,,,,,,,,,,,,,,2026-02-06 20:00:00,,,,,,,,,,,,,,,,,,,,,,,,,,,,,,,2026-02-06,leeds,nott'm forest
Man United,Tottenham,2026-02-07 12:30:00,2026,2,5,,,,,,,,,,,,,,,,,,,,,,,,,,,,,,,,,,,,,,,,,,,,,,,,,,,,,,,,,,,,,,,,,,,,,,,,,,,,,,,,,,,,,,,,,,,,,,,,,,,,,,,,,,,,,,,,,,,,,,,,,,,,,,,,,,,,,,,,,,,2.033333333333333,1.4087136929460582,1.8,0.6,13.0,1.0,1.4,5.0,,,,,,,,,,,,,,,,,,,,,,,,,,,,,,,,,,,,,,,,,,,,,,,,,,,,,,,,,,,,,,,,,,,,,,,,,,,,,,,,,,,,,,,,,,,,,2026-02-07 12:30:00,,,,,,,,,,,,,,,,,,,,,,,,,,,,,,,2026-02-07,man united,tottenham
Arsenal,Sunderland,2026-02-07 15:00:00,2026,2,5,,,,,,,,,,,,,,,,,,,,,,,,,,,,,,,,,,,,,,,,,,,,,,,,,,,,,,,,,,,,,,,,,,,,,,,,,,,,,,,,,,,,,,,,,,,,,,,,,,,,,,,,,,,,,,,,,,,,,,,,,,,,,,,,,,,,,,,,,,,2.144050104384134,0.851985559566787,2.2,1.0,10.0,0.4,2.0,2.0,,,,,,,,,,,,,,,,,,,,,,,,,,,,,,,,,,,,,,,,,,,,,,,,,,,,,,,,,,,,,,,,,,,,,,,,,,,,,,,,,,,,,,,,,,,,,2026-02-07 15:00:00,,,,,,,,,,,,,,,,,,,,,,,,,,,,,,,2026-02-07,arsenal,sunderland
Bournemouth,Aston Villa,2026-02-07 15:00:00,2026,2,5,,,,,,,,,,,,,,,,,,,,,,,,,,,,,,,,,,,,,,,,,,,,,,,,,,,,,,,,,,,,,,,,,,,,,,,,,,,,,,,,,,,,,,,,,,,,,,,,,,,,,,,,,,,,,,,,,,,,,,,,,,,,,,,,,,,,,,,,,,,1.3780487804878048,1.153301886792453,2.0,1.8,8.0,1.2,1.2,8.0,,,,,,,,,,,,,,,,,,,,,,,,,,,,,,,,,,,,,,,,,,,,,,,,,,,,,,,,,,,,,,,,,,,,,,,,,,,,,,,,,,,,,,,,,,,,,2026-02-07 15:00:00,,,,,,,,,,,,,,,,,,,,,,,,,,,,,,,2026-02-07,bournemouth,aston villa
Burnley,West Ham,2026-02-07 15:00:00,2026,2,5,,,,,,,,,,,,,,,,,,,,,,,,,,,,,,,,,,,,,,,,,,,,,,,,,,,,,,,,,,,,,,,,,,,,,,,,,,,,,,,,,,,,,,,,,,,,,,,,,,,,,,,,,,,,,,,,,,,,,,,,,,,,,,,,,,,,,,,,,,,1.0437158469945356,1.0934579439252337,1.0,1.8,3.0,1.2,2.0,6.0,,,,,,,,,,,,,,,,,,,,,,,,,,,,,,,,,,,,,,,,,,,,,,,,,,,,,,,,,,,,,,,,,,,,,,,,,,,,,,,,,,,,,,,,,,,,,2026-02-07 15:00:00,,,,,,,,,,,,,,,,,,,,,,,,,,,,,,,2026-02-07,burnley,west ham
Fulham,Everton,2026-02-07 15:00:00,2026,2,5,,,,,,,,,,,,,,,,,,,,,,,,,,,,,,,,,,,,,,,,,,,,,,,,,,,,,,,,,,,,,,,,,,,,,,,,,,,,,,,,,,,,,,,,,,,,,,,,,,,,,,,,,,,,,,,,,,,,,,,,,,,,,,,,,,,,,,,,,,,1.3667621776504295,1.05,1.6,1.2,10.0,1.2,0.4,11.0,,,,,,,,,,,,,,,,,,,,,,,,,,,,,,,,,,,,,,,,,,,,,,,,,,,,,,,,,,,,,,,,,,,,,,,,,,,,,,,,,,,,,,,,,,,,,2026-02-07 15:00:00,,,,,,,,,,,,,,,,,,,,,,,,,,,,,,,2026-02-07,fulham,everton
Wolves,Chelsea,2026-02-07 15:00:00,2026,2,5,,,,,,,,,,,,,,,,,,,,,,,,,,,,,,,,,,,,,,,,,,,,,,,,,,,,,,,,,,,,,,,,,,,,,,,,,,,,,,,,,,,,,,,,,,,,,,,,,,,,,,,,,,,,,,,,,,,,,,,,,,,,,,,,,,,,,,,,,,,1.201834862385321,1.5833333333333333,0.8,1.4,4.0,2.0,1.4,8.0,,,,,,,,,,,,,,,,,,,,,,,,,,,,,,,,,,,,,,,,,,,,,,,,,,,,,,,,,,,,,,,,,,,,,,,,,,,,,,,,,,,,,,,,,,,,,2026-02-07 15:00:00,,,,,,,,,,,,,,,,,,,,,,,,,,,,,,,2026-02-07,wolves,chelsea
Newcastle,Brentford,2026-02-07 17:30:00,2026,2,5,,,,,,,,,,,,,,,,,,,,,,,,,,,,,,,,,,,,,,,,,,,,,,,,,,,,,,,,,,,,,,,,,,,,,,,,,,,,,,,,,,,,,,,,,,,,,,,,,,,,,,,,,,,,,,,,,,,,,,,,,,,,,,,,,,,,,,,,,,,1.5665914221218962,1.3409090909090908,2.0,2.0,7.0,2.0,1.2,12.0,,,,,,,,,,,,,,,,,,,,,,,,,,,,,,,,,,,,,,,,,,,,,,,,,,,,,,,,,,,,,,,,,,,,,,,,,,,,,,,,,,,,,,,,,,,,,2026-02-07 17:30:00,,,,,,,,,,,,,,,,,,,,,,,,,,,,,,,2026-02-07,newcastle,brentford
Brighton,Crystal Palace,2026-02-08 14:00:00,2026,2,6,,,,,,,,,,,,,,,,,,,,,,,,,,,,,,,,,,,,,,,,,,,,,,,,,,,,,,,,,,,,,,,,,,,,,,,,,,,,,,,,,,,,,,,,,,,,,,,,,,,,,,,,,,,,,,,,,,,,,,,,,,,,,,,,,,,,,,,,,,,1.3312883435582823,1.140077821011673,0.8,0.6,6.0,0.8,1.8,4.0,,,,,,,,,,,,,,,,,,,,,,,,,,,,,,,,,,,,,,,,,,,,,,,,,,,,,,,,,,,,,,,,,,,,,,,,,,,,,,,,,,,,,,,,,,,,,2026-02-08 14:00:00,,,,,,,,,,,,,,,,,,,,,,,,,,,,,,,2026-02-08,brighton,crystal palace
Liverpool,Man City,2026-02-08 16:30:00,2026,2,6,,,,,,,,,,,,,,,,,,,,,,,,,,,,,,,,,,,,,,,,,,,,,,,,,,,,,,,,,,,,,,,,,,,,,,,,,,,,,,,,,,,,,,,,,,,,,,,,,,,,,,,,,,,,,,,,,,,,,,,,,,,,,,,,,,,,,,,,,,,2.0708333333333333,1.6341991341991342,1.6,1.0,8.0,1.2,1.2,8.0,,,,,,,,,,,,,,,,,,,,,,,,,,,,,,,,,,,,,,,,,,,,,,,,,,,,,,,,,,,,,,,,,,,,,,,,,,,,,,,,,,,,,,,,,,,,,2026-02-08 16:30:00,,,,,,,,,,,,,,,,,,,,,,,,,,,,,,,2026-02-08,liverpool,man city
Chelsea,Leeds,2026-02-10 19:30:00,2026,2,1,,,,,,,,,,,,,,,,,,,,,,,,,,,,,,,,,,,,,,,,,,,,,,,,,,,,,,,,,,,,,,,,,,,,,,,,,,,,,,,,,,,,,,,,,,,,,,,,,,,,,,,,,,,,,,,,,,,,,,,,,,,,,,,,,,,,,,,,,,,2.0395010395010393,1.3049645390070923,2.0,1.6,8.0,1.4,1.6,4.0,,,,,,,,,,,,,,,,,,,,,,,,,,,,,,,,,,,,,,,,,,,,,,,,,,,,,,,,,,,,,,,,,,,,,,,,,,,,,,,,,,,,,,,,,,,,,2026-02-10 19:30:00,,,,,,,,,,,,,,,,,,,,,,,,,,,,,,,2026-02-10,chelsea,leeds
Everton,Bournemouth,2026-02-10 19:30:00,2026,2,1,,,,,,,,,,,,,,,,,,,,,,,,,,,,,,,,,,,,,,,,,,,,,,,,,,,,,,,,,,,,,,,,,,,,,,,,,,,,,,,,,,,,,,,,,,,,,,,,,,,,,,,,,,,,,,,,,,,,,,,,,,,,,,,,,,,,,,,,,,,1.504149377593361,1.2621951219512195,1.0,1.8,2.0,1.6,1.6,8.0,,,,,,,,,,,,,,,,,,,,,,,,,,,,,,,,,,,,,,,,,,,,,,,,,,,,,,,,,,,,,,,,,,,,,,,,,,,,,,,,,,,,,,,,,,,,,2026-02-10 19:30:00,,,,,,,,,,,,,,,,,,,,,,,,,,,,,,,2026-02-10,everton,bournemouth
Tottenham,Newcastle,2026-02-10 19:30:00,2026,2,1,,,,,,,,,,,,,,,,,,,,,,,,,,,,,,,,,,,,,,,,,,,,,,,,,,,,,,,,,,,,,,,,,,,,,,,,,,,,,,,,,,,,,,,,,,,,,,,,,,,,,,,,,,,,,,,,,,,,,,,,,,,,,,,,,,,,,,,,,,,1.8112033195020747,1.110609480812641,1.2,1.8,2.0,1.2,1.4,7.0,,,,,,,,,,,,,,,,,,,,,,,,,,,,,,,,,,,,,,,,,,,,,,,,,,,,,,,,,,,,,,,,,,,,,,,,,,,,,,,,,,,,,,,,,,,,,2026-02-10 19:30:00,,,,,,,,,,,,,,,,,,,,,,,,,,,,,,,2026-02-10,tottenham,newcastle
West Ham,Man United,2026-02-10 20:15:00,2026,2,1,,,,,,,,,,,,,,,,,,,,,,,,,,,,,,,,,,,,,,,,,,,,,,,,,,,,,,,,,,,,,,,,,,,,,,,,,,,,,,,,,,,,,,,,,,,,,,,,,,,,,,,,,,,,,,,,,,,,,,,,,,,,,,,,,,,,,,,,,,,1.4335664335664335,1.5958333333333334,1.4,1.4,5.0,1.6,1.6,6.0,,,,,,,,,,,,,,,,,,,,,,,,,,,,,,,,,,,,,,,,,,,,,,,,,,,,,,,,,,,,,,,,,,,,,,,,,,,,,,,,,,,,,,,,,,,,,2026-02-10 20:15:00,,,,,,,,,,,,,,,,,,,,,,,,,,,,,,,2026-02-10,west ham,man united
Aston Villa,Brighton,2026-02-11 19:30:00,2026,2,2,,,,,,,,,,,,,,,,,,,,,,,,,,,,,,,,,,,,,,,,,,,,,,,,,,,,,,,,,,,,,,,,,,,,,,,,,,,,,,,,,,,,,,,,,,,,,,,,,,,,,,,,,,,,,,,,,,,,,,,,,,,,,,,,,,,,,,,,,,,1.3726415094339623,1.195121951219512,1.2,0.8,9.0,1.0,1.6,2.0,,,,,,,,,,,,,,,,,,,,,,,,,,,,,,,,,,,,,,,,,,,,,,,,,,,,,,,,,,,,,,,,,,,,,,,,,,,,,,,,,,,,,,,,,,,,,2026-02-11 19:30:00,,,,,,,,,,,,,,,,,,,,,,,,,,,,,,,2026-02-11,aston villa,brighton
Man City,Fulham,2026-02-11 19:30:00,2026,2,2,,,,,,,,,,,,,,,,,,,,,,,,,,,,,,,,,,,,,,,,,,,,,,,,,,,,,,,,,,,,,,,,,,,,,,,,,,,,,,,,,,,,,,,,,,,,,,,,,,,,,,,,,,,,,,,,,,,,,,,,,,,,,,,,,,,,,,,,,,,2.190889370932755,0.942528735632184,2.0,0.4,11.0,0.8,1.6,4.0,,,,,,,,,,,,,,,,,,,,,,,,,,,,,,,,,,,,,,,,,,,,,,,,,,,,,,,,,,,,,,,,,,,,,,,,,,,,,,,,,,,,,,,,,,,,,2026-02-11 19:30:00,,,,,,,,,,,,,,,,,,,,,,,,,,,,,,,2026-02-11,man city,fulham
Nott'm Forest,Wolves,2026-02-11 19:30:00,2026,2,2,,,,,,,,,,,,,,,,,,,,,,,,,,,,,,,,,,,,,,,,,,,,,,,,,,,,,,,,,,,,,,,,,,,,,,,,,,,,,,,,,,,,,,,,,,,,,,,,,,,,,,,,,,,,,,,,,,,,,,,,,,,,,,,,,,,,,,,,,,,1.3333333333333333,0.958904109589041,0.4,1.0,3.0,0.6,1.2,3.0,,,,,,,,,,,,,,,,,,,,,,,,,,,,,,,,,,,,,,,,,,,,,,,,,,,,,,,,,,,,,,,,,,,,,,,,,,,,,,,,,,,,,,,,,,,,,2026-02-11 19:30:00,,,,,,,,,,,,,,,,,,,,,,,,,,,,,,,2026-02-11,nott'm forest,wolves
Crystal Palace,Burnley,2026-02-11 19:40:00,2026,2,2,,,,,,,,,,,,,,,,,,,,,,,,,,,,,,,,,,,,,,,,,,,,,,,,,,,,,,,,,,,,,,,,,,,,,,,,,,,,,,,,,,,,,,,,,,,,,,,,,,,,,,,,,,,,,,,,,,,,,,,,,,,,,,,,,,,,,,,,,,,1.192156862745098,0.9672131147540984,0.8,1.6,2.0,1.0,1.8,5.0,,,,,,,,,,,,,,,,,,,,,,,,,,,,,,,,,,,,,,,,,,,,,,,,,,,,,,,,,,,,,,,,,,,,,,,,,,,,,,,,,,,,,,,,,,,,,2026-02-11 19:40:00,,,,,,,,,,,,,,,,,,,,,,,,,,,,,,,2026-02-11,crystal palace,burnley
Sunderland,Liverpool,2026-02-11 20:15:00,2026,2,2,,,,,,,,,,,,,,,,,,,,,,,,,,,,,,,,,,,,,,,,,,,,,,,,,,,,,,,,,,,,,,,,,,,,,,,,,,,,,,,,,,,,,,,,,,,,,,,,,,,,,,,,,,,,,,,,,,,,,,,,,,,,,,,,,,,,,,,,,,,1.1079136690647482,1.6480331262939958,1.2,0.6,8.0,1.4,1.2,8.0,,,,,,,,,,,,,,,,,,,,,,,,,,,,,,,,,,,,,,,,,,,,,,,,,,,,,,,,,,,,,,,,,,,,,,,,,,,,,,,,,,,,,,,,,,,,,2026-02-11 20:15:00,,,,,,,,,,,,,,,,,,,,,,,,,,,,,,,2026-02-11,sunderland,liverpool
Brentford,Arsenal,2026-02-12 20:00:00,2026,2,3,,,,,,,,,,,,,,,,,,,,,,,,,,,,,,,,,,,,,,,,,,,,,,,,,,,,,,,,,,,,,,,,,,,,,,,,,,,,,,,,,,,,,,,,,,,,,,,,,,,,,,,,,,,,,,,,,,,,,,,,,,,,,,,,,,,,,,,,,,,1.681818181818182,1.6514522821576765,1.6,0.8,8.0,1.8,0.6,11.0,,,,,,,,,,,,,,,,,,,,,,,,,,,,,,,,,,,,,,,,,,,,,,,,,,,,,,,,,,,,,,,,,,,,,,,,,,,,,,,,,,,,,,,,,,,,,2026-02-12 20:00:00,,,,,,,,,,,,,,,,,,,,,,,,,,,,,,,2026-02-12,brentford,arsenal
Wolves,Arsenal,2026-02-18 20:00:00,2026,2,2,,,,,,,,,,,,,,,,,,,,,,,,,,,,,,,,,,,,,,,,,,,,,,,,,,,,,,,,,,,,,,,,,,,,,,,,,,,,,,,,,,,,,,,,,,,,,,,,,,,,,,,,,,,,,,,,,,,,,,,,,,,,,,,,,,,,,,,,,,,1.2054794520547945,1.6521739130434785,1.2,1.4,5.0,2.0,1.0,9.0,,,,,,,,,,,,,,,,,,,,,,,,,,,,,,,,,,,,,,,,,,,,,,,,,,,,,,,,,,,,,,,,,,,,,,,,,,,,,,,,,,,,,,,,,,,,,2026-02-18 20:00:00,,,,,,,,,,,,,,,,,,,,,,,,,,,,,,,2026-02-18,wolves,arsenal
Aston Villa,Leeds,2026-02-21 15:00:00,2026,2,5,,,,,,,,,,,,,,,,,,,,,,,,,,,,,,,,,,,,,,,,,,,,,,,,,,,,,,,,,,,,,,,,,,,,,,,,,,,,,,,,,,,,,,,,,,,,,,,,,,,,,,,,,,,,,,,,,,,,,,,,,,,,,,,,,,,,,,,,,,,1.371764705882353,1.3028169014084507,1.0,0.8,7.0,1.4,1.6,4.0,,,,,,,,,,,,,,,,,,,,,,,,,,,,,,,,,,,,,,,,,,,,,,,,,,,,,,,,,,,,,,,,,,,,,,,,,,,,,,,,,,,,,,,,,,,,,2026-02-21 15:00:00,,,,,,,,,,,,,,,,,,,,,,,,,,,,,,,2026-02-21,aston villa,leeds
Brentford,Brighton,2026-02-21 15:00:00,2026,2,5,,,,,,,,,,,,,,,,,,,,,,,,,,,,,,,,,,,,,,,,,,,,,,,,,,,,,,,,,,,,,,,,,,,,,,,,,,,,,,,,,,,,,,,,,,,,,,,,,,,,,,,,,,,,,,,,,,,,,,,,,,,,,,,,,,,,,,,,,,,1.6629213483146068,1.2,0.8,1.0,5.0,1.2,1.2,5.0,,,,,,,,,,,,,,,,,,,,,,,,,,,,,,,,,,,,,,,,,,,,,,,,,,,,,,,,,,,,,,,,,,,,,,,,,,,,,,,,,,,,,,,,,,,,,2026-02-21 15:00:00,,,,,,,,,,,,,,,,,,,,,,,,,,,,,,,2026-02-21,brentford,brighton
Chelsea,Burnley,2026-02-21 15:00:00,2026,2,5,,,,,,,,,,,,,,,,,,,,,,,,,,,,,,,,,,,,,,,,,,,,,,,,,,,,,,,,,,,,,,,,,,,,,,,,,,,,,,,,,,,,,,,,,,,,,,,,,,,,,,,,,,,,,,,,,,,,,,,,,,,,,,,,,,,,,,,,,,,2.037344398340249,0.967391304347826,2.0,1.4,9.0,1.0,1.8,5.0,,,,,,,,,,,,,,,,,,,,,,,,,,,,,,,,,,,,,,,,,,,,,,,,,,,,,,,,,,,,,,,,,,,,,,,,,,,,,,,,,,,,,,,,,,,,,2026-02-21 15:00:00,,,,,,,,,,,,,,,,,,,,,,,,,,,,,,,2026-02-21,chelsea,burnley
West Ham,Bournemouth,2026-02-21 17:30:00,2026,2,5,,,,,,,,,,,,,,,,,,,,,,,,,,,,,,,,,,,,,,,,,,,,,,,,,,,,,,,,,,,,,,,,,,,,,,,,,,,,,,,,,,,,,,,,,,,,,,,,,,,,,,,,,,,,,,,,,,,,,,,,,,,,,,,,,,,,,,,,,,,1.430232558139535,1.2545454545454546,1.4,1.2,6.0,1.4,0.8,9.0,,,,,,,,,,,,,,,,,,,,,,,,,,,,,,,,,,,,,,,,,,,,,,,,,,,,,,,,,,,,,,,,,,,,,,,,,,,,,,,,,,,,,,,,,,,,,2026-02-21 17:30:00,,,,,,,,,,,,,,,,,,,,,,,,,,,,,,,2026-02-21,west ham,bournemouth
Man City,Newcastle,2026-02-21 20:00:00,2026,2,5,,,,,,,,,,,,,,,,,,,,,,,,,,,,,,,,,,,,,,,,,,,,,,,,,,,,,,,,,,,,,,,,,,,,,,,,,,,,,,,,,,,,,,,,,,,,,,,,,,,,,,,,,,,,,,,,,,,,,,,,,,,,,,,,,,,,,,,,,,,2.1904761904761907,1.1103603603603605,1.8,0.6,11.0,1.4,1.6,7.0,,,,,,,,,,,,,,,,,,,,,,,,,,,,,,,,,,,,,,,,,,,,,,,,,,,,,,,,,,,,,,,,,,,,,,,,,,,,,,,,,,,,,,,,,,,,,2026-02-21 20:00:00,,,,,,,,,,,,,,,,,,,,,,,,,,,,,,,2026-02-21,man city,newcastle
Crystal Palace,Wolves,2026-02-22 14:00:00,2026,2,6,,,,,,,,,,,,,,,,,,,,,,,,,,,,,,,,,,,,,,,,,,,,,,,,,,,,,,,,,,,,,,,,,,,,,,,,,,,,,,,,,,,,,,,,,,,,,,,,,,,,,,,,,,,,,,,,,,,,,,,,,,,,,,,,,,,,,,,,,,,1.19140625,0.9545454545454546,1.0,1.4,5.0,0.4,1.0,3.0,,,,,,,,,,,,,,,,,,,,,,,,,,,,,,,,,,,,,,,,,,,,,,,,,,,,,,,,,,,,,,,,,,,,,,,,,,,,,,,,,,,,,,,,,,,,,2026-02-22 14:00:00,,,,,,,,,,,,,,,,,,,,,,,,,,,,,,,2026-02-22,crystal palace,wolves
Nott'm Forest,Liverpool,2026-02-22 14:00:00,2026,2,6,,,,,,,,,,,,,,,,,,,,,,,,,,,,,,,,,,,,,,,,,,,,,,,,,,,,,,,,,,,,,,,,,,,,,,,,,,,,,,,,,,,,,,,,,,,,,,,,,,,,,,,,,,,,,,,,,,,,,,,,,,,,,,,,,,,,,,,,,,,1.3142857142857145,1.646694214876033,0.2,0.8,3.0,1.2,1.0,8.0,,,,,,,,,,,,,,,,,,,,,,,,,,,,,,,,,,,,,,,,,,,,,,,,,,,,,,,,,,,,,,,,,,,,,,,,,,,,,,,,,,,,,,,,,,,,,2026-02-22 14:00:00,,,,,,,,,,,,,,,,,,,,,,,,,,,,,,,2026-02-22,nott'm forest,liverpool
Sunderland,Fulham,2026-02-22 14:00:00,2026,2,6,,,,,,,,,,,,,,,,,,,,,,,,,,,,,,,,,,,,,,,,,,,,,,,,,,,,,,,,,,,,,,,,,,,,,,,,,,,,,,,,,,,,,,,,,,,,,,,,,,,,,,,,,,,,,,,,,,,,,,,,,,,,,,,,,,,,,,,,,,,1.10752688172043,0.9484240687679084,1.2,1.0,7.0,1.2,1.8,4.0,,,,,,,,,,,,,,,,,,,,,,,,,,,,,,,,,,,,,,,,,,,,,,,,,,,,,,,,,,,,,,,,,,,,,,,,,,,,,,,,,,,,,,,,,,,,,2026-02-22 14:00:00,,,,,,,,,,,,,,,,,,,,,,,,,,,,,,,2026-02-22,sunderland,fulham
Tottenham,Arsenal,2026-02-22 16:30:00,2026,2,6,,,,,,,,,,,,,,,,,,,,,,,,,,,,,,,,,,,,,,,,,,,,,,,,,,,,,,,,,,,,,,,,,,,,,,,,,,,,,,,,,,,,,,,,,,,,,,,,,,,,,,,,,,,,,,,,,,,,,,,,,,,,,,,,,,,,,,,,,,,1.8095238095238095,1.6570247933884297,1.2,2.2,2.0,2.2,0.8,9.0,,,,,,,,,,,,,,,,,,,,,,,,,,,,,,,,,,,,,,,,,,,,,,,,,,,,,,,,,,,,,,,,,,,,,,,,,,,,,,,,,,,,,,,,,,,,,2026-02-22 16:30:00,,,,,,,,,,,,,,,,,,,,,,,,,,,,,,,2026-02-22,tottenham,arsenal
Everton,Man United,2026-02-23 20:00:00,2026,2,0,,,,,,,,,,,,,,,,,,,,,,,,,,,,,,,,,,,,,,,,,,,,,,,,,,,,,,,,,,,,,,,,,,,,,,,,,,,,,,,,,,,,,,,,,,,,,,,,,,,,,,,,,,,,,,,,,,,,,,,,,,,,,,,,,,,,,,,,,,,1.5010351966873705,1.5945945945945943,1.0,1.8,2.0,1.6,1.2,9.0,,,,,,,,,,,,,,,,,,,,,,,,,,,,,,,,,,,,,,,,,,,,,,,,,,,,,,,,,,,,,,,,,,,,,,,,,,,,,,,,,,,,,,,,,,,,,2026-02-23 20:00:00,,,,,,,,,,,,,,,,,,,,,,,,,,,,,,,2026-02-23,everton,man united
Wolves,Aston Villa,2026-02-27 20:00:00,2026,2,4,,,,,,,,,,,,,,,,,,,,,,,,,,,,,,,,,,,,,,,,,,,,,,,,,,,,,,,,,,,,,,,,,,,,,,,,,,,,,,,,,,,,,,,,,,,,,,,,,,,,,,,,,,,,,,,,,,,,,,,,,,,,,,,,,,,,,,,,,,,1.209090909090909,1.1505882352941177,1.0,1.4,5.0,0.8,1.4,5.0,,,,,,,,,,,,,,,,,,,,,,,,,,,,,,,,,,,,,,,,,,,,,,,,,,,,,,,,,,,,,,,,,,,,,,,,,,,,,,,,,,,,,,,,,,,,,2026-02-27 20:00:00,,,,,,,,,,,,,,,,,,,,,,,,,,,,,,,2026-02-27,wolves,aston villa
Bournemouth,Sunderland,2026-02-28 12:30:00,2026,2,5,,,,,,,,,,,,,,,,,,,,,,,,,,,,,,,,,,,,,,,,,,,,,,,,,,,,,,,,,,,,,,,,,,,,,,,,,,,,,,,,,,,,,,,,,,,,,,,,,,,,,,,,,,,,,,,,,,,,,,,,,,,,,,,,,,,,,,,,,,,1.3757575757575755,0.8525179856115108,2.0,1.8,8.0,0.6,2.2,2.0,,,,,,,,,,,,,,,,,,,,,,,,,,,,,,,,,,,,,,,,,,,,,,,,,,,,,,,,,,,,,,,,,,,,,,,,,,,,,,,,,,,,,,,,,,,,,2026-02-28 12:30:00,,,,,,,,,,,,,,,,,,,,,,,,,,,,,,,2026-02-28,bournemouth,sunderland
Burnley,Brentford,2026-02-28 15:00:00,2026,2,5,,,,,,,,,,,,,,,,,,,,,,,,,,,,,,,,,,,,,,,,,,,,,,,,,,,,,,,,,,,,,,,,,,,,,,,,,,,,,,,,,,,,,,,,,,,,,,,,,,,,,,,,,,,,,,,,,,,,,,,,,,,,,,,,,,,,,,,,,,,1.0543478260869563,1.3707865168539326,1.6,2.6,2.0,2.4,1.8,12.0,,,,,,,,,,,,,,,,,,,,,,,,,,,,,,,,,,,,,,,,,,,,,,,,,,,,,,,,,,,,,,,,,,,,,,,,,,,,,,,,,,,,,,,,,,,,,2026-02-28 15:00:00,,,,,,,,,,,,,,,,,,,,,,,,,,,,,,,2026-02-28,burnley,brentford
Liverpool,West Ham,2026-02-28 15:00:00,2026,2,5,,,,,,,,,,,,,,,,,,,,,,,,,,,,,,,,,,,,,,,,,,,,,,,,,,,,,,,,,,,,,,,,,,,,,,,,,,,,,,,,,,,,,,,,,,,,,,,,,,,,,,,,,,,,,,,,,,,,,,,,,,,,,,,,,,,,,,,,,,,2.076923076923077,1.0955710955710956,2.2,1.2,8.0,1.6,2.4,6.0,,,,,,,,,,,,,,,,,,,,,,,,,,,,,,,,,,,,,,,,,,,,,,,,,,,,,,,,,,,,,,,,,,,,,,,,,,,,,,,,,,,,,,,,,,,,,2026-02-28 15:00:00,,,,,,,,,,,,,,,,,,,,,,,,,,,,,,,2026-02-28,liverpool,west ham
Newcastle,Everton,2026-02-28 15:00:00,2026,2,5,,,,,,,,,,,,,,,,,,,,,,,,,,,,,,,,,,,,,,,,,,,,,,,,,,,,,,,,,,,,,,,,,,,,,,,,,,,,,,,,,,,,,,,,,,,,,,,,,,,,,,,,,,,,,,,,,,,,,,,,,,,,,,,,,,,,,,,,,,,1.5675675675675675,1.054054054054054,2.0,2.2,6.0,1.8,0.8,13.0,,,,,,,,,,,,,,,,,,,,,,,,,,,,,,,,,,,,,,,,,,,,,,,,,,,,,,,,,,,,,,,,,,,,,,,,,,,,,,,,,,,,,,,,,,,,,2026-02-28 15:00:00,,,,,,,,,,,,,,,,,,,,,,,,,,,,,,,2026-02-28,newcastle,everton
Leeds,Man City,2026-02-28 17:30:00,2026,2,5,,,,,,,,,,,,,,,,,,,,,,,,,,,,,,,,,,,,,,,,,,,,,,,,,,,,,,,,,,,,,,,,,,,,,,,,,,,,,,,,,,,,,,,,,,,,,,,,,,,,,,,,,,,,,,,,,,,,,,,,,,,,,,,,,,,,,,,,,,,1.4305555555555556,1.632829373650108,1.0,1.4,7.0,1.0,1.0,8.0,,,,,,,,,,,,,,,,,,,,,,,,,,,,,,,,,,,,,,,,,,,,,,,,,,,,,,,,,,,,,,,,,,,,,,,,,,,,,,,,,,,,,,,,,,,,,2026-02-28 17:30:00,,,,,,,,,,,,,,,,,,,,,,,,,,,,,,,2026-02-28,leeds,man city
Brighton,Nott'm Forest,2026-03-01 14:00:00,2026,3,6,,,,,,,,,,,,,,,,,,,,,,,,,,,,,,,,,,,,,,,,,,,,,,,,,,,,,,,,,,,,,,,,,,,,,,,,,,,,,,,,,,,,,,,,,,,,,,,,,,,,,,,,,,,,,,,,,,,,,,,,,,,,,,,,,,,,,,,,,,,1.3353658536585369,1.1142857142857143,1.2,0.8,8.0,1.4,1.8,6.0,,,,,,,,,,,,,,,,,,,,,,,,,,,,,,,,,,,,,,,,,,,,,,,,,,,,,,,,,,,,,,,,,,,,,,,,,,,,,,,,,,,,,,,,,,,,,2026-03-01 14:00:00,,,,,,,,,,,,,,,,,,,,,,,,,,,,,,,2026-03-01,brighton,nott'm forest
Fulham,Tottenham,2026-03-01 14:00:00,2026,3,6,,,,,,,,,,,,,,,,,,,,,,,,,,,,,,,,,,,,,,,,,,,,,,,,,,,,,,,,,,,,,,,,,,,,,,,,,,,,,,,,,,,,,,,,,,,,,,,,,,,,,,,,,,,,,,,,,,,,,,,,,,,,,,,,,,,,,,,,,,,1.3685714285714283,1.4078674948240166,1.8,1.4,10.0,1.0,1.8,2.0,,,,,,,,,,,,,,,,,,,,,,,,,,,,,,,,,,,,,,,,,,,,,,,,,,,,,,,,,,,,,,,,,,,,,,,,,,,,,,,,,,,,,,,,,,,,,2026-03-01 14:00:00,,,,,,,,,,,,,,,,,,,,,,,,,,,,,,,2026-03-01,fulham,tottenham
Man United,Crystal Palace,2026-03-01 14:00:00,2026,3,6,,,,,,,,,,,,,,,,,,,,,,,,,,,,,,,,,,,,,,,,,,,,,,,,,,,,,,,,,,,,,,,,,,,,,,,,,,,,,,,,,,,,,,,,,,,,,,,,,,,,,,,,,,,,,,,,,,,,,,,,,,,,,,,,,,,,,,,,,,,2.0332640332640333,1.1395348837209305,2.0,0.8,13.0,0.8,1.4,4.0,,,,,,,,,,,,,,,,,,,,,,,,,,,,,,,,,,,,,,,,,,,,,,,,,,,,,,,,,,,,,,,,,,,,,,,,,,,,,,,,,,,,,,,,,,,,,2026-03-01 14:00:00,,,,,,,,,,,,,,,,,,,,,,,,,,,,,,,2026-03-01,man united,crystal palace
Arsenal,Chelsea,2026-03-01 16:30:00,2026,3,6,,,,,,,,,,,,,,,,,,,,,,,,,,,,,,,,,,,,,,,,,,,,,,,,,,,,,,,,,,,,,,,,,,,,,,,,,,,,,,,,,,,,,,,,,,,,,,,,,,,,,,,,,,,,,,,,,,,,,,,,,,,,,,,,,,,,,,,,,,,2.14375,1.5821205821205822,2.2,1.0,10.0,1.8,1.4,7.0,,,,,,,,,,,,,,,,,,,,,,,,,,,,,,,,,,,,,,,,,,,,,,,,,,,,,,,,,,,,,,,,,,,,,,,,,,,,,,,,,,,,,,,,,,,,,2026-03-01 16:30:00,,,,,,,,,,,,,,,,,,,,,,,,,,,,,,,2026-03-01,arsenal,chelsea
Bournemouth,Brentford,2026-03-03 19:30:00,2026,3,1,,,,,,,,,,,,,,,,,,,,,,,,,,,,,,,,,,,,,,,,,,,,,,,,,,,,,,,,,,,,,,,,,,,,,,,,,,,,,,,,,,,,,,,,,,,,,,,,,,,,,,,,,,,,,,,,,,,,,,,,,,,,,,,,,,,,,,,,,,,1.3674698795180722,1.3555555555555556,1.6,1.2,9.0,1.6,1.4,10.0,,,,,,,,,,,,,,,,,,,,,,,,,,,,,,,,,,,,,,,,,,,,,,,,,,,,,,,,,,,,,,,,,,,,,,,,,,,,,,,,,,,,,,,,,,,,,2026-03-03 19:30:00,,,,,,,,,,,,,,,,,,,,,,,,,,,,,,,2026-03-03,bournemouth,brentford
Everton,Burnley,2026-03-03 19:30:00,2026,3,1,,,,,,,,,,,,,,,,,,,,,,,,,,,,,,,,,,,,,,,,,,,,,,,,,,,,,,,,,,,,,,,,,,,,,,,,,,,,,,,,,,,,,,,,,,,,,,,,,,,,,,,,,,,,,,,,,,,,,,,,,,,,,,,,,,,,,,,,,,,1.5020661157024793,0.9621621621621622,1.0,1.0,5.0,1.0,1.8,5.0,,,,,,,,,,,,,,,,,,,,,,,,,,,,,,,,,,,,,,,,,,,,,,,,,,,,,,,,,,,,,,,,,,,,,,,,,,,,,,,,,,,,,,,,,,,,,2026-03-03 19:30:00,,,,,,,,,,,,,,,,,,,,,,,,,,,,,,,2026-03-03,everton,burnley
Leeds,Sunderland,2026-03-03 19:30:00,2026,3,1,,,,,,,,,,,,,,,,,,,,,,,,,,,,,,,,,,,,,,,,,,,,,,,,,,,,,,,,,,,,,,,,,,,,,,,,,,,,,,,,,,,,,,,,,,,,,,,,,,,,,,,,,,,,,,,,,,,,,,,,,,,,,,,,,,,,,,,,,,,1.4206896551724135,0.8530465949820788,0.8,1.4,6.0,0.6,2.0,4.0,,,,,,,,,,,,,,,,,,,,,,,,,,,,,,,,,,,,,,,,,,,,,,,,,,,,,,,,,,,,,,,,,,,,,,,,,,,,,,,,,,,,,,,,,,,,,2026-03-03 19:30:00,,,,,,,,,,,,,,,,,,,,,,,,,,,,,,,2026-03-03,leeds,sunderland
Wolves,Liverpool,2026-03-03 20:15:00,2026,3,1,,,,,,,,,,,,,,,,,,,,,,,,,,,,,,,,,,,,,,,,,,,,,,,,,,,,,,,,,,,,,,,,,,,,,,,,,,,,,,,,,,,,,,,,,,,,,,,,,,,,,,,,,,,,,,,,,,,,,,,,,,,,,,,,,,,,,,,,,,,1.2126696832579185,1.645360824742268,1.4,1.6,7.0,1.0,1.0,7.0,,,,,,,,,,,,,,,,,,,,,,,,,,,,,,,,,,,,,,,,,,,,,,,,,,,,,,,,,,,,,,,,,,,,,,,,,,,,,,,,,,,,,,,,,,,,,2026-03-03 20:15:00,,,,,,,,,,,,,,,,,,,,,,,,,,,,,,,2026-03-03,wolves,liverpool
Aston Villa,Chelsea,2026-03-04 19:30:00,2026,3,2,,,,,,,,,,,,,,,,,,,,,,,,,,,,,,,,,,,,,,,,,,,,,,,,,,,,,,,,,,,,,,,,,,,,,,,,,,,,,,,,,,,,,,,,,,,,,,,,,,,,,,,,,,,,,,,,,,,,,,,,,,,,,,,,,,,,,,,,,,,1.3708920187793427,1.5871369294605808,0.6,1.4,4.0,2.4,1.4,9.0,,,,,,,,,,,,,,,,,,,,,,,,,,,,,,,,,,,,,,,,,,,,,,,,,,,,,,,,,,,,,,,,,,,,,,,,,,,,,,,,,,,,,,,,,,,,,2026-03-04 19:30:00,,,,,,,,,,,,,,,,,,,,,,,,,,,,,,,2026-03-04,aston villa,chelsea
Brighton,Arsenal,2026-03-04 19:30:00,2026,3,2,,,,,,,,,,,,,,,,,,,,,,,,,,,,,,,,,,,,,,,,,,,,,,,,,,,,,,,,,,,,,,,,,,,,,,,,,,,,,,,,,,,,,,,,,,,,,,,,,,,,,,,,,,,,,,,,,,,,,,,,,,,,,,,,,,,,,,,,,,,1.3272727272727274,1.6556701030927834,0.8,1.0,5.0,2.4,0.8,11.0,,,,,,,,,,,,,,,,,,,,,,,,,,,,,,,,,,,,,,,,,,,,,,,,,,,,,,,,,,,,,,,,,,,,,,,,,,,,,,,,,,,,,,,,,,,,,2026-03-04 19:30:00,,,,,,,,,,,,,,,,,,,,,,,,,,,,,,,2026-03-04,brighton,arsenal
Fulham,West Ham,2026-03-04 19:30:00,2026,3,2,,,,,,,,,,,,,,,,,,,,,,,,,,,,,,,,,,,,,,,,,,,,,,,,,,,,,,,,,,,,,,,,,,,,,,,,,,,,,,,,,,,,,,,,,,,,,,,,,,,,,,,,,,,,,,,,,,,,,,,,,,,,,,,,,,,,,,,,,,,1.3646723646723646,1.0953488372093023,1.4,1.2,9.0,1.8,1.8,9.0,,,,,,,,,,,,,,,,,,,,,,,,,,,,,,,,,,,,,,,,,,,,,,,,,,,,,,,,,,,,,,,,,,,,,,,,,,,,,,,,,,,,,,,,,,,,,2026-03-04 19:30:00,,,,,,,,,,,,,,,,,,,,,,,,,,,,,,,2026-03-04,fulham,west ham
Man City,Nott'm Forest,2026-03-04 19:30:00,2026,3,2,,,,,,,,,,,,,,,,,,,,,,,,,,,,,,,,,,,,,,,,,,,,,,,,,,,,,,,,,,,,,,,,,,,,,,,,,,,,,,,,,,,,,,,,,,,,,,,,,,,,,,,,,,,,,,,,,,,,,,,,,,,,,,,,,,,,,,,,,,,2.1900647948164145,1.1267605633802815,2.0,0.8,11.0,1.6,1.6,7.0,,,,,,,,,,,,,,,,,,,,,,,,,,,,,,,,,,,,,,,,,,,,,,,,,,,,,,,,,,,,,,,,,,,,,,,,,,,,,,,,,,,,,,,,,,,,,2026-03-04 19:30:00,,,,,,,,,,,,,,,,,,,,,,,,,,,,,,,2026-03-04,man city,nott'm forest
Newcastle,Man United,2026-03-04 20:15:00,2026,3,2,,,,,,,,,,,,,,,,,,,,,,,,,,,,,,,,,,,,,,,,,,,,,,,,,,,,,,,,,,,,,,,,,,,,,,,,,,,,,,,,,,,,,,,,,,,,,,,,,,,,,,,,,,,,,,,,,,,,,,,,,,,,,,,,,,,,,,,,,,,1.5685393258426967,1.5933609958506223,2.0,2.4,6.0,1.6,1.4,8.0,,,,,,,,,,,,,,,,,,,,,,,,,,,,,,,,,,,,,,,,,,,,,,,,,,,,,,,,,,,,,,,,,,,,,,,,,,,,,,,,,,,,,,,,,,,,,2026-03-04 20:15:00,,,,,,,,,,,,,,,,,,,,,,,,,,,,,,,2026-03-04,newcastle,man united
Tottenham,Crystal Palace,2026-03-05 20:00:00,2026,3,3,,,,,,,,,,,,,,,,,,,,,,,,,,,,,,,,,,,,,,,,,,,,,,,,,,,,,,,,,,,,,,,,,,,,,,,,,,,,,,,,,,,,,,,,,,,,,,,,,,,,,,,,,,,,,,,,,,,,,,,,,,,,,,,,,,,,,,,,,,,1.8078512396694215,1.1467181467181466,1.2,2.6,1.0,1.4,1.2,7.0,,,,,,,,,,,,,,,,,,,,,,,,,,,,,,,,,,,,,,,,,,,,,,,,,,,,,,,,,,,,,,,,,,,,,,,,,,,,,,,,,,,,,,,,,,,,,2026-03-05 20:00:00,,,,,,,,,,,,,,,,,,,,,,,,,,,,,,,2026-03-05,tottenham,crystal palace
Burnley,Bournemouth,2026-03-14 15:00:00,2026,3,5,,,,,,,,,,,,,,,,,,,,,,,,,,,,,,,,,,,,,,,,,,,,,,,,,,,,,,,,,,,,,,,,,,,,,,,,,,,,,,,,,,,,,,,,,,,,,,,,,,,,,,,,,,,,,,,,,,,,,,,,,,,,,,,,,,,,,,,,,,,1.0486486486486486,1.2469879518072289,1.4,2.0,3.0,1.0,0.4,9.0,,,,,,,,,,,,,,,,,,,,,,,,,,,,,,,,,,,,,,,,,,,,,,,,,,,,,,,,,,,,,,,,,,,,,,,,,,,,,,,,,,,,,,,,,,,,,2026-03-14 15:00:00,,,,,,,,,,,,,,,,,,,,,,,,,,,,,,,2026-03-14,burnley,bournemouth
Sunderland,Brighton,2026-03-14 15:00:00,2026,3,5,,,,,,,,,,,,,,,,,,,,,,,,,,,,,,,,,,,,,,,,,,,,,,,,,,,,,,,,,,,,,,,,,,,,,,,,,,,,,,,,,,,,,,,,,,,,,,,,,,,,,,,,,,,,,,,,,,,,,,,,,,,,,,,,,,,,,,,,,,,1.1035714285714286,1.1987951807228916,1.2,1.2,6.0,1.0,0.8,7.0,,,,,,,,,,,,,,,,,,,,,,,,,,,,,,,,,,,,,,,,,,,,,,,,,,,,,,,,,,,,,,,,,,,,,,,,,,,,,,,,,,,,,,,,,,,,,2026-03-14 15:00:00,,,,,,,,,,,,,,,,,,,,,,,,,,,,,,,2026-03-14,sunderland,brighton
Arsenal,Everton,2026-03-14 17:30:00,2026,3,5,,,,,,,,,,,,,,,,,,,,,,,,,,,,,,,,,,,,,,,,,,,,,,,,,,,,,,,,,,,,,,,,,,,,,,,,,,,,,,,,,,,,,,,,,,,,,,,,,,,,,,,,,,,,,,,,,,,,,,,,,,,,,,,,,,,,,,,,,,,2.1434511434511436,1.0518672199170125,1.8,0.8,10.0,1.4,1.2,10.0,,,,,,,,,,,,,,,,,,,,,,,,,,,,,,,,,,,,,,,,,,,,,,,,,,,,,,,,,,,,,,,,,,,,,,,,,,,,,,,,,,,,,,,,,,,,,2026-03-14 17:30:00,,,,,,,,,,,,,,,,,,,,,,,,,,,,,,,2026-03-14,arsenal,everton
Chelsea,Newcastle,2026-03-14 17:30:00,2026,3,5,,,,,,,,,,,,,,,,,,,,,,,,,,,,,,,,,,,,,,,,,,,,,,,,,,,,,,,,,,,,,,,,,,,,,,,,,,,,,,,,,,,,,,,,,,,,,,,,,,,,,,,,,,,,,,,,,,,,,,,,,,,,,,,,,,,,,,,,,,,2.033126293995859,1.1101123595505618,1.6,1.2,8.0,1.0,1.4,7.0,,,,,,,,,,,,,,,,,,,,,,,,,,,,,,,,,,,,,,,,,,,,,,,,,,,,,,,,,,,,,,,,,,,,,,,,,,,,,,,,,,,,,,,,,,,,,2026-03-14 17:30:00,,,,,,,,,,,,,,,,,,,,,,,,,,,,,,,2026-03-14,chelsea,newcastle
West Ham,Man City,2026-03-14 20:00:00,2026,3,5,,,,,,,,,,,,,,,,,,,,,,,,,,,,,,,,,,,,,,,,,,,,,,,,,,,,,,,,,,,,,,,,,,,,,,,,,,,,,,,,,,,,,,,,,,,,,,,,,,,,,,,,,,,,,,,,,,,,,,,,,,,,,,,,,,,,,,,,,,,1.4292343387470998,1.6314655172413792,1.2,1.0,6.0,1.2,1.2,8.0,,,,,,,,,,,,,,,,,,,,,,,,,,,,,,,,,,,,,,,,,,,,,,,,,,,,,,,,,,,,,,,,,,,,,,,,,,,,,,,,,,,,,,,,,,,,,2026-03-14 20:00:00,,,,,,,,,,,,,,,,,,,,,,,,,,,,,,,2026-03-14,west ham,man city
Crystal Palace,Leeds,2026-03-15 14:00:00,2026,3,6,,,,,,,,,,,,,,,,,,,,,,,,,,,,,,,,,,,,,,,,,,,,,,,,,,,,,,,,,,,,,,,,,,,,,,,,,,,,,,,,,,,,,,,,,,,,,,,,,,,,,,,,,,,,,,,,,,,,,,,,,,,,,,,,,,,,,,,,,,,1.1867704280155642,1.2937062937062938,0.8,1.2,5.0,1.4,1.6,4.0,,,,,,,,,,,,,,,,,,,,,,,,,,,,,,,,,,,,,,,,,,,,,,,,,,,,,,,,,,,,,,,,,,,,,,,,,,,,,,,,,,,,,,,,,,,,,2026-03-15 14:00:00,,,,,,,,,,,,,,,,,,,,,,,,,,,,,,,2026-03-15,crystal palace,leeds
Man United,Aston Villa,2026-03-15 14:00:00,2026,3,6,,,,,,,,,,,,,,,,,,,,,,,,,,,,,,,,,,,,,,,,,,,,,,,,,,,,,,,,,,,,,,,,,,,,,,,,,,,,,,,,,,,,,,,,,,,,,,,,,,,,,,,,,,,,,,,,,,,,,,,,,,,,,,,,,,,,,,,,,,,2.0352697095435683,1.1502347417840375,2.4,0.8,15.0,0.8,1.2,5.0,,,,,,,,,,,,,,,,,,,,,,,,,,,,,,,,,,,,,,,,,,,,,,,,,,,,,,,,,,,,,,,,,,,,,,,,,,,,,,,,,,,,,,,,,,,,,2026-03-15 14:00:00,,,,,,,,,,,,,,,,,,,,,,,,,,,,,,,2026-03-15,man united,aston villa
Nott'm Forest,Fulham,2026-03-15 14:00:00,2026,3,6,,,,,,,,,,,,,,,,,,,,,,,,,,,,,,,,,,,,,,,,,,,,,,,,,,,,,,,,,,,,,,,,,,,,,,,,,,,,,,,,,,,,,,,,,,,,,,,,,,,,,,,,,,,,,,,,,,,,,,,,,,,,,,,,,,,,,,,,,,,1.295774647887324,0.9457142857142856,0.2,0.4,4.0,1.0,1.6,4.0,,,,,,,,,,,,,,,,,,,,,,,,,,,,,,,,,,,,,,,,,,,,,,,,,,,,,,,,,,,,,,,,,,,,,,,,,,,,,,,,,,,,,,,,,,,,,2026-03-15 14:00:00,,,,,,,,,,,,,,,,,,,,,,,,,,,,,,,2026-03-15,nott'm forest,fulham
Liverpool,Tottenham,2026-03-15 16:30:00,2026,3,6,,,,,,,,,,,,,,,,,,,,,,,,,,,,,,,,,,,,,,,,,,,,,,,,,,,,,,,,,,,,,,,,,,,,,,,,,,,,,,,,,,,,,,,,,,,,,,,,,,,,,,,,,,,,,,,,,,,,,,,,,,,,,,,,,,,,,,,,,,,2.074688796680498,1.4070247933884297,2.4,1.4,8.0,1.2,2.0,2.0,,,,,,,,,,,,,,,,,,,,,,,,,,,,,,,,,,,,,,,,,,,,,,,,,,,,,,,,,,,,,,,,,,,,,,,,,,,,,,,,,,,,,,,,,,,,,2026-03-15 16:30:00,,,,,,,,,,,,,,,,,,,,,,,,,,,,,,,2026-03-15,liverpool,tottenham
Brentford,Wolves,2026-03-16 20:00:00,2026,3,0,,,,,,,,,,,,,,,,,,,,,,,,,,,,,,,,,,,,,,,,,,,,,,,,,,,,,,,,,,,,,,,,,,,,,,,,,,,,,,,,,,,,,,,,,,,,,,,,,,,,,,,,,,,,,,,,,,,,,,,,,,,,,,,,,,,,,,,,,,,1.6666666666666667,0.9592760180995475,1.2,1.4,5.0,0.6,1.2,3.0,,,,,,,,,,,,,,,,,,,,,,,,,,,,,,,,,,,,,,,,,,,,,,,,,,,,,,,,,,,,,,,,,,,,,,,,,,,,,,,,,,,,,,,,,,,,,2026-03-16 20:00:00,,,,,,,,,,,,,,,,,,,,,,,,,,,,,,,2026-03-16,brentford,wolves
Bournemouth,Man United,2026-03-20 20:00:00,2026,3,4,,,,,,,,,,,,,,,,,,,,,,,,,,,,,,,,,,,,,,,,,,,,,,,,,,,,,,,,,,,,,,,,,,,,,,,,,,,,,,,,,,,,,,,,,,,,,,,,,,,,,,,,,,,,,,,,,,,,,,,,,,,,,,,,,,,,,,,,,,,1.3712574850299402,1.5942028985507246,1.4,1.2,7.0,1.6,1.4,8.0,,,,,,,,,,,,,,,,,,,,,,,,,,,,,,,,,,,,,,,,,,,,,,,,,,,,,,,,,,,,,,,,,,,,,,,,,,,,,,,,,,,,,,,,,,,,,2026-03-20 20:00:00,,,,,,,,,,,,,,,,,,,,,,,,,,,,,,,2026-03-20,bournemouth,man united
Brighton,Liverpool,2026-03-21 12:45:00,2026,3,5,,,,,,,,,,,,,,,,,,,,,,,,,,,,,,,,,,,,,,,,,,,,,,,,,,,,,,,,,,,,,,,,,,,,,,,,,,,,,,,,,,,,,,,,,,,,,,,,,,,,,,,,,,,,,,,,,,,,,,,,,,,,,,,,,,,,,,,,,,,1.3313253012048192,1.6440329218106997,1.0,1.0,7.0,1.2,1.4,6.0,,,,,,,,,,,,,,,,,,,,,,,,,,,,,,,,,,,,,,,,,,,,,,,,,,,,,,,,,,,,,,,,,,,,,,,,,,,,,,,,,,,,,,,,,,,,,2026-03-21 12:45:00,,,,,,,,,,,,,,,,,,,,,,,,,,,,,,,2026-03-21,brighton,liverpool
Fulham,Burnley,2026-03-21 15:00:00,2026,3,5,,,,,,,,,,,,,,,,,,,,,,,,,,,,,,,,,,,,,,,,,,,,,,,,,,,,,,,,,,,,,,,,,,,,,,,,,,,,,,,,,,,,,,,,,,,,,,,,,,,,,,,,,,,,,,,,,,,,,,,,,,,,,,,,,,,,,,,,,,,1.369318181818182,0.9623655913978496,1.6,1.2,9.0,1.0,2.2,4.0,,,,,,,,,,,,,,,,,,,,,,,,,,,,,,,,,,,,,,,,,,,,,,,,,,,,,,,,,,,,,,,,,,,,,,,,,,,,,,,,,,,,,,,,,,,,,2026-03-21 15:00:00,,,,,,,,,,,,,,,,,,,,,,,,,,,,,,,2026-03-21,fulham,burnley
Everton,Chelsea,2026-03-21 17:30:00,2026,3,5,,,,,,,,,,,,,,,,,,,,,,,,,,,,,,,,,,,,,,,,,,,,,,,,,,,,,,,,,,,,,,,,,,,,,,,,,,,,,,,,,,,,,,,,,,,,,,,,,,,,,,,,,,,,,,,,,,,,,,,,,,,,,,,,,,,,,,,,,,,1.5051546391752575,1.5838509316770186,1.4,0.8,7.0,2.2,1.6,9.0,,,,,,,,,,,,,,,,,,,,,,,,,,,,,,,,,,,,,,,,,,,,,,,,,,,,,,,,,,,,,,,,,,,,,,,,,,,,,,,,,,,,,,,,,,,,,2026-03-21 17:30:00,,,,,,,,,,,,,,,,,,,,,,,,,,,,,,,2026-03-21,everton,chelsea
Leeds,Brentford,2026-03-21 20:00:00,2026,3,5,,,,,,,,,,,,,,,,,,,,,,,,,,,,,,,,,,,,,,,,,,,,,,,,,,,,,,,,,,,,,,,,,,,,,,,,,,,,,,,,,,,,,,,,,,,,,,,,,,,,,,,,,,,,,,,,,,,,,,,,,,,,,,,,,,,,,,,,,,,1.4109589041095891,1.3406593406593406,0.6,1.4,4.0,1.6,1.0,11.0,,,,,,,,,,,,,,,,,,,,,,,,,,,,,,,,,,,,,,,,,,,,,,,,,,,,,,,,,,,,,,,,,,,,,,,,,,,,,,,,,,,,,,,,,,,,,2026-03-21 20:00:00,,,,,,,,,,,,,,,,,,,,,,,,,,,,,,,2026-03-21,leeds,brentford
Newcastle,Sunderland,2026-03-22 12:00:00,2026,3,6,,,,,,,,,,,,,,,,,,,,,,,,,,,,,,,,,,,,,,,,,,,,,,,,,,,,,,,,,,,,,,,,,,,,,,,,,,,,,,,,,,,,,,,,,,,,,,,,,,,,,,,,,,,,,,,,,,,,,,,,,,,,,,,,,,,,,,,,,,,1.5672645739910314,0.8571428571428571,1.4,2.2,3.0,1.0,1.6,7.0,,,,,,,,,,,,,,,,,,,,,,,,,,,,,,,,,,,,,,,,,,,,,,,,,,,,,,,,,,,,,,,,,,,,,,,,,,,,,,,,,,,,,,,,,,,,,2026-03-22 12:00:00,,,,,,,,,,,,,,,,,,,,,,,,,,,,,,,2026-03-22,newcastle,sunderland
Aston Villa,West Ham,2026-03-22 14:15:00,2026,3,6,,,,,,,,,,,,,,,,,,,,,,,,,,,,,,,,,,,,,,,,,,,,,,,,,,,,,,,,,,,,,,,,,,,,,,,,,,,,,,,,,,,,,,,,,,,,,,,,,,,,,,,,,,,,,,,,,,,,,,,,,,,,,,,,,,,,,,,,,,,1.3723653395784543,1.0928074245939676,1.0,1.2,7.0,1.4,2.0,6.0,,,,,,,,,,,,,,,,,,,,,,,,,,,,,,,,,,,,,,,,,,,,,,,,,,,,,,,,,,,,,,,,,,,,,,,,,,,,,,,,,,,,,,,,,,,,,2026-03-22 14:15:00,,,,,,,,,,,,,,,,,,,,,,,,,,,,,,,2026-03-22,aston villa,west ham
Tottenham,Nott'm Forest,2026-03-22 14:15:00,2026,3,6,,,,,,,,,,,,,,,,,,,,,,,,,,,,,,,,,,,,,,,,,,,,,,,,,,,,,,,,,,,,,,,,,,,,,,,,,,,,,,,,,,,,,,,,,,,,,,,,,,,,,,,,,,,,,,,,,,,,,,,,,,,,,,,,,,,,,,,,,,,1.8041237113402064,1.1527777777777777,1.0,2.8,1.0,1.8,1.4,7.0,,,,,,,,,,,,,,,,,,,,,,,,,,,,,,,,,,,,,,,,,,,,,,,,,,,,,,,,,,,,,,,,,,,,,,,,,,,,,,,,,,,,,,,,,,,,,2026-03-22 14:15:00,,,,,,,,,,,,,,,,,,,,,,,,,,,,,,,2026-03-22,tottenham,nott'm forest
West Ham,Wolves,2026-04-10 20:00:00,2026,4,4,,,,,,,,,,,,,,,,,,,,,,,,,,,,,,,,,,,,,,,,,,,,,,,,,,,,,,,,,,,,,,,,,,,,,,,,,,,,,,,,,,,,,,,,,,,,,,,,,,,,,,,,,,,,,,,,,,,,,,,,,,,,,,,,,,,,,,,,,,,1.4292343387470998,0.9592760180995475,1.2,1.0,6.0,0.6,1.2,3.0,,,,,,,,,,,,,,,,,,,,,,,,,,,,,,,,,,,,,,,,,,,,,,,,,,,,,,,,,,,,,,,,,,,,,,,,,,,,,,,,,,,,,,,,,,,,,2026-04-10 20:00:00,,,,,,,,,,,,,,,,,,,,,,,,,,,,,,,2026-04-10,west ham,wolves
Arsenal,Bournemouth,2026-04-11 12:30:00,2026,4,5,,,,,,,,,,,,,,,,,,,,,,,,,,,,,,,,,,,,,,,,,,,,,,,,,,,,,,,,,,,,,,,,,,,,,,,,,,,,,,,,,,,,,,,,,,,,,,,,,,,,,,,,,,,,,,,,,,,,,,,,,,,,,,,,,,,,,,,,,,,2.1434511434511436,1.2469879518072289,1.8,0.8,10.0,1.0,0.4,9.0,,,,,,,,,,,,,,,,,,,,,,,,,,,,,,,,,,,,,,,,,,,,,,,,,,,,,,,,,,,,,,,,,,,,,,,,,,,,,,,,,,,,,,,,,,,,,2026-04-11 12:30:00,,,,,,,,,,,,,,,,,,,,,,,,,,,,,,,2026-04-11,arsenal,bournemouth
Brentford,Everton,2026-04-11 15:00:00,2026,4,5,,,,,,,,,,,,,,,,,,,,,,,,,,,,,,,,,,,,,,,,,,,,,,,,,,,,,,,,,,,,,,,,,,,,,,,,,,,,,,,,,,,,,,,,,,,,,,,,,,,,,,,,,,,,,,,,,,,,,,,,,,,,,,,,,,,,,,,,,,,1.6666666666666667,1.0518672199170125,1.2,1.4,5.0,1.4,1.2,10.0,,,,,,,,,,,,,,,,,,,,,,,,,,,,,,,,,,,,,,,,,,,,,,,,,,,,,,,,,,,,,,,,,,,,,,,,,,,,,,,,,,,,,,,,,,,,,2026-04-11 15:00:00,,,,,,,,,,,,,,,,,,,,,,,,,,,,,,,2026-04-11,brentford,everton
Burnley,Brighton,2026-04-11 15:00:00,2026,4,5,,,,,,,,,,,,,,,,,,,,,,,,,,,,,,,,,,,,,,,,,,,,,,,,,,,,,,,,,,,,,,,,,,,,,,,,,,,,,,,,,,,,,,,,,,,,,,,,,,,,,,,,,,,,,,,,,,,,,,,,,,,,,,,,,,,,,,,,,,,1.0486486486486486,1.1987951807228916,1.4,2.0,3.0,1.0,0.8,7.0,,,,,,,,,,,,,,,,,,,,,,,,,,,,,,,,,,,,,,,,,,,,,,,,,,,,,,,,,,,,,,,,,,,,,,,,,,,,,,,,,,,,,,,,,,,,,2026-04-11 15:00:00,,,,,,,,,,,,,,,,,,,,,,,,,,,,,,,2026-04-11,burnley,brighton
Liverpool,Fulham,2026-04-11 17:30:00,2026,4,5,,,,,,,,,,,,,,,,,,,,,,,,,,,,,,,,,,,,,,,,,,,,,,,,,,,,,,,,,,,,,,,,,,,,,,,,,,,,,,,,,,,,,,,,,,,,,,,,,,,,,,,,,,,,,,,,,,,,,,,,,,,,,,,,,,,,,,,,,,,2.074688796680498,0.9457142857142856,2.4,1.4,8.0,1.0,1.6,4.0,,,,,,,,,,,,,,,,,,,,,,,,,,,,,,,,,,,,,,,,,,,,,,,,,,,,,,,,,,,,,,,,,,,,,,,,,,,,,,,,,,,,,,,,,,,,,2026-04-11 17:30:00,,,,,,,,,,,,,,,,,,,,,,,,,,,,,,,2026-04-11,liverpool,fulham
Crystal Palace,Newcastle,2026-04-12 14:00:00,2026,4,6,,,,,,,,,,,,,,,,,,,,,,,,,,,,,,,,,,,,,,,,,,,,,,,,,,,,,,,,,,,,,,,,,,,,,,,,,,,,,,,,,,,,,,,,,,,,,,,,,,,,,,,,,,,,,,,,,,,,,,,,,,,,,,,,,,,,,,,,,,,1.1867704280155642,1.1101123595505618,0.8,1.2,5.0,1.0,1.4,7.0,,,,,,,,,,,,,,,,,,,,,,,,,,,,,,,,,,,,,,,,,,,,,,,,,,,,,,,,,,,,,,,,,,,,,,,,,,,,,,,,,,,,,,,,,,,,,2026-04-12 14:00:00,,,,,,,,,,,,,,,,,,,,,,,,,,,,,,,2026-04-12,crystal palace,newcastle
Nott'm Forest,Aston Villa,2026-04-12 14:00:00,2026,4,6,,,,,,,,,,,,,,,,,,,,,,,,,,,,,,,,,,,,,,,,,,,,,,,,,,,,,,,,,,,,,,,,,,,,,,,,,,,,,,,,,,,,,,,,,,,,,,,,,,,,,,,,,,,,,,,,,,,,,,,,,,,,,,,,,,,,,,,,,,,1.295774647887324,1.1502347417840375,0.2,0.4,4.0,0.8,1.2,5.0,,,,,,,,,,,,,,,,,,,,,,,,,,,,,,,,,,,,,,,,,,,,,,,,,,,,,,,,,,,,,,,,,,,,,,,,,,,,,,,,,,,,,,,,,,,,,2026-04-12 14:00:00,,,,,,,,,,,,,,,,,,,,,,,,,,,,,,,2026-04-12,nott'm forest,aston villa
Sunderland,Tottenham,2026-04-12 14:00:00,2026,4,6,,,,,,,,,,,,,,,,,,,,,,,,,,,,,,,,,,,,,,,,,,,,,,,,,,,,,,,,,,,,,,,,,,,,,,,,,,,,,,,,,,,,,,,,,,,,,,,,,,,,,,,,,,,,,,,,,,,,,,,,,,,,,,,,,,,,,,,,,,,1.1035714285714286,1.4070247933884297,1.2,1.2,6.0,1.2,2.0,2.0,,,,,,,,,,,,,,,,,,,,,,,,,,,,,,,,,,,,,,,,,,,,,,,,,,,,,,,,,,,,,,,,,,,,,,,,,,,,,,,,,,,,,,,,,,,,,2026-04-12 14:00:00,,,,,,,,,,,,,,,,,,,,,,,,,,,,,,,2026-04-12,sunderland,tottenham
Chelsea,Man City,2026-04-12 16:30:00,2026,4,6,,,,,,,,,,,,,,,,,,,,,,,,,,,,,,,,,,,,,,,,,,,,,,,,,,,,,,,,,,,,,,,,,,,,,,,,,,,,,,,,,,,,,,,,,,,,,,,,,,,,,,,,,,,,,,,,,,,,,,,,,,,,,,,,,,,,,,,,,,,2.033126293995859,1.6314655172413792,1.6,1.2,8.0,1.2,1.2,8.0,,,,,,,,,,,,,,,,,,,,,,,,,,,,,,,,,,,,,,,,,,,,,,,,,,,,,,,,,,,,,,,,,,,,,,,,,,,,,,,,,,,,,,,,,,,,,2026-04-12 16:30:00,,,,,,,,,,,,,,,,,,,,,,,,,,,,,,,2026-04-12,chelsea,man city
Man United,Leeds,2026-04-13 20:00:00,2026,4,0,,,,,,,,,,,,,,,,,,,,,,,,,,,,,,,,,,,,,,,,,,,,,,,,,,,,,,,,,,,,,,,,,,,,,,,,,,,,,,,,,,,,,,,,,,,,,,,,,,,,,,,,,,,,,,,,,,,,,,,,,,,,,,,,,,,,,,,,,,,2.0352697095435683,1.2937062937062938,2.4,0.8,15.0,1.4,1.6,4.0,,,,,,,,,,,,,,,,,,,,,,,,,,,,,,,,,,,,,,,,,,,,,,,,,,,,,,,,,,,,,,,,,,,,,,,,,,,,,,,,,,,,,,,,,,,,,2026-04-13 20:00:00,,,,,,,,,,,,,,,,,,,,,,,,,,,,,,,2026-04-13,man united,leeds
Brentford,Fulham,2026-04-18 12:30:00,2026,4,5,,,,,,,,,,,,,,,,,,,,,,,,,,,,,,2.14,3.76,3.34,,,,,,,,,,,,,,,,,,,,,,,,,,,,,,,,,,,,,,,,,,,,2.1,3.5,3.3,,,,2.14,3.76,3.34,,,,,,,,,,,,,,,,,2.1,3.5,3.1,,,,,,,,,,,,,,,,,,,,,,,,,,,,,,,,,,,,1.6666666666666667,0.9457142857142856,1.2,1.4,5.0,1.0,1.6,4.0,,,,,,,,,,,,,,,,,,,,,,,,,,,,,,,,,,,,,,,,,,,,,,,,,,,,,,,,,,,,,,,,,,,,,,,,,,,,,,,,,,,,,,,,,,,,,2026-04-18 12:30:00,,,,,,,,,,,,,,,,,,,,,,,,,,,,,,,2026-04-18,brentford,fulham
Leeds,Wolves,2026-04-18 15:00:00,2026,4,5,,,,,,,,,,,,,,,,,,,,,,,,,,,,,,,,,,,,,,,,,,,,,,,,,,,,,,,,,,,,,,,,,,,,,,,,,,,,,,,,,,,,,,,,,,,,,,,,,,,,,,,,,,,,,,,,,,,,,,,,,,,,,,,,,,,,,,,,,,,1.4109589041095891,0.9592760180995475,0.6,1.4,4.0,0.6,1.2,3.0,,,,,,,,,,,,,,,,,,,,,,,,,,,,,,,,,,,,,,,,,,,,,,,,,,,,,,,,,,,,,,,,,,,,,,,,,,,,,,,,,,,,,,,,,,,,,2026-04-18 15:00:00,,,,,,,,,,,,,,,,,,,,,,,,,,,,,,,2026-04-18,leeds,wolves
Newcastle,Bournemouth,2026-04-18 15:00:00,2026,4,5,,,,,,,,,,,,,,,,,,,,,,,,,,,,,,,,,,,,,,,,,,,,,,,,,,,,,,,,,,,,,,,,,,,,,,,,,,,,,,,,,,,,,,,,,,,,,,,,,,,,,,,,,,,,,,,,,,,,,,,,,,,,,,,,,,,,,,,,,,,1.5672645739910314,1.2469879518072289,1.4,2.2,3.0,1.0,0.4,9.0,,,,,,,,,,,,,,,,,,,,,,,,,,,,,,,,,,,,,,,,,,,,,,,,,,,,,,,,,,,,,,,,,,,,,,,,,,,,,,,,,,,,,,,,,,,,,2026-04-18 15:00:00,,,,,,,,,,,,,,,,,,,,,,,,,,,,,,,2026-04-18,newcastle,bournemouth
Tottenham,Brighton,2026-04-18 17:30:00,2026,4,5,,,,,,,,,,,,,,,,,,,,,,,,,,,,,,,,,,,,,,,,,,,,,,,,,,,,,,,,,,,,,,,,,,,,,,,,,,,,,,,,,,,,,,,,,,,,,,,,,,,,,,,,,,,,,,,,,,,,,,,,,,,,,,,,,,,,,,,,,,,1.8041237113402064,1.1987951807228916,1.0,2.8,1.0,1.0,0.8,7.0,,,,,,,,,,,,,,,,,,,,,,,,,,,,,,,,,,,,,,,,,,,,,,,,,,,,,,,,,,,,,,,,,,,,,,,,,,,,,,,,,,,,,,,,,,,,,2026-04-18 17:30:00,,,,,,,,,,,,,,,,,,,,,,,,,,,,,,,2026-04-18,tottenham,brighton
Chelsea,Man United,2026-04-18 20:00:00,2026,4,5,,,,,,,,,,,,,,,,,,,,,,,,,,,,,,,,,,,,,,,,,,,,,,,,,,,,,,,,,,,,,,,,,,,,,,,,,,,,,,,,,,,,,,,,,,,,,,,,,,,,,,,,,,,,,,,,,,,,,,,,,,,,,,,,,,,,,,,,,,,2.033126293995859,1.5942028985507246,1.6,1.2,8.0,1.6,1.4,8.0,,,,,,,,,,,,,,,,,,,,,,,,,,,,,,,,,,,,,,,,,,,,,,,,,,,,,,,,,,,,,,,,,,,,,,,,,,,,,,,,,,,,,,,,,,,,,2026-04-18 20:00:00,,,,,,,,,,,,,,,,,,,,,,,,,,,,,,,2026-04-18,chelsea,man united
Aston Villa,Sunderland,2026-04-19 14:00:00,2026,4,6,,,,,,,,,,,,,,,,,,,,,,,,,,,,,,1.7,3.79,5.4,1.96,1.93,,,,,,,,,,,,,,,,,,,,,,,,,,,,,,,,,,,,,,,,,,1.65,3.8,5.0,,,,1.7,3.79,5.4,1.96,1.93,,,,,,,,,,,,,,,1.65,3.7,5.0,,,,,,,,,,,,,,,,,,,,,,,,,,,,,,,,,,,,1.3723653395784543,0.8571428571428571,1.0,1.2,7.0,1.0,1.6,7.0,,,,,,,,,,,,,,,,,,,,,,,,,,,,,,,,,,,,,,,,,,,,,,,,,,,,,,,,,,,,,,,,,,,,,,,,,,,,,,,,,,,,,,,,,,,,,2026-04-19 14:00:00,,,,,,,,,,,,,,,,,,,,,,,,,,,,,,,2026-04-19,aston villa,sunderland
Everton,Liverpool,2026-04-19 14:00:00,2026,4,6,,,,,,,,,,,,,,,,,,,,,,,,,,,,,,3.32,3.37,2.3,1.94,1.94,,,,,,,,,,,,,,,,,,,,,,,,,,,,,,,,,,,,,,,,,,3.1,3.3,2.25,,,,3.32,3.37,2.3,1.94,1.94,,,,,,,,,,,,,,,3.1,3.25,2.2,,,,,,,,,,,,,,,,,,,,,,,,,,,,,,,,,,,,1.5051546391752575,1.6440329218106997,1.4,0.8,7.0,1.2,1.4,6.0,,,,,,,,,,,,,,,,,,,,,,,,,,,,,,,,,,,,,,,,,,,,,,,,,,,,,,,,,,,,,,,,,,,,,,,,,,,,,,,,,,,,,,,,,,,,,2026-04-19 14:00:00,,,,,,,,,,,,,,,,,,,,,,,,,,,,,,,2026-04-19,everton,liverpool
Nott'm Forest,Burnley,2026-04-19 14:00:00,2026,4,6,,,,,,,,,,,,,,,,,,,,,,,,,,,,,,,,,,,,,,,,,,,,,,,,,,,,,,,,,,,,,,,,,,,,,,,,,,,,,,,,,,,,,,,,,,,,,,,,,,,,,,,,,,,,,,,,,,,,,,,,,,,,,,,,,,,,,,,,,,,1.295774647887324,0.9623655913978496,0.2,0.4,4.0,1.0,2.2,4.0,,,,,,,,,,,,,,,,,,,,,,,,,,,,,,,,,,,,,,,,,,,,,,,,,,,,,,,,,,,,,,,,,,,,,,,,,,,,,,,,,,,,,,,,,,,,,2026-04-19 14:00:00,,,,,,,,,,,,,,,,,,,,,,,,,,,,,,,2026-04-19,nott'm forest,burnley
Man City,Arsenal,2026-04-19 16:30:00,2026,4,6,,,,,,,,,,,,,,,,,,,,,,,,,,,,,,,,,,,,,,,,,,,,,,,,,,,,,,,,,,,,,,,,,,,,,,,,,,,,,,,,,,,,,,,,,,,,,,,,,,,,,,,,,,,,,,,,,,,,,,,,,,,,,,,,,,,,,,,,,,,2.1900647948164145,1.6556701030927834,2.0,0.8,11.0,2.4,0.8,11.0,,,,,,,,,,,,,,,,,,,,,,,,,,,,,,,,,,,,,,,,,,,,,,,,,,,,,,,,,,,,,,,,,,,,,,,,,,,,,,,,,,,,,,,,,,,,,2026-04-19 16:30:00,,,,,,,,,,,,,,,,,,,,,,,,,,,,,,,2026-04-19,man city,arsenal
Crystal Palace,West Ham,2026-04-20 20:00:00,2026,4,0,,,,,,,,,,,,,,,,,,,,,,,,,,,,,,,,,,,,,,,,,,,,,,,,,,,,,,,,,,,,,,,,,,,,,,,,,,,,,,,,,,,,,,,,,,,,,,,,,,,,,,,,,,,,,,,,,,,,,,,,,,,,,,,,,,,,,,,,,,,1.1867704280155642,1.0928074245939676,0.8,1.2,5.0,1.4,2.0,6.0,,,,,,,,,,,,,,,,,,,,,,,,,,,,,,,,,,,,,,,,,,,,,,,,,,,,,,,,,,,,,,,,,,,,,,,,,,,,,,,,,,,,,,,,,,,,,2026-04-20 20:00:00,,,,,,,,,,,,,,,,,,,,,,,,,,,,,,,2026-04-20,crystal palace,west ham
Brighton,Chelsea,2026-04-21 20:00:00,2026,4,1,,,,,,,,,,,,,,,,,,,,,,,,,,,,,,,,,,,,,,,,,,,,,,,,,,,,,,,,,,,,,,,,,,,,,,,,,,,,,,,,,,,,,,,,,,,,,,,,,,,,,,,,,,,,,,,,,,,,,,,,,,,,,,,,,,,,,,,,,,,1.3313253012048192,1.5838509316770186,1.0,1.0,7.0,2.2,1.6,9.0,,,,,,,,,,,,,,,,,,,,,,,,,,,,,,,,,,,,,,,,,,,,,,,,,,,,,,,,,,,,,,,,,,,,,,,,,,,,,,,,,,,,,,,,,,,,,2026-04-21 20:00:00,,,,,,,,,,,,,,,,,,,,,,,,,,,,,,,2026-04-21,brighton,chelsea
Bournemouth,Leeds,2026-04-22 20:00:00,2026,4,2,,,,,,,,,,,,,,,,,,,,,,,,,,,,,,,,,,,,,,,,,,,,,,,,,,,,,,,,,,,,,,,,,,,,,,,,,,,,,,,,,,,,,,,,,,,,,,,,,,,,,,,,,,,,,,,,,,,,,,,,,,,,,,,,,,,,,,,,,,,1.3712574850299402,1.2937062937062938,1.4,1.2,7.0,1.4,1.6,4.0,,,,,,,,,,,,,,,,,,,,,,,,,,,,,,,,,,,,,,,,,,,,,,,,,,,,,,,,,,,,,,,,,,,,,,,,,,,,,,,,,,,,,,,,,,,,,2026-04-22 20:00:00,,,,,,,,,,,,,,,,,,,,,,,,,,,,,,,2026-04-22,bournemouth,leeds
Burnley,Man City,2026-04-22 20:00:00,2026,4,2,,,,,,,,,,,,,,,,,,,,,,,,,,,,,,,,,,,,,,,,,,,,,,,,,,,,,,,,,,,,,,,,,,,,,,,,,,,,,,,,,,,,,,,,,,,,,,,,,,,,,,,,,,,,,,,,,,,,,,,,,,,,,,,,,,,,,,,,,,,1.0486486486486486,1.6314655172413792,1.4,2.0,3.0,1.2,1.2,8.0,,,,,,,,,,,,,,,,,,,,,,,,,,,,,,,,,,,,,,,,,,,,,,,,,,,,,,,,,,,,,,,,,,,,,,,,,,,,,,,,,,,,,,,,,,,,,2026-04-22 20:00:00,,,,,,,,,,,,,,,,,,,,,,,,,,,,,,,2026-04-22,burnley,man city
Sunderland,Nott'm Forest,2026-04-24 20:00:00,2026,4,4,,,,,,,,,,,,,,,,,,,,,,,,,,,,,,,,,,,,,,,,,,,,,,,,,,,,,,,,,,,,,,,,,,,,,,,,,,,,,,,,,,,,,,,,,,,,,,,,,,,,,,,,,,,,,,,,,,,,,,,,,,,,,,,,,,,,,,,,,,,1.1035714285714286,1.1527777777777777,1.2,1.2,6.0,1.8,1.4,7.0,,,,,,,,,,,,,,,,,,,,,,,,,,,,,,,,,,,,,,,,,,,,,,,,,,,,,,,,,,,,,,,,,,,,,,,,,,,,,,,,,,,,,,,,,,,,,2026-04-24 20:00:00,,,,,,,,,,,,,,,,,,,,,,,,,,,,,,,2026-04-24,sunderland,nott'm forest
Fulham,Aston Villa,2026-04-25 12:30:00,2026,4,5,,,,,,,,,,,,,,,,,,,,,,,,,,,,,,2.71,3.64,2.46,,,,,,,,,,,,,,,,,,,,,,,,,,,,,,,,,,,,,,,,,,,,,,,,,,2.71,3.64,2.46,,,,,,,,,,,,,,,,,2.6,3.5,2.45,,,,,,,,,,,,,,,,,,,,,,,,,,,,,,,,,,,,1.369318181818182,1.1502347417840375,1.6,1.2,9.0,0.8,1.2,5.0,,,,,,,,,,,,,,,,,,,,,,,,,,,,,,,,,,,,,,,,,,,,,,,,,,,,,,,,,,,,,,,,,,,,,,,,,,,,,,,,,,,,,,,,,,,,,2026-04-25 12:30:00,,,,,,,,,,,,,,,,,,,,,,,,,,,,,,,2026-04-25,fulham,aston villa
Liverpool,Crystal Palace,2026-04-25 15:00:00,2026,4,5,,,,,,,,,,,,,,,,,,,,,,,,,,,,,,1.47,4.72,6.02,,,,,,,,,,,,,,,,,,,,,,,,,,,,,,,,,,,,,,,,,,,,,,,,,,1.47,4.72,6.02,,,,,,,,,,,,,,,,,1.5,4.4,5.5,,,,,,,,,,,,,,,,,,,,,,,,,,,,,,,,,,,,2.074688796680498,1.1467181467181466,2.4,1.4,8.0,1.4,1.2,7.0,,,,,,,,,,,,,,,,,,,,,,,,,,,,,,,,,,,,,,,,,,,,,,,,,,,,,,,,,,,,,,,,,,,,,,,,,,,,,,,,,,,,,,,,,,,,,2026-04-25 15:00:00,,,,,,,,,,,,,,,,,,,,,,,,,,,,,,,2026-04-25,liverpool,crystal palace
West Ham,Everton,2026-04-25 15:00:00,2026,4,5,,,,,,,,,,,,,,,,,,,,,,,,,,,,,,,,,,,,,,,,,,,,,,,,,,,,,,,,,,,,,,,,,,,,,,,,,,,,,,,,,,,,,,,,,,,,,,,,,,,,,,,,,,,,,,,,,,,,,,,,,,,,,,,,,,,,,,,,,,,1.4292343387470998,1.0518672199170125,1.2,1.0,6.0,1.4,1.2,10.0,,,,,,,,,,,,,,,,,,,,,,,,,,,,,,,,,,,,,,,,,,,,,,,,,,,,,,,,,,,,,,,,,,,,,,,,,,,,,,,,,,,,,,,,,,,,,2026-04-25 15:00:00,,,,,,,,,,,,,,,,,,,,,,,,,,,,,,,2026-04-25,west ham,everton
Wolves,Tottenham,2026-04-25 15:00:00,2026,4,5,,,,,,,,,,,,,,,,,,,,,,,,,,,,,,,,,,,,,,,,,,,,,,,,,,,,,,,,,,,,,,,,,,,,,,,,,,,,,,,,,,,,,,,,,,,,,,,,,,,,,,,,,,,,,,,,,,,,,,,,,,,,,,,,,,,,,,,,,,,1.2126696832579185,1.4070247933884297,1.4,1.6,7.0,1.2,2.0,2.0,,,,,,,,,,,,,,,,,,,,,,,,,,,,,,,,,,,,,,,,,,,,,,,,,,,,,,,,,,,,,,,,,,,,,,,,,,,,,,,,,,,,,,,,,,,,,2026-04-25 15:00:00,,,,,,,,,,,,,,,,,,,,,,,,,,,,,,,2026-04-25,wolves,tottenham
Arsenal,Newcastle,2026-04-25 17:30:00,2026,4,5,,,,,,,,,,,,,,,,,,,,,,,,,,,,,,,,,,,,,,,,,,,,,,,,,,,,,,,,,,,,,,,,,,,,,,,,,,,,,,,,,,,,,,,,,,,,,,,,,,,,,,,,,,,,,,,,,,,,,,,,,,,,,,,,,,,,,,,,,,,2.1434511434511436,1.1101123595505618,1.8,0.8,10.0,1.0,1.4,7.0,,,,,,,,,,,,,,,,,,,,,,,,,,,,,,,,,,,,,,,,,,,,,,,,,,,,,,,,,,,,,,,,,,,,,,,,,,,,,,,,,,,,,,,,,,,,,2026-04-25 17:30:00,,,,,,,,,,,,,,,,,,,,,,,,,,,,,,,2026-04-25,arsenal,newcastle
Man United,Brentford,2026-04-27 20:00:00,2026,4,0,,,,,,,,,,,,,,,,,,,,,,,,,,,,,,,,,,,,,,,,,,,,,,,,,,,,,,,,,,,,,,,,,,,,,,,,,,,,,,,,,,,,,,,,,,,,,,,,,,,,,,,,,,,,,,,,,,,,,,,,,,,,,,,,,,,,,,,,,,,2.0352697095435683,1.3406593406593406,2.4,0.8,15.0,1.6,1.0,11.0,,,,,,,,,,,,,,,,,,,,,,,,,,,,,,,,,,,,,,,,,,,,,,,,,,,,,,,,,,,,,,,,,,,,,,,,,,,,,,,,,,,,,,,,,,,,,2026-04-27 20:00:00,,,,,,,,,,,,,,,,,,,,,,,,,,,,,,,2026-04-27,man united,brentford
Leeds,Burnley,2026-05-01 20:00:00,2026,5,4,,,,,,,,,,,,,,,,,,,,,,,,,,,,,,,,,,,,,,,,,,,,,,,,,,,,,,,,,,,,,,,,,,,,,,,,,,,,,,,,,,,,,,,,,,,,,,,,,,,,,,,,,,,,,,,,,,,,,,,,,,,,,,,,,,,,,,,,,,,1.4109589041095891,0.9623655913978496,0.6,1.4,4.0,1.0,2.2,4.0,,,,,,,,,,,,,,,,,,,,,,,,,,,,,,,,,,,,,,,,,,,,,,,,,,,,,,,,,,,,,,,,,,,,,,,,,,,,,,,,,,,,,,,,,,,,,2026-05-01 20:00:00,,,,,,,,,,,,,,,,,,,,,,,,,,,,,,,2026-05-01,leeds,burnley
Aston Villa,Tottenham,2026-05-02 12:30:00,2026,5,5,,,,,,,,,,,,,,,,,,,,,,,,,,,,,,,,,,,,,,,,,,,,,,,,,,,,,,,,,,,,,,,,,,,,,,,,,,,,,,,,,,,,,,,,,,,,,,,,,,,,,,,,,,,,,,,,,,,,,,,,,,,,,,,,,,,,,,,,,,,1.3723653395784543,1.4070247933884297,1.0,1.2,7.0,1.2,2.0,2.0,,,,,,,,,,,,,,,,,,,,,,,,,,,,,,,,,,,,,,,,,,,,,,,,,,,,,,,,,,,,,,,,,,,,,,,,,,,,,,,,,,,,,,,,,,,,,2026-05-02 12:30:00,,,,,,,,,,,,,,,,,,,,,,,,,,,,,,,2026-05-02,aston villa,tottenham
Bournemouth,Crystal Palace,2026-05-02 15:00:00,2026,5,5,,,,,,,,,,,,,,,,,,,,,,,,,,,,,,,,,,,,,,,,,,,,,,,,,,,,,,,,,,,,,,,,,,,,,,,,,,,,,,,,,,,,,,,,,,,,,,,,,,,,,,,,,,,,,,,,,,,,,,,,,,,,,,,,,,,,,,,,,,,1.3712574850299402,1.1467181467181466,1.4,1.2,7.0,1.4,1.2,7.0,,,,,,,,,,,,,,,,,,,,,,,,,,,,,,,,,,,,,,,,,,,,,,,,,,,,,,,,,,,,,,,,,,,,,,,,,,,,,,,,,,,,,,,,,,,,,2026-05-02 15:00:00,,,,,,,,,,,,,,,,,,,,,,,,,,,,,,,2026-05-02,bournemouth,crystal palace
Brentford,West Ham,2026-05-02 15:00:00,2026,5,5,,,,,,,,,,,,,,,,,,,,,,,,,,,,,,,,,,,,,,,,,,,,,,,,,,,,,,,,,,,,,,,,,,,,,,,,,,,,,,,,,,,,,,,,,,,,,,,,,,,,,,,,,,,,,,,,,,,,,,,,,,,,,,,,,,,,,,,,,,,1.6666666666666667,1.0928074245939676,1.2,1.4,5.0,1.4,2.0,6.0,,,,,,,,,,,,,,,,,,,,,,,,,,,,,,,,,,,,,,,,,,,,,,,,,,,,,,,,,,,,,,,,,,,,,,,,,,,,,,,,,,,,,,,,,,,,,2026-05-02 15:00:00,,,,,,,,,,,,,,,,,,,,,,,,,,,,,,,2026-05-02,brentford,west ham
Newcastle,Brighton,2026-05-02 15:00:00,2026,5,5,,,,,,,,,,,,,,,,,,,,,,,,,,,,,,,,,,,,,,,,,,,,,,,,,,,,,,,,,,,,,,,,,,,,,,,,,,,,,,,,,,,,,,,,,,,,,,,,,,,,,,,,,,,,,,,,,,,,,,,,,,,,,,,,,,,,,,,,,,,1.5672645739910314,1.1987951807228916,1.4,2.2,3.0,1.0,0.8,7.0,,,,,,,,,,,,,,,,,,,,,,,,,,,,,,,,,,,,,,,,,,,,,,,,,,,,,,,,,,,,,,,,,,,,,,,,,,,,,,,,,,,,,,,,,,,,,2026-05-02 15:00:00,,,,,,,,,,,,,,,,,,,,,,,,,,,,,,,2026-05-02,newcastle,brighton
Wolves,Sunderland,2026-05-02 15:00:00,2026,5,5,,,,,,,,,,,,,,,,,,,,,,,,,,,,,,,,,,,,,,,,,,,,,,,,,,,,,,,,,,,,,,,,,,,,,,,,,,,,,,,,,,,,,,,,,,,,,,,,,,,,,,,,,,,,,,,,,,,,,,,,,,,,,,,,,,,,,,,,,,,1.2126696832579185,0.8571428571428571,1.4,1.6,7.0,1.0,1.6,7.0,,,,,,,,,,,,,,,,,,,,,,,,,,,,,,,,,,,,,,,,,,,,,,,,,,,,,,,,,,,,,,,,,,,,,,,,,,,,,,,,,,,,,,,,,,,,,2026-05-02 15:00:00,,,,,,,,,,,,,,,,,,,,,,,,,,,,,,,2026-05-02,wolves,sunderland
Arsenal,Fulham,2026-05-02 17:30:00,2026,5,5,,,,,,,,,,,,,,,,,,,,,,,,,,,,,,,,,,,,,,,,,,,,,,,,,,,,,,,,,,,,,,,,,,,,,,,,,,,,,,,,,,,,,,,,,,,,,,,,,,,,,,,,,,,,,,,,,,,,,,,,,,,,,,,,,,,,,,,,,,,2.1434511434511436,0.9457142857142856,1.8,0.8,10.0,1.0,1.6,4.0,,,,,,,,,,,,,,,,,,,,,,,,,,,,,,,,,,,,,,,,,,,,,,,,,,,,,,,,,,,,,,,,,,,,,,,,,,,,,,,,,,,,,,,,,,,,,2026-05-02 17:30:00,,,,,,,,,,,,,,,,,,,,,,,,,,,,,,,2026-05-02,arsenal,fulham
Man United,Liverpool,2026-05-03 15:30:00,2026,5,6,,,,,,,,,,,,,,,,,,,,,,,,,,,,,,,,,,,,,,,,,,,,,,,,,,,,,,,,,,,,,,,,,,,,,,,,,,,,,,,,,,,,,,,,,,,,,,,,,,,,,,,,,,,,,,,,,,,,,,,,,,,,,,,,,,,,,,,,,,,2.0352697095435683,1.6440329218106997,2.4,0.8,15.0,1.2,1.4,6.0,,,,,,,,,,,,,,,,,,,,,,,,,,,,,,,,,,,,,,,,,,,,,,,,,,,,,,,,,,,,,,,,,,,,,,,,,,,,,,,,,,,,,,,,,,,,,2026-05-03 15:30:00,,,,,,,,,,,,,,,,,,,,,,,,,,,,,,,2026-05-03,man united,liverpool
Chelsea,Nott'm Forest,2026-05-04 15:00:00,2026,5,0,,,,,,,,,,,,,,,,,,,,,,,,,,,,,,,,,,,,,,,,,,,,,,,,,,,,,,,,,,,,,,,,,,,,,,,,,,,,,,,,,,,,,,,,,,,,,,,,,,,,,,,,,,,,,,,,,,,,,,,,,,,,,,,,,,,,,,,,,,,2.033126293995859,1.1527777777777777,1.6,1.2,8.0,1.8,1.4,7.0,,,,,,,,,,,,,,,,,,,,,,,,,,,,,,,,,,,,,,,,,,,,,,,,,,,,,,,,,,,,,,,,,,,,,,,,,,,,,,,,,,,,,,,,,,,,,2026-05-04 15:00:00,,,,,,,,,,,,,,,,,,,,,,,,,,,,,,,2026-05-04,chelsea,nott'm forest
Everton,Man City,2026-05-04 20:00:00,2026,5,0,,,,,,,,,,,,,,,,,,,,,,,,,,,,,,,,,,,,,,,,,,,,,,,,,,,,,,,,,,,,,,,,,,,,,,,,,,,,,,,,,,,,,,,,,,,,,,,,,,,,,,,,,,,,,,,,,,,,,,,,,,,,,,,,,,,,,,,,,,,1.5051546391752575,1.6314655172413792,1.4,0.8,7.0,1.2,1.2,8.0,,,,,,,,,,,,,,,,,,,,,,,,,,,,,,,,,,,,,,,,,,,,,,,,,,,,,,,,,,,,,,,,,,,,,,,,,,,,,,,,,,,,,,,,,,,,,2026-05-04 20:00:00,,,,,,,,,,,,,,,,,,,,,,,,,,,,,,,2026-05-04,everton,man city
Liverpool,Chelsea,2026-05-09 12:30:00,2026,5,5,,,,,,,,,,,,,,,,,,,,,,,,,,,,,,,,,,,,,,,,,,,,,,,,,,,,,,,,,,,,,,,,,,,,,,,,,,,,,,,,,,,,,,,,,,,,,,,,,,,,,,,,,,,,,,,,,,,,,,,,,,,,,,,,,,,,,,,,,,,2.074688796680498,1.5838509316770186,2.4,1.4,8.0,2.2,1.6,9.0,,,,,,,,,,,,,,,,,,,,,,,,,,,,,,,,,,,,,,,,,,,,,,,,,,,,,,,,,,,,,,,,,,,,,,,,,,,,,,,,,,,,,,,,,,,,,2026-05-09 12:30:00,,,,,,,,,,,,,,,,,,,,,,,,,,,,,,,2026-05-09,liverpool,chelsea
Brighton,Wolves,2026-05-09 15:00:00,2026,5,5,,,,,,,,,,,,,,,,,,,,,,,,,,,,,,,,,,,,,,,,,,,,,,,,,,,,,,,,,,,,,,,,,,,,,,,,,,,,,,,,,,,,,,,,,,,,,,,,,,,,,,,,,,,,,,,,,,,,,,,,,,,,,,,,,,,,,,,,,,,1.3313253012048192,0.9592760180995475,1.0,1.0,7.0,0.6,1.2,3.0,,,,,,,,,,,,,,,,,,,,,,,,,,,,,,,,,,,,,,,,,,,,,,,,,,,,,,,,,,,,,,,,,,,,,,,,,,,,,,,,,,,,,,,,,,,,,2026-05-09 15:00:00,,,,,,,,,,,,,,,,,,,,,,,,,,,,,,,2026-05-09,brighton,wolves
Burnley,Aston Villa,2026-05-09 15:00:00,2026,5,5,,,,,,,,,,,,,,,,,,,,,,,,,,,,,,,,,,,,,,,,,,,,,,,,,,,,,,,,,,,,,,,,,,,,,,,,,,,,,,,,,,,,,,,,,,,,,,,,,,,,,,,,,,,,,,,,,,,,,,,,,,,,,,,,,,,,,,,,,,,1.0486486486486486,1.1502347417840375,1.4,2.0,3.0,0.8,1.2,5.0,,,,,,,,,,,,,,,,,,,,,,,,,,,,,,,,,,,,,,,,,,,,,,,,,,,,,,,,,,,,,,,,,,,,,,,,,,,,,,,,,,,,,,,,,,,,,2026-05-09 15:00:00,,,,,,,,,,,,,,,,,,,,,,,,,,,,,,,2026-05-09,burnley,aston villa
Crystal Palace,Everton,2026-05-09 15:00:00,2026,5,5,,,,,,,,,,,,,,,,,,,,,,,,,,,,,,,,,,,,,,,,,,,,,,,,,,,,,,,,,,,,,,,,,,,,,,,,,,,,,,,,,,,,,,,,,,,,,,,,,,,,,,,,,,,,,,,,,,,,,,,,,,,,,,,,,,,,,,,,,,,1.1867704280155642,1.0518672199170125,0.8,1.2,5.0,1.4,1.2,10.0,,,,,,,,,,,,,,,,,,,,,,,,,,,,,,,,,,,,,,,,,,,,,,,,,,,,,,,,,,,,,,,,,,,,,,,,,,,,,,,,,,,,,,,,,,,,,2026-05-09 15:00:00,,,,,,,,,,,,,,,,,,,,,,,,,,,,,,,2026-05-09,crystal palace,everton
Fulham,Bournemouth,2026-05-09 15:00:00,2026,5,5,,,,,,,,,,,,,,,,,,,,,,,,,,,,,,,,,,,,,,,,,,,,,,,,,,,,,,,,,,,,,,,,,,,,,,,,,,,,,,,,,,,,,,,,,,,,,,,,,,,,,,,,,,,,,,,,,,,,,,,,,,,,,,,,,,,,,,,,,,,1.369318181818182,1.2469879518072289,1.6,1.2,9.0,1.0,0.4,9.0,,,,,,,,,,,,,,,,,,,,,,,,,,,,,,,,,,,,,,,,,,,,,,,,,,,,,,,,,,,,,,,,,,,,,,,,,,,,,,,,,,,,,,,,,,,,,2026-05-09 15:00:00,,,,,,,,,,,,,,,,,,,,,,,,,,,,,,,2026-05-09,fulham,bournemouth
Sunderland,Man United,2026-05-09 15:00:00,2026,5,5,,,,,,,,,,,,,,,,,,,,,,,,,,,,,,,,,,,,,,,,,,,,,,,,,,,,,,,,,,,,,,,,,,,,,,,,,,,,,,,,,,,,,,,,,,,,,,,,,,,,,,,,,,,,,,,,,,,,,,,,,,,,,,,,,,,,,,,,,,,1.1035714285714286,1.5942028985507246,1.2,1.2,6.0,1.6,1.4,8.0,,,,,,,,,,,,,,,,,,,,,,,,,,,,,,,,,,,,,,,,,,,,,,,,,,,,,,,,,,,,,,,,,,,,,,,,,,,,,,,,,,,,,,,,,,,,,2026-05-09 15:00:00,,,,,,,,,,,,,,,,,,,,,,,,,,,,,,,2026-05-09,sunderland,man united
Man City,Brentford,2026-05-09 17:30:00,2026,5,5,,,,,,,,,,,,,,,,,,,,,,,,,,,,,,,,,,,,,,,,,,,,,,,,,,,,,,,,,,,,,,,,,,,,,,,,,,,,,,,,,,,,,,,,,,,,,,,,,,,,,,,,,,,,,,,,,,,,,,,,,,,,,,,,,,,,,,,,,,,2.1900647948164145,1.3406593406593406,2.0,0.8,11.0,1.6,1.0,11.0,,,,,,,,,,,,,,,,,,,,,,,,,,,,,,,,,,,,,,,,,,,,,,,,,,,,,,,,,,,,,,,,,,,,,,,,,,,,,,,,,,,,,,,,,,,,,2026-05-09 17:30:00,,,,,,,,,,,,,,,,,,,,,,,,,,,,,,,2026-05-09,man city,brentford
Nott'm Forest,Newcastle,2026-05-10 14:00:00,2026,5,6,,,,,,,,,,,,,,,,,,,,,,,,,,,,,,,,,,,,,,,,,,,,,,,,,,,,,,,,,,,,,,,,,,,,,,,,,,,,,,,,,,,,,,,,,,,,,,,,,,,,,,,,,,,,,,,,,,,,,,,,,,,,,,,,,,,,,,,,,,,1.295774647887324,1.1101123595505618,0.2,0.4,4.0,1.0,1.4,7.0,,,,,,,,,,,,,,,,,,,,,,,,,,,,,,,,,,,,,,,,,,,,,,,,,,,,,,,,,,,,,,,,,,,,,,,,,,,,,,,,,,,,,,,,,,,,,2026-05-10 14:00:00,,,,,,,,,,,,,,,,,,,,,,,,,,,,,,,2026-05-10,nott'm forest,newcastle
West Ham,Arsenal,2026-05-10 16:30:00,2026,5,6,,,,,,,,,,,,,,,,,,,,,,,,,,,,,,,,,,,,,,,,,,,,,,,,,,,,,,,,,,,,,,,,,,,,,,,,,,,,,,,,,,,,,,,,,,,,,,,,,,,,,,,,,,,,,,,,,,,,,,,,,,,,,,,,,,,,,,,,,,,1.4292343387470998,1.6556701030927834,1.2,1.0,6.0,2.4,0.8,11.0,,,,,,,,,,,,,,,,,,,,,,,,,,,,,,,,,,,,,,,,,,,,,,,,,,,,,,,,,,,,,,,,,,,,,,,,,,,,,,,,,,,,,,,,,,,,,2026-05-10 16:30:00,,,,,,,,,,,,,,,,,,,,,,,,,,,,,,,2026-05-10,west ham,arsenal
Tottenham,Leeds,2026-05-11 20:00:00,2026,5,0,,,,,,,,,,,,,,,,,,,,,,,,,,,,,,,,,,,,,,,,,,,,,,,,,,,,,,,,,,,,,,,,,,,,,,,,,,,,,,,,,,,,,,,,,,,,,,,,,,,,,,,,,,,,,,,,,,,,,,,,,,,,,,,,,,,,,,,,,,,1.8041237113402064,1.2937062937062938,1.0,2.8,1.0,1.4,1.6,4.0,,,,,,,,,,,,,,,,,,,,,,,,,,,,,,,,,,,,,,,,,,,,,,,,,,,,,,,,,,,,,,,,,,,,,,,,,,,,,,,,,,,,,,,,,,,,,2026-05-11 20:00:00,,,,,,,,,,,,,,,,,,,,,,,,,,,,,,,2026-05-11,tottenham,leeds
Arsenal,Burnley,2026-05-17 15:00:00,2026,5,6,,,,,,,,,,,,,,,,,,,,,,,,,,,,,,,,,,,,,,,,,,,,,,,,,,,,,,,,,,,,,,,,,,,,,,,,,,,,,,,,,,,,,,,,,,,,,,,,,,,,,,,,,,,,,,,,,,,,,,,,,,,,,,,,,,,,,,,,,,,2.1434511434511436,0.9623655913978496,1.8,0.8,10.0,1.0,2.2,4.0,,,,,,,,,,,,,,,,,,,,,,,,,,,,,,,,,,,,,,,,,,,,,,,,,,,,,,,,,,,,,,,,,,,,,,,,,,,,,,,,,,,,,,,,,,,,,2026-05-17 15:00:00,,,,,,,,,,,,,,,,,,,,,,,,,,,,,,,2026-05-17,arsenal,burnley
Aston Villa,Liverpool,2026-05-17 15:00:00,2026,5,6,,,,,,,,,,,,,,,,,,,,,,,,,,,,,,,,,,,,,,,,,,,,,,,,,,,,,,,,,,,,,,,,,,,,,,,,,,,,,,,,,,,,,,,,,,,,,,,,,,,,,,,,,,,,,,,,,,,,,,,,,,,,,,,,,,,,,,,,,,,1.3723653395784543,1.6440329218106997,1.0,1.2,7.0,1.2,1.4,6.0,,,,,,,,,,,,,,,,,,,,,,,,,,,,,,,,,,,,,,,,,,,,,,,,,,,,,,,,,,,,,,,,,,,,,,,,,,,,,,,,,,,,,,,,,,,,,2026-05-17 15:00:00,,,,,,,,,,,,,,,,,,,,,,,,,,,,,,,2026-05-17,aston villa,liverpool
Bournemouth,Man City,2026-05-17 15:00:00,2026,5,6,,,,,,,,,,,,,,,,,,,,,,,,,,,,,,,,,,,,,,,,,,,,,,,,,,,,,,,,,,,,,,,,,,,,,,,,,,,,,,,,,,,,,,,,,,,,,,,,,,,,,,,,,,,,,,,,,,,,,,,,,,,,,,,,,,,,,,,,,,,1.3712574850299402,1.6314655172413792,1.4,1.2,7.0,1.2,1.2,8.0,,,,,,,,,,,,,,,,,,,,,,,,,,,,,,,,,,,,,,,,,,,,,,,,,,,,,,,,,,,,,,,,,,,,,,,,,,,,,,,,,,,,,,,,,,,,,2026-05-17 15:00:00,,,,,,,,,,,,,,,,,,,,,,,,,,,,,,,2026-05-17,bournemouth,man city
Brentford,Crystal Palace,2026-05-17 15:00:00,2026,5,6,,,,,,,,,,,,,,,,,,,,,,,,,,,,,,,,,,,,,,,,,,,,,,,,,,,,,,,,,,,,,,,,,,,,,,,,,,,,,,,,,,,,,,,,,,,,,,,,,,,,,,,,,,,,,,,,,,,,,,,,,,,,,,,,,,,,,,,,,,,1.6666666666666667,1.1467181467181466,1.2,1.4,5.0,1.4,1.2,7.0,,,,,,,,,,,,,,,,,,,,,,,,,,,,,,,,,,,,,,,,,,,,,,,,,,,,,,,,,,,,,,,,,,,,,,,,,,,,,,,,,,,,,,,,,,,,,2026-05-17 15:00:00,,,,,,,,,,,,,,,,,,,,,,,,,,,,,,,2026-05-17,brentford,crystal palace
Chelsea,Tottenham,2026-05-17 15:00:00,2026,5,6,,,,,,,,,,,,,,,,,,,,,,,,,,,,,,,,,,,,,,,,,,,,,,,,,,,,,,,,,,,,,,,,,,,,,,,,,,,,,,,,,,,,,,,,,,,,,,,,,,,,,,,,,,,,,,,,,,,,,,,,,,,,,,,,,,,,,,,,,,,2.033126293995859,1.4070247933884297,1.6,1.2,8.0,1.2,2.0,2.0,,,,,,,,,,,,,,,,,,,,,,,,,,,,,,,,,,,,,,,,,,,,,,,,,,,,,,,,,,,,,,,,,,,,,,,,,,,,,,,,,,,,,,,,,,,,,2026-05-17 15:00:00,,,,,,,,,,,,,,,,,,,,,,,,,,,,,,,2026-05-17,chelsea,tottenham
Everton,Sunderland,2026-05-17 15:00:00,2026,5,6,,,,,,,,,,,,,,,,,,,,,,,,,,,,,,,,,,,,,,,,,,,,,,,,,,,,,,,,,,,,,,,,,,,,,,,,,,,,,,,,,,,,,,,,,,,,,,,,,,,,,,,,,,,,,,,,,,,,,,,,,,,,,,,,,,,,,,,,,,,1.5051546391752575,0.8571428571428571,1.4,0.8,7.0,1.0,1.6,7.0,,,,,,,,,,,,,,,,,,,,,,,,,,,,,,,,,,,,,,,,,,,,,,,,,,,,,,,,,,,,,,,,,,,,,,,,,,,,,,,,,,,,,,,,,,,,,2026-05-17 15:00:00,,,,,,,,,,,,,,,,,,,,,,,,,,,,,,,2026-05-17,everton,sunderland
Leeds,Brighton,2026-05-17 15:00:00,2026,5,6,,,,,,,,,,,,,,,,,,,,,,,,,,,,,,,,,,,,,,,,,,,,,,,,,,,,,,,,,,,,,,,,,,,,,,,,,,,,,,,,,,,,,,,,,,,,,,,,,,,,,,,,,,,,,,,,,,,,,,,,,,,,,,,,,,,,,,,,,,,1.4109589041095891,1.1987951807228916,0.6,1.4,4.0,1.0,0.8,7.0,,,,,,,,,,,,,,,,,,,,,,,,,,,,,,,,,,,,,,,,,,,,,,,,,,,,,,,,,,,,,,,,,,,,,,,,,,,,,,,,,,,,,,,,,,,,,2026-05-17 15:00:00,,,,,,,,,,,,,,,,,,,,,,,,,,,,,,,2026-05-17,leeds,brighton
Man United,Nott'm Forest,2026-05-17 15:00:00,2026,5,6,,,,,,,,,,,,,,,,,,,,,,,,,,,,,,,,,,,,,,,,,,,,,,,,,,,,,,,,,,,,,,,,,,,,,,,,,,,,,,,,,,,,,,,,,,,,,,,,,,,,,,,,,,,,,,,,,,,,,,,,,,,,,,,,,,,,,,,,,,,2.0352697095435683,1.1527777777777777,2.4,0.8,15.0,1.8,1.4,7.0,,,,,,,,,,,,,,,,,,,,,,,,,,,,,,,,,,,,,,,,,,,,,,,,,,,,,,,,,,,,,,,,,,,,,,,,,,,,,,,,,,,,,,,,,,,,,2026-05-17 15:00:00,,,,,,,,,,,,,,,,,,,,,,,,,,,,,,,2026-05-17,man united,nott'm forest
Newcastle,West Ham,2026-05-17 15:00:00,2026,5,6,,,,,,,,,,,,,,,,,,,,,,,,,,,,,,,,,,,,,,,,,,,,,,,,,,,,,,,,,,,,,,,,,,,,,,,,,,,,,,,,,,,,,,,,,,,,,,,,,,,,,,,,,,,,,,,,,,,,,,,,,,,,,,,,,,,,,,,,,,,1.5672645739910314,1.0928074245939676,1.4,2.2,3.0,1.4,2.0,6.0,,,,,,,,,,,,,,,,,,,,,,,,,,,,,,,,,,,,,,,,,,,,,,,,,,,,,,,,,,,,,,,,,,,,,,,,,,,,,,,,,,,,,,,,,,,,,2026-05-17 15:00:00,,,,,,,,,,,,,,,,,,,,,,,,,,,,,,,2026-05-17,newcastle,west ham
Wolves,Fulham,2026-05-17 15:00:00,2026,5,6,,,,,,,,,,,,,,,,,,,,,,,,,,,,,,,,,,,,,,,,,,,,,,,,,,,,,,,,,,,,,,,,,,,,,,,,,,,,,,,,,,,,,,,,,,,,,,,,,,,,,,,,,,,,,,,,,,,,,,,,,,,,,,,,,,,,,,,,,,,1.2126696832579185,0.9457142857142856,1.4,1.6,7.0,1.0,1.6,4.0,,,,,,,,,,,,,,,,,,,,,,,,,,,,,,,,,,,,,,,,,,,,,,,,,,,,,,,,,,,,,,,,,,,,,,,,,,,,,,,,,,,,,,,,,,,,,2026-05-17 15:00:00,,,,,,,,,,,,,,,,,,,,,,,,,,,,,,,2026-05-17,wolves,fulham
Man City,Crystal Palace,2026-05-22 15:00:00,2026,5,4,,,,,,,,,,,,,,,,,,,,,,,,,,,,,,,,,,,,,,,,,,,,,,,,,,,,,,,,,,,,,,,,,,,,,,,,,,,,,,,,,,,,,,,,,,,,,,,,,,,,,,,,,,,,,,,,,,,,,,,,,,,,,,,,,,,,,,,,,,,2.1900647948164145,1.1467181467181466,2.0,0.8,11.0,1.4,1.2,7.0,,,,,,,,,,,,,,,,,,,,,,,,,,,,,,,,,,,,,,,,,,,,,,,,,,,,,,,,,,,,,,,,,,,,,,,,,,,,,,,,,,,,,,,,,,,,,2026-05-22 15:00:00,,,,,,,,,,,,,,,,,,,,,,,,,,,,,,,2026-05-22,man city,crystal palace
Brighton,Man United,2026-05-24 16:00:00,2026,5,6,,,,,,,,,,,,,,,,,,,,,,,,,,,,,,,,,,,,,,,,,,,,,,,,,,,,,,,,,,,,,,,,,,,,,,,,,,,,,,,,,,,,,,,,,,,,,,,,,,,,,,,,,,,,,,,,,,,,,,,,,,,,,,,,,,,,,,,,,,,1.3313253012048192,1.5942028985507246,1.0,1.0,7.0,1.6,1.4,8.0,,,,,,,,,,,,,,,,,,,,,,,,,,,,,,,,,,,,,,,,,,,,,,,,,,,,,,,,,,,,,,,,,,,,,,,,,,,,,,,,,,,,,,,,,,,,,2026-05-24 16:00:00,,,,,,,,,,,,,,,,,,,,,,,,,,,,,,,2026-05-24,brighton,man united
Burnley,Wolves,2026-05-24 16:00:00,2026,5,6,,,,,,,,,,,,,,,,,,,,,,,,,,,,,,,,,,,,,,,,,,,,,,,,,,,,,,,,,,,,,,,,,,,,,,,,,,,,,,,,,,,,,,,,,,,,,,,,,,,,,,,,,,,,,,,,,,,,,,,,,,,,,,,,,,,,,,,,,,,1.0486486486486486,0.9592760180995475,1.4,2.0,3.0,0.6,1.2,3.0,,,,,,,,,,,,,,,,,,,,,,,,,,,,,,,,,,,,,,,,,,,,,,,,,,,,,,,,,,,,,,,,,,,,,,,,,,,,,,,,,,,,,,,,,,,,,2026-05-24 16:00:00,,,,,,,,,,,,,,,,,,,,,,,,,,,,,,,2026-05-24,burnley,wolves
Crystal Palace,Arsenal,2026-05-24 16:00:00,2026,5,6,,,,,,,,,,,,,,,,,,,,,,,,,,,,,,,,,,,,,,,,,,,,,,,,,,,,,,,,,,,,,,,,,,,,,,,,,,,,,,,,,,,,,,,,,,,,,,,,,,,,,,,,,,,,,,,,,,,,,,,,,,,,,,,,,,,,,,,,,,,1.1867704280155642,1.6556701030927834,0.8,1.2,5.0,2.4,0.8,11.0,,,,,,,,,,,,,,,,,,,,,,,,,,,,,,,,,,,,,,,,,,,,,,,,,,,,,,,,,,,,,,,,,,,,,,,,,,,,,,,,,,,,,,,,,,,,,2026-05-24 16:00:00,,,,,,,,,,,,,,,,,,,,,,,,,,,,,,,2026-05-24,crystal palace,arsenal
Fulham,Newcastle,2026-05-24 16:00:00,2026,5,6,,,,,,,,,,,,,,,,,,,,,,,,,,,,,,,,,,,,,,,,,,,,,,,,,,,,,,,,,,,,,,,,,,,,,,,,,,,,,,,,,,,,,,,,,,,,,,,,,,,,,,,,,,,,,,,,,,,,,,,,,,,,,,,,,,,,,,,,,,,1.369318181818182,1.1101123595505618,1.6,1.2,9.0,1.0,1.4,7.0,,,,,,,,,,,,,,,,,,,,,,,,,,,,,,,,,,,,,,,,,,,,,,,,,,,,,,,,,,,,,,,,,,,,,,,,,,,,,,,,,,,,,,,,,,,,,2026-05-24 16:00:00,,,,,,,,,,,,,,,,,,,,,,,,,,,,,,,2026-05-24,fulham,newcastle
Liverpool,Brentford,2026-05-24 16:00:00,2026,5,6,,,,,,,,,,,,,,,,,,,,,,,,,,,,,,,,,,,,,,,,,,,,,,,,,,,,,,,,,,,,,,,,,,,,,,,,,,,,,,,,,,,,,,,,,,,,,,,,,,,,,,,,,,,,,,,,,,,,,,,,,,,,,,,,,,,,,,,,,,,2.074688796680498,1.3406593406593406,2.4,1.4,8.0,1.6,1.0,11.0,,,,,,,,,,,,,,,,,,,,,,,,,,,,,,,,,,,,,,,,,,,,,,,,,,,,,,,,,,,,,,,,,,,,,,,,,,,,,,,,,,,,,,,,,,,,,2026-05-24 16:00:00,,,,,,,,,,,,,,,,,,,,,,,,,,,,,,,2026-05-24,liverpool,brentford
Man City,Aston Villa,2026-05-24 16:00:00,2026,5,6,,,,,,,,,,,,,,,,,,,,,,,,,,,,,,,,,,,,,,,,,,,,,,,,,,,,,,,,,,,,,,,,,,,,,,,,,,,,,,,,,,,,,,,,,,,,,,,,,,,,,,,,,,,,,,,,,,,,,,,,,,,,,,,,,,,,,,,,,,,2.1900647948164145,1.1502347417840375,2.0,0.8,11.0,0.8,1.2,5.0,,,,,,,,,,,,,,,,,,,,,,,,,,,,,,,,,,,,,,,,,,,,,,,,,,,,,,,,,,,,,,,,,,,,,,,,,,,,,,,,,,,,,,,,,,,,,2026-05-24 16:00:00,,,,,,,,,,,,,,,,,,,,,,,,,,,,,,,2026-05-24,man city,aston villa
Nott'm Forest,Bournemouth,2026-05-24 16:00:00,2026,5,6,,,,,,,,,,,,,,,,,,,,,,,,,,,,,,,,,,,,,,,,,,,,,,,,,,,,,,,,,,,,,,,,,,,,,,,,,,,,,,,,,,,,,,,,,,,,,,,,,,,,,,,,,,,,,,,,,,,,,,,,,,,,,,,,,,,,,,,,,,,1.295774647887324,1.2469879518072289,0.2,0.4,4.0,1.0,0.4,9.0,,,,,,,,,,,,,,,,,,,,,,,,,,,,,,,,,,,,,,,,,,,,,,,,,,,,,,,,,,,,,,,,,,,,,,,,,,,,,,,,,,,,,,,,,,,,,2026-05-24 16:00:00,,,,,,,,,,,,,,,,,,,,,,,,,,,,,,,2026-05-24,nott'm forest,bournemouth
Sunderland,Chelsea,2026-05-24 16:00:00,2026,5,6,,,,,,,,,,,,,,,,,,,,,,,,,,,,,,,,,,,,,,,,,,,,,,,,,,,,,,,,,,,,,,,,,,,,,,,,,,,,,,,,,,,,,,,,,,,,,,,,,,,,,,,,,,,,,,,,,,,,,,,,,,,,,,,,,,,,,,,,,,,1.1035714285714286,1.5838509316770186,1.2,1.2,6.0,2.2,1.6,9.0,,,,,,,,,,,,,,,,,,,,,,,,,,,,,,,,,,,,,,,,,,,,,,,,,,,,,,,,,,,,,,,,,,,,,,,,,,,,,,,,,,,,,,,,,,,,,2026-05-24 16:00:00,,,,,,,,,,,,,,,,,,,,,,,,,,,,,,,2026-05-24,sunderland,chelsea
Tottenham,Everton,2026-05-24 16:00:00,2026,5,6,,,,,,,,,,,,,,,,,,,,,,,,,,,,,,,,,,,,,,,,,,,,,,,,,,,,,,,,,,,,,,,,,,,,,,,,,,,,,,,,,,,,,,,,,,,,,,,,,,,,,,,,,,,,,,,,,,,,,,,,,,,,,,,,,,,,,,,,,,,1.8041237113402064,1.0518672199170125,1.0,2.8,1.0,1.4,1.2,10.0,,,,,,,,,,,,,,,,,,,,,,,,,,,,,,,,,,,,,,,,,,,,,,,,,,,,,,,,,,,,,,,,,,,,,,,,,,,,,,,,,,,,,,,,,,,,,2026-05-24 16:00:00,,,,,,,,,,,,,,,,,,,,,,,,,,,,,,,2026-05-24,tottenham,everton
West Ham,Leeds,2026-05-24 16:00:00,2026,5,6,,,,,,,,,,,,,,,,,,,,,,,,,,,,,,,,,,,,,,,,,,,,,,,,,,,,,,,,,,,,,,,,,,,,,,,,,,,,,,,,,,,,,,,,,,,,,,,,,,,,,,,,,,,,,,,,,,,,,,,,,,,,,,,,,,,,,,,,,,,1.4292343387470998,1.2937062937062938,1.2,1.0,6.0,1.4,1.6,4.0,,,,,,,,,,,,,,,,,,,,,,,,,,,,,,,,,,,,,,,,,,,,,,,,,,,,,,,,,,,,,,,,,,,,,,,,,,,,,,,,,,,,,,,,,,,,,2026-05-24 16:00:00,,,,,,,,,,,,,,,,,,,,,,,,,,,,,,,2026-05-24,west ham,leeds
